step,K,U,E
0,0.0000003040,-0.4722199230,-0.4722196189
1,0.0000012162,-0.4722208351,-0.4722196189
2,0.0000027364,-0.4722223553,-0.4722196189
3,0.0000048647,-0.4722244836,-0.4722196189
4,0.0000076011,-0.4722272200,-0.4722196189
5,0.0000109457,-0.4722305646,-0.4722196189
6,0.0000148984,-0.4722345174,-0.4722196189
7,0.0000194595,-0.4722390784,-0.4722196189
8,0.0000246287,-0.4722442476,-0.4722196189
9,0.0000304064,-0.4722500253,-0.4722196189
10,0.0000367924,-0.4722564113,-0.4722196189
11,0.0000437868,-0.4722634057,-0.4722196189
12,0.0000513899,-0.4722710087,-0.4722196189
13,0.0000596015,-0.4722792204,-0.4722196189
14,0.0000684218,-0.4722880407,-0.4722196189
15,0.0000778510,-0.4722974698,-0.4722196189
16,0.0000878890,-0.4723075078,-0.4722196189
17,0.0000985360,-0.4723181549,-0.4722196189
18,0.0001097922,-0.4723294110,-0.4722196188
19,0.0001216575,-0.4723412764,-0.4722196188
20,0.0001341323,-0.4723537511,-0.4722196188
21,0.0001472165,-0.4723668353,-0.4722196188
22,0.0001609104,-0.4723805292,-0.4722196188
23,0.0001752140,-0.4723948328,-0.4722196188
24,0.0001901276,-0.4724097464,-0.4722196188
25,0.0002056512,-0.4724252700,-0.4722196188
26,0.0002217851,-0.4724414039,-0.4722196188
27,0.0002385294,-0.4724581482,-0.4722196188
28,0.0002558843,-0.4724755031,-0.4722196188
29,0.0002738500,-0.4724934688,-0.4722196187
30,0.0002924267,-0.4725120454,-0.4722196187
31,0.0003116145,-0.4725312332,-0.4722196187
32,0.0003314137,-0.4725510324,-0.4722196187
33,0.0003518245,-0.4725714431,-0.4722196187
34,0.0003728470,-0.4725924657,-0.4722196187
35,0.0003944816,-0.4726141003,-0.4722196187
36,0.0004167284,-0.4726363471,-0.4722196186
37,0.0004395878,-0.4726592064,-0.4722196186
38,0.0004630598,-0.4726826784,-0.4722196186
39,0.0004871448,-0.4727067634,-0.4722196186
40,0.0005118431,-0.4727314616,-0.4722196186
41,0.0005371548,-0.4727567734,-0.4722196186
42,0.0005630803,-0.4727826988,-0.4722196185
43,0.0005896198,-0.4728092383,-0.4722196185
44,0.0006167737,-0.4728363922,-0.4722196185
45,0.0006445421,-0.4728641606,-0.4722196185
46,0.0006729255,-0.4728925439,-0.4722196185
47,0.0007019240,-0.4729215425,-0.4722196185
48,0.0007315381,-0.4729511565,-0.4722196184
49,0.0007617680,-0.4729813864,-0.4722196184
50,0.0007926140,-0.4730122324,-0.4722196184
51,0.0008240765,-0.4730436949,-0.4722196184
52,0.0008561558,-0.4730757742,-0.4722196184
53,0.0008888523,-0.4731084706,-0.4722196183
54,0.0009221663,-0.4731417846,-0.4722196183
55,0.0009560981,-0.4731757164,-0.4722196183
56,0.0009906481,-0.4732102664,-0.4722196183
57,0.0010258167,-0.4732454350,-0.4722196182
58,0.0010616043,-0.4732812225,-0.4722196182
59,0.0010980112,-0.4733176294,-0.4722196182
60,0.0011350378,-0.4733546560,-0.4722196182
61,0.0011726846,-0.4733923027,-0.4722196181
62,0.0012109519,-0.4734305700,-0.4722196181
63,0.0012498401,-0.4734694582,-0.4722196181
64,0.0012893496,-0.4735089677,-0.4722196181
65,0.0013294810,-0.4735490990,-0.4722196180
66,0.0013702345,-0.4735898525,-0.4722196180
67,0.0014116106,-0.4736312286,-0.4722196180
68,0.0014536098,-0.4736732278,-0.4722196180
69,0.0014962326,-0.4737158505,-0.4722196179
70,0.0015394793,-0.4737590972,-0.4722196179
71,0.0015833505,-0.4738029684,-0.4722196179
72,0.0016278466,-0.4738474644,-0.4722196178
73,0.0016729680,-0.4738925858,-0.4722196178
74,0.0017187154,-0.4739383332,-0.4722196178
75,0.0017650891,-0.4739847068,-0.4722196177
76,0.0018120896,-0.4740317074,-0.4722196177
77,0.0018597176,-0.4740793353,-0.4722196177
78,0.0019079734,-0.4741275910,-0.4722196177
79,0.0019568576,-0.4741764752,-0.4722196176
80,0.0020063707,-0.4742259883,-0.4722196176
81,0.0020565132,-0.4742761308,-0.4722196176
82,0.0021072858,-0.4743269033,-0.4722196175
83,0.0021586889,-0.4743783064,-0.4722196175
84,0.0022107231,-0.4744303405,-0.4722196174
85,0.0022633889,-0.4744830063,-0.4722196174
86,0.0023166869,-0.4745363043,-0.4722196174
87,0.0023706177,-0.4745902351,-0.4722196173
88,0.0024251819,-0.4746447993,-0.4722196173
89,0.0024803801,-0.4746999974,-0.4722196173
90,0.0025362128,-0.4747558300,-0.4722196172
91,0.0025926807,-0.4748122979,-0.4722196172
92,0.0026497843,-0.4748694015,-0.4722196172
93,0.0027075244,-0.4749271415,-0.4722196171
94,0.0027659014,-0.4749855185,-0.4722196171
95,0.0028249161,-0.4750445331,-0.4722196170
96,0.0028845690,-0.4751041860,-0.4722196170
97,0.0029448609,-0.4751644778,-0.4722196170
98,0.0030057924,-0.4752254093,-0.4722196169
99,0.0030673640,-0.4752869809,-0.4722196169
100,0.0031295767,-0.4753491935,-0.4722196168
101,0.0031924308,-0.4754120476,-0.4722196168
102,0.0032559273,-0.4754755440,-0.4722196167
103,0.0033200667,-0.4755396834,-0.4722196167
104,0.0033848497,-0.4756044664,-0.4722196167
105,0.0034502771,-0.4756698937,-0.4722196166
106,0.0035163496,-0.4757359662,-0.4722196166
107,0.0035830679,-0.4758026844,-0.4722196165
108,0.0036504326,-0.4758700491,-0.4722196165
109,0.0037184446,-0.4759380611,-0.4722196164
110,0.0037871046,-0.4760067210,-0.4722196164
111,0.0038564134,-0.4760760297,-0.4722196163
112,0.0039263716,-0.4761459879,-0.4722196163
113,0.0039969801,-0.4762165963,-0.4722196162
114,0.0040682396,-0.4762878558,-0.4722196162
115,0.0041401510,-0.4763597671,-0.4722196161
116,0.0042127149,-0.4764323310,-0.4722196161
117,0.0042859322,-0.4765055482,-0.4722196160
118,0.0043598037,-0.4765794197,-0.4722196160
119,0.0044343303,-0.4766539462,-0.4722196159
120,0.0045095126,-0.4767291285,-0.4722196159
121,0.0045853516,-0.4768049674,-0.4722196158
122,0.0046618480,-0.4768814638,-0.4722196158
123,0.0047390028,-0.4769586186,-0.4722196157
124,0.0048168168,-0.4770364325,-0.4722196157
125,0.0048952908,-0.4771149064,-0.4722196156
126,0.0049744257,-0.4771940412,-0.4722196156
127,0.0050542223,-0.4772738378,-0.4722196155
128,0.0051346816,-0.4773542970,-0.4722196154
129,0.0052158044,-0.4774354198,-0.4722196154
130,0.0052975917,-0.4775172070,-0.4722196153
131,0.0053800442,-0.4775996595,-0.4722196153
132,0.0054631631,-0.4776827783,-0.4722196152
133,0.0055469490,-0.4777665642,-0.4722196152
134,0.0056314031,-0.4778510182,-0.4722196151
135,0.0057165262,-0.4779361413,-0.4722196150
136,0.0058023193,-0.4780219343,-0.4722196150
137,0.0058887833,-0.4781083982,-0.4722196149
138,0.0059759192,-0.4781955340,-0.4722196149
139,0.0060637279,-0.4782833427,-0.4722196148
140,0.0061522105,-0.4783718252,-0.4722196147
141,0.0062413679,-0.4784609826,-0.4722196147
142,0.0063312011,-0.4785508157,-0.4722196146
143,0.0064217111,-0.4786413257,-0.4722196146
144,0.0065128989,-0.4787325134,-0.4722196145
145,0.0066047656,-0.4788243800,-0.4722196144
146,0.0066973121,-0.4789169265,-0.4722196144
147,0.0067905396,-0.4790101539,-0.4722196143
148,0.0068844490,-0.4791040632,-0.4722196142
149,0.0069790414,-0.4791986555,-0.4722196142
150,0.0070743178,-0.4792939319,-0.4722196141
151,0.0071702794,-0.4793898934,-0.4722196140
152,0.0072669271,-0.4794865411,-0.4722196140
153,0.0073642622,-0.4795838761,-0.4722196139
154,0.0074622857,-0.4796818995,-0.4722196138
155,0.0075609986,-0.4797806123,-0.4722196137
156,0.0076604021,-0.4798800158,-0.4722196137
157,0.0077604974,-0.4799801110,-0.4722196136
158,0.0078612855,-0.4800808991,-0.4722196135
159,0.0079627676,-0.4801823811,-0.4722196135
160,0.0080649449,-0.4802845583,-0.4722196134
161,0.0081678184,-0.4803874318,-0.4722196133
162,0.0082713894,-0.4804910027,-0.4722196132
163,0.0083756591,-0.4805952722,-0.4722196132
164,0.0084806285,-0.4807002416,-0.4722196131
165,0.0085862990,-0.4808059120,-0.4722196130
166,0.0086926717,-0.4809122846,-0.4722196129
167,0.0087997478,-0.4810193606,-0.4722196129
168,0.0089075285,-0.4811271413,-0.4722196128
169,0.0090160151,-0.4812356278,-0.4722196127
170,0.0091252088,-0.4813448214,-0.4722196126
171,0.0092351109,-0.4814547234,-0.4722196126
172,0.0093457225,-0.4815653350,-0.4722196125
173,0.0094570451,-0.4816766574,-0.4722196124
174,0.0095690797,-0.4817886920,-0.4722196123
175,0.0096818278,-0.4819014401,-0.4722196122
176,0.0097952907,-0.4820149028,-0.4722196121
177,0.0099094695,-0.4821290816,-0.4722196121
178,0.0100243657,-0.4822439777,-0.4722196120
179,0.0101399806,-0.4823595925,-0.4722196119
180,0.0102563154,-0.4824759273,-0.4722196118
181,0.0103733716,-0.4825929834,-0.4722196117
182,0.0104911505,-0.4827107621,-0.4722196116
183,0.0106096534,-0.4828292650,-0.4722196116
184,0.0107288817,-0.4829484932,-0.4722196115
185,0.0108488368,-0.4830684482,-0.4722196114
186,0.0109695201,-0.4831891314,-0.4722196113
187,0.0110909330,-0.4833105442,-0.4722196112
188,0.0112130768,-0.4834326879,-0.4722196111
189,0.0113359531,-0.4835555641,-0.4722196110
190,0.0114595632,-0.4836791741,-0.4722196109
191,0.0115839086,-0.4838035194,-0.4722196108
192,0.0117089907,-0.4839286014,-0.4722196107
193,0.0118348109,-0.4840544216,-0.4722196107
194,0.0119613709,-0.4841809814,-0.4722196106
195,0.0120886719,-0.4843082824,-0.4722196105
196,0.0122167156,-0.4844363260,-0.4722196104
197,0.0123455034,-0.4845651137,-0.4722196103
198,0.0124750369,-0.4846946470,-0.4722196102
199,0.0126053174,-0.4848249275,-0.4722196101
200,0.0127363467,-0.4849559567,-0.4722196100
201,0.0128681262,-0.4850877361,-0.4722196099
202,0.0130006575,-0.4852202672,-0.4722196098
203,0.0131339421,-0.4853535518,-0.4722196097
204,0.0132679816,-0.4854875912,-0.4722196096
205,0.0134027776,-0.4856223871,-0.4722196095
206,0.0135383317,-0.4857579411,-0.4722196094
207,0.0136746455,-0.4858942547,-0.4722196093
208,0.0138117206,-0.4860313297,-0.4722196092
209,0.0139495586,-0.4861691677,-0.4722196091
210,0.0140881612,-0.4863077702,-0.4722196090
211,0.0142275300,-0.4864471389,-0.4722196089
212,0.0143676667,-0.4865872755,-0.4722196088
213,0.0145085730,-0.4867281816,-0.4722196087
214,0.0146502505,-0.4868698590,-0.4722196086
215,0.0147927009,-0.4870123093,-0.4722196084
216,0.0149359259,-0.4871555343,-0.4722196083
217,0.0150799273,-0.4872995356,-0.4722196082
218,0.0152247068,-0.4874443149,-0.4722196081
219,0.0153702661,-0.4875898741,-0.4722196080
220,0.0155166069,-0.4877362148,-0.4722196079
221,0.0156637311,-0.4878833389,-0.4722196078
222,0.0158116403,-0.4880312480,-0.4722196077
223,0.0159603365,-0.4881799440,-0.4722196076
224,0.0161098213,-0.4883294287,-0.4722196074
225,0.0162600965,-0.4884797039,-0.4722196073
226,0.0164111641,-0.4886307713,-0.4722196072
227,0.0165630258,-0.4887826329,-0.4722196071
228,0.0167156835,-0.4889352905,-0.4722196070
229,0.0168691390,-0.4890887459,-0.4722196069
230,0.0170233942,-0.4892430009,-0.4722196067
231,0.0171784510,-0.4893980576,-0.4722196066
232,0.0173343112,-0.4895539177,-0.4722196065
233,0.0174909768,-0.4897105832,-0.4722196064
234,0.0176484497,-0.4898680560,-0.4722196063
235,0.0178067318,-0.4900263379,-0.4722196061
236,0.0179658251,-0.4901854311,-0.4722196060
237,0.0181257314,-0.4903453373,-0.4722196059
238,0.0182864528,-0.4905060586,-0.4722196058
239,0.0184479913,-0.4906675969,-0.4722196056
240,0.0186103488,-0.4908299543,-0.4722196055
241,0.0187735273,-0.4909931327,-0.4722196054
242,0.0189375289,-0.4911571341,-0.4722196053
243,0.0191023556,-0.4913219607,-0.4722196051
244,0.0192680093,-0.4914876143,-0.4722196050
245,0.0194344923,-0.4916540972,-0.4722196049
246,0.0196018065,-0.4918214112,-0.4722196047
247,0.0197699540,-0.4919895586,-0.4722196046
248,0.0199389370,-0.4921585414,-0.4722196045
249,0.0201087575,-0.4923283618,-0.4722196043
250,0.0202794176,-0.4924990218,-0.4722196042
251,0.0204509195,-0.4926705235,-0.4722196041
252,0.0206232653,-0.4928428692,-0.4722196039
253,0.0207964572,-0.4930160609,-0.4722196038
254,0.0209704973,-0.4931901010,-0.4722196036
255,0.0211453879,-0.4933649914,-0.4722196035
256,0.0213211311,-0.4935407345,-0.4722196034
257,0.0214977292,-0.4937173325,-0.4722196032
258,0.0216751844,-0.4938947875,-0.4722196031
259,0.0218534990,-0.4940731019,-0.4722196029
260,0.0220326751,-0.4942522779,-0.4722196028
261,0.0222127150,-0.4944323177,-0.4722196026
262,0.0223936211,-0.4946132236,-0.4722196025
263,0.0225753957,-0.4947949980,-0.4722196023
264,0.0227580410,-0.4949776432,-0.4722196022
265,0.0229415594,-0.4951611615,-0.4722196021
266,0.0231259532,-0.4953455551,-0.4722196019
267,0.0233112248,-0.4955308266,-0.4722196018
268,0.0234973766,-0.4957169782,-0.4722196016
269,0.0236844109,-0.4959040123,-0.4722196014
270,0.0238723301,-0.4960919314,-0.4722196013
271,0.0240611367,-0.4962807379,-0.4722196011
272,0.0242508331,-0.4964704341,-0.4722196010
273,0.0244414217,-0.4966610226,-0.4722196008
274,0.0246329050,-0.4968525057,-0.4722196007
275,0.0248252855,-0.4970448860,-0.4722196005
276,0.0250185657,-0.4972381660,-0.4722196003
277,0.0252127480,-0.4974323482,-0.4722196002
278,0.0254078350,-0.4976274351,-0.4722196000
279,0.0256038293,-0.4978234291,-0.4722195999
280,0.0258007333,-0.4980203330,-0.4722195997
281,0.0259985497,-0.4982181492,-0.4722195995
282,0.0261972810,-0.4984168804,-0.4722195994
283,0.0263969299,-0.4986165291,-0.4722195992
284,0.0265974989,-0.4988170980,-0.4722195990
285,0.0267989907,-0.4990185896,-0.4722195989
286,0.0270014080,-0.4992210067,-0.4722195987
287,0.0272047534,-0.4994243519,-0.4722195985
288,0.0274090295,-0.4996286279,-0.4722195984
289,0.0276142392,-0.4998338373,-0.4722195982
290,0.0278203850,-0.5000399830,-0.4722195980
291,0.0280274698,-0.5002470676,-0.4722195978
292,0.0282354962,-0.5004550939,-0.4722195977
293,0.0284444672,-0.5006640646,-0.4722195975
294,0.0286543853,-0.5008739826,-0.4722195973
295,0.0288652535,-0.5010848506,-0.4722195971
296,0.0290770745,-0.5012966714,-0.4722195969
297,0.0292898512,-0.5015094479,-0.4722195968
298,0.0295035864,-0.5017231830,-0.4722195966
299,0.0297182830,-0.5019378794,-0.4722195964
300,0.0299339440,-0.5021535402,-0.4722195962
301,0.0301505721,-0.5023701681,-0.4722195960
302,0.0303681703,-0.5025877661,-0.4722195958
303,0.0305867416,-0.5028063372,-0.4722195956
304,0.0308062889,-0.5030258843,-0.4722195954
305,0.0310268152,-0.5032464104,-0.4722195953
306,0.0312483234,-0.5034679185,-0.4722195951
307,0.0314708167,-0.5036904115,-0.4722195949
308,0.0316942979,-0.5039138926,-0.4722195947
309,0.0319187703,-0.5041383648,-0.4722195945
310,0.0321442368,-0.5043638311,-0.4722195943
311,0.0323707005,-0.5045902946,-0.4722195941
312,0.0325981645,-0.5048177584,-0.4722195939
313,0.0328266320,-0.5050462257,-0.4722195937
314,0.0330561062,-0.5052756996,-0.4722195935
315,0.0332865900,-0.5055061833,-0.4722195933
316,0.0335180869,-0.5057376799,-0.4722195931
317,0.0337505998,-0.5059701927,-0.4722195929
318,0.0339841322,-0.5062037248,-0.4722195927
319,0.0342186871,-0.5064382796,-0.4722195924
320,0.0344542680,-0.5066738602,-0.4722195922
321,0.0346908779,-0.5069104700,-0.4722195920
322,0.0349285204,-0.5071481122,-0.4722195918
323,0.0351671986,-0.5073867902,-0.4722195916
324,0.0354069159,-0.5076265073,-0.4722195914
325,0.0356476757,-0.5078672669,-0.4722195912
326,0.0358894814,-0.5081090723,-0.4722195909
327,0.0361323363,-0.5083519270,-0.4722195907
328,0.0363762439,-0.5085958344,-0.4722195905
329,0.0366212077,-0.5088407980,-0.4722195903
330,0.0368672311,-0.5090868211,-0.4722195901
331,0.0371143175,-0.5093339073,-0.4722195898
332,0.0373624705,-0.5095820601,-0.4722195896
333,0.0376116937,-0.5098312831,-0.4722195894
334,0.0378619905,-0.5100815797,-0.4722195892
335,0.0381133646,-0.5103329536,-0.4722195889
336,0.0383658196,-0.5105854083,-0.4722195887
337,0.0386193590,-0.5108389474,-0.4722195885
338,0.0388739865,-0.5110935747,-0.4722195882
339,0.0391297058,-0.5113492938,-0.4722195880
340,0.0393865205,-0.5116061083,-0.4722195877
341,0.0396444344,-0.5118640219,-0.4722195875
342,0.0399034512,-0.5121230384,-0.4722195873
343,0.0401635746,-0.5123831616,-0.4722195870
344,0.0404248084,-0.5126443952,-0.4722195868
345,0.0406871565,-0.5129067430,-0.4722195865
346,0.0409506226,-0.5131702089,-0.4722195863
347,0.0412152106,-0.5134347966,-0.4722195860
348,0.0414809243,-0.5137005101,-0.4722195858
349,0.0417477677,-0.5139673532,-0.4722195855
350,0.0420157447,-0.5142353299,-0.4722195853
351,0.0422848591,-0.5145044441,-0.4722195850
352,0.0425551151,-0.5147746998,-0.4722195848
353,0.0428265165,-0.5150461010,-0.4722195845
354,0.0430990673,-0.5153186516,-0.4722195843
355,0.0433727718,-0.5155923557,-0.4722195840
356,0.0436476337,-0.5158672175,-0.4722195837
357,0.0439236574,-0.5161432409,-0.4722195835
358,0.0442008469,-0.5164204301,-0.4722195832
359,0.0444792063,-0.5166987892,-0.4722195829
360,0.0447587397,-0.5169783224,-0.4722195827
361,0.0450394515,-0.5172590339,-0.4722195824
362,0.0453213458,-0.5175409279,-0.4722195821
363,0.0456044268,-0.5178240087,-0.4722195818
364,0.0458886989,-0.5181082805,-0.4722195816
365,0.0461741663,-0.5183937475,-0.4722195813
366,0.0464608333,-0.5186804143,-0.4722195810
367,0.0467487043,-0.5189682850,-0.4722195807
368,0.0470377837,-0.5192573641,-0.4722195804
369,0.0473280758,-0.5195476560,-0.4722195801
370,0.0476195852,-0.5198391651,-0.4722195799
371,0.0479123162,-0.5201318958,-0.4722195796
372,0.0482062734,-0.5204258527,-0.4722195793
373,0.0485014613,-0.5207210403,-0.4722195790
374,0.0487978843,-0.5210174630,-0.4722195787
375,0.0490955472,-0.5213151256,-0.4722195784
376,0.0493944544,-0.5216140325,-0.4722195781
377,0.0496946107,-0.5219141885,-0.4722195778
378,0.0499960206,-0.5222155981,-0.4722195775
379,0.0502986889,-0.5225182661,-0.4722195772
380,0.0506026202,-0.5228221971,-0.4722195769
381,0.0509078194,-0.5231273960,-0.4722195766
382,0.0512142912,-0.5234338675,-0.4722195763
383,0.0515220404,-0.5237416163,-0.4722195759
384,0.0518310718,-0.5240506474,-0.4722195756
385,0.0521413903,-0.5243609656,-0.4722195753
386,0.0524530008,-0.5246725758,-0.4722195750
387,0.0527659082,-0.5249854829,-0.4722195747
388,0.0530801176,-0.5252996919,-0.4722195744
389,0.0533956338,-0.5256152078,-0.4722195740
390,0.0537124618,-0.5259320356,-0.4722195737
391,0.0540306069,-0.5262501803,-0.4722195734
392,0.0543500740,-0.5265696470,-0.4722195730
393,0.0546708682,-0.5268904409,-0.4722195727
394,0.0549929947,-0.5272125671,-0.4722195724
395,0.0553164587,-0.5275360307,-0.4722195720
396,0.0556412653,-0.5278608370,-0.4722195717
397,0.0559674200,-0.5281869913,-0.4722195714
398,0.0562949278,-0.5285144988,-0.4722195710
399,0.0566237942,-0.5288433648,-0.4722195707
400,0.0569540244,-0.5291735947,-0.4722195703
401,0.0572856239,-0.5295051939,-0.4722195700
402,0.0576185981,-0.5298381677,-0.4722195696
403,0.0579529524,-0.5301725216,-0.4722195693
404,0.0582886923,-0.5305082612,-0.4722195689
405,0.0586258233,-0.5308453919,-0.4722195685
406,0.0589643510,-0.5311839192,-0.4722195682
407,0.0593042810,-0.5315238488,-0.4722195678
408,0.0596456189,-0.5318651863,-0.4722195674
409,0.0599883703,-0.5322079374,-0.4722195671
410,0.0603325410,-0.5325521077,-0.4722195667
411,0.0606781367,-0.5328977030,-0.4722195663
412,0.0610251632,-0.5332447291,-0.4722195660
413,0.0613736262,-0.5335931917,-0.4722195656
414,0.0617235316,-0.5339430968,-0.4722195652
415,0.0620748853,-0.5342944501,-0.4722195648
416,0.0624276932,-0.5346472577,-0.4722195644
417,0.0627819614,-0.5350015254,-0.4722195640
418,0.0631376956,-0.5353572593,-0.4722195636
419,0.0634949021,-0.5357144654,-0.4722195632
420,0.0638535869,-0.5360731497,-0.4722195628
421,0.0642137560,-0.5364333185,-0.4722195624
422,0.0645754157,-0.5367949778,-0.4722195620
423,0.0649385721,-0.5371581338,-0.4722195616
424,0.0653032315,-0.5375227928,-0.4722195612
425,0.0656694002,-0.5378889610,-0.4722195608
426,0.0660370844,-0.5382566448,-0.4722195604
427,0.0664062905,-0.5386258505,-0.4722195600
428,0.0667770249,-0.5389965845,-0.4722195596
429,0.0671492940,-0.5393688532,-0.4722195592
430,0.0675231044,-0.5397426631,-0.4722195587
431,0.0678984625,-0.5401180208,-0.4722195583
432,0.0682753749,-0.5404949328,-0.4722195579
433,0.0686538483,-0.5408734057,-0.4722195574
434,0.0690338892,-0.5412534462,-0.4722195570
435,0.0694155043,-0.5416350609,-0.4722195566
436,0.0697987005,-0.5420182566,-0.4722195561
437,0.0701834844,-0.5424030401,-0.4722195557
438,0.0705698629,-0.5427894181,-0.4722195552
439,0.0709578429,-0.5431773976,-0.4722195548
440,0.0713474312,-0.5435669856,-0.4722195543
441,0.0717386349,-0.5439581888,-0.4722195539
442,0.0721314610,-0.5443510144,-0.4722195534
443,0.0725259164,-0.5447454694,-0.4722195529
444,0.0729220084,-0.5451415609,-0.4722195525
445,0.0733197440,-0.5455392960,-0.4722195520
446,0.0737191304,-0.5459386820,-0.4722195515
447,0.0741201750,-0.5463397260,-0.4722195511
448,0.0745228849,-0.5467424355,-0.4722195506
449,0.0749272675,-0.5471468176,-0.4722195501
450,0.0753333302,-0.5475528798,-0.4722195496
451,0.0757410804,-0.5479606295,-0.4722195491
452,0.0761505256,-0.5483700742,-0.4722195486
453,0.0765616734,-0.5487812215,-0.4722195481
454,0.0769745313,-0.5491940789,-0.4722195476
455,0.0773891069,-0.5496086541,-0.4722195471
456,0.0778054080,-0.5500249547,-0.4722195466
457,0.0782234423,-0.5504429884,-0.4722195461
458,0.0786432176,-0.5508627632,-0.4722195456
459,0.0790647416,-0.5512842867,-0.4722195451
460,0.0794880224,-0.5517075670,-0.4722195446
461,0.0799130678,-0.5521326119,-0.4722195441
462,0.0803398859,-0.5525594294,-0.4722195435
463,0.0807684847,-0.5529880277,-0.4722195430
464,0.0811988722,-0.5534184147,-0.4722195425
465,0.0816310568,-0.5538505987,-0.4722195419
466,0.0820650465,-0.5542845879,-0.4722195414
467,0.0825008497,-0.5547203906,-0.4722195408
468,0.0829384747,-0.5551580150,-0.4722195403
469,0.0833779299,-0.5555974696,-0.4722195397
470,0.0838192237,-0.5560387629,-0.4722195392
471,0.0842623646,-0.5564819032,-0.4722195386
472,0.0847073611,-0.5569268992,-0.4722195381
473,0.0851542220,-0.5573737595,-0.4722195375
474,0.0856029558,-0.5578224927,-0.4722195369
475,0.0860535712,-0.5582731076,-0.4722195364
476,0.0865060772,-0.5587256130,-0.4722195358
477,0.0869604825,-0.5591800177,-0.4722195352
478,0.0874167960,-0.5596363306,-0.4722195346
479,0.0878750268,-0.5600945608,-0.4722195340
480,0.0883351838,-0.5605547172,-0.4722195334
481,0.0887972762,-0.5610168090,-0.4722195328
482,0.0892613130,-0.5614808452,-0.4722195322
483,0.0897273036,-0.5619468352,-0.4722195316
484,0.0901952572,-0.5624147882,-0.4722195310
485,0.0906651832,-0.5628847136,-0.4722195304
486,0.0911370909,-0.5633566207,-0.4722195297
487,0.0916109899,-0.5638305190,-0.4722195291
488,0.0920868897,-0.5643064182,-0.4722195285
489,0.0925647999,-0.5647843278,-0.4722195279
490,0.0930447302,-0.5652642574,-0.4722195272
491,0.0935266903,-0.5657462169,-0.4722195266
492,0.0940106901,-0.5662302160,-0.4722195259
493,0.0944967394,-0.5667162646,-0.4722195253
494,0.0949848481,-0.5672043727,-0.4722195246
495,0.0954750264,-0.5676945503,-0.4722195240
496,0.0959672842,-0.5681868075,-0.4722195233
497,0.0964616317,-0.5686811543,-0.4722195226
498,0.0969580792,-0.5691776012,-0.4722195219
499,0.0974566370,-0.5696761583,-0.4722195213
500,0.0979573154,-0.5701768360,-0.4722195206
501,0.0984601249,-0.5706796448,-0.4722195199
502,0.0989650760,-0.5711845952,-0.4722195192
503,0.0994721793,-0.5716916978,-0.4722195185
504,0.0999814454,-0.5722009632,-0.4722195178
505,0.1004928852,-0.5727124023,-0.4722195171
506,0.1010065094,-0.5732260257,-0.4722195163
507,0.1015223289,-0.5737418445,-0.4722195156
508,0.1020403547,-0.5742598696,-0.4722195149
509,0.1025605978,-0.5747801120,-0.4722195142
510,0.1030830694,-0.5753025829,-0.4722195134
511,0.1036077807,-0.5758272934,-0.4722195127
512,0.1041347430,-0.5763542549,-0.4722195119
513,0.1046639676,-0.5768834788,-0.4722195112
514,0.1051954660,-0.5774149764,-0.4722195104
515,0.1057292497,-0.5779487593,-0.4722195097
516,0.1062653303,-0.5784848392,-0.4722195089
517,0.1068037196,-0.5790232277,-0.4722195081
518,0.1073444292,-0.5795639365,-0.4722195073
519,0.1078874711,-0.5801069777,-0.4722195065
520,0.1084328573,-0.5806523630,-0.4722195057
521,0.1089805997,-0.5812001046,-0.4722195049
522,0.1095307105,-0.5817502146,-0.4722195041
523,0.1100832018,-0.5823027052,-0.4722195033
524,0.1106380861,-0.5828575886,-0.4722195025
525,0.1111953756,-0.5834148773,-0.4722195017
526,0.1117550828,-0.5839745837,-0.4722195009
527,0.1123172204,-0.5845367204,-0.4722195000
528,0.1128818010,-0.5851013001,-0.4722194992
529,0.1134488372,-0.5856683356,-0.4722194983
530,0.1140183421,-0.5862378395,-0.4722194975
531,0.1145903284,-0.5868098250,-0.4722194966
532,0.1151648092,-0.5873843050,-0.4722194958
533,0.1157417978,-0.5879612926,-0.4722194949
534,0.1163213072,-0.5885408012,-0.4722194940
535,0.1169033507,-0.5891228439,-0.4722194931
536,0.1174879419,-0.5897074342,-0.4722194922
537,0.1180750943,-0.5902945856,-0.4722194913
538,0.1186648213,-0.5908843117,-0.4722194904
539,0.1192571368,-0.5914766263,-0.4722194895
540,0.1198520546,-0.5920715432,-0.4722194886
541,0.1204495886,-0.5926690762,-0.4722194877
542,0.1210497527,-0.5932692395,-0.4722194867
543,0.1216525612,-0.5938720470,-0.4722194858
544,0.1222580283,-0.5944775131,-0.4722194848
545,0.1228661682,-0.5950856521,-0.4722194839
546,0.1234769954,-0.5956964784,-0.4722194829
547,0.1240905246,-0.5963100065,-0.4722194820
548,0.1247067702,-0.5969262512,-0.4722194810
549,0.1253257471,-0.5975452271,-0.4722194800
550,0.1259474702,-0.5981669492,-0.4722194790
551,0.1265719545,-0.5987914325,-0.4722194780
552,0.1271992150,-0.5994186920,-0.4722194770
553,0.1278292669,-0.6000487429,-0.4722194760
554,0.1284621256,-0.6006816006,-0.4722194750
555,0.1290978066,-0.6013172805,-0.4722194739
556,0.1297363253,-0.6019557982,-0.4722194729
557,0.1303776974,-0.6025971693,-0.4722194719
558,0.1310219388,-0.6032414096,-0.4722194708
559,0.1316690654,-0.6038885351,-0.4722194697
560,0.1323190931,-0.6045385618,-0.4722194687
561,0.1329720381,-0.6051915057,-0.4722194676
562,0.1336279168,-0.6058473833,-0.4722194665
563,0.1342867454,-0.6065062108,-0.4722194654
564,0.1349485406,-0.6071680049,-0.4722194643
565,0.1356133189,-0.6078327821,-0.4722194632
566,0.1362810971,-0.6085005592,-0.4722194621
567,0.1369518922,-0.6091713532,-0.4722194610
568,0.1376257212,-0.6098451810,-0.4722194598
569,0.1383026012,-0.6105220599,-0.4722194587
570,0.1389825495,-0.6112020070,-0.4722194575
571,0.1396655836,-0.6118850399,-0.4722194563
572,0.1403517209,-0.6125711761,-0.4722194552
573,0.1410409793,-0.6132604333,-0.4722194540
574,0.1417333765,-0.6139528293,-0.4722194528
575,0.1424289305,-0.6146483821,-0.4722194516
576,0.1431276594,-0.6153471097,-0.4722194504
577,0.1438295814,-0.6160490305,-0.4722194492
578,0.1445347149,-0.6167541629,-0.4722194479
579,0.1452430785,-0.6174625252,-0.4722194467
580,0.1459546909,-0.6181741363,-0.4722194454
581,0.1466695707,-0.6188890149,-0.4722194442
582,0.1473877371,-0.6196071800,-0.4722194429
583,0.1481092091,-0.6203286508,-0.4722194416
584,0.1488340060,-0.6210534464,-0.4722194404
585,0.1495621472,-0.6217815862,-0.4722194391
586,0.1502936522,-0.6225130899,-0.4722194377
587,0.1510285407,-0.6232479772,-0.4722194364
588,0.1517668327,-0.6239862678,-0.4722194351
589,0.1525085482,-0.6247279819,-0.4722194338
590,0.1532537073,-0.6254731397,-0.4722194324
591,0.1540023303,-0.6262217613,-0.4722194310
592,0.1547544378,-0.6269738675,-0.4722194297
593,0.1555100505,-0.6277294788,-0.4722194283
594,0.1562691891,-0.6284886160,-0.4722194269
595,0.1570318747,-0.6292513002,-0.4722194255
596,0.1577981283,-0.6300175524,-0.4722194241
597,0.1585679714,-0.6307873941,-0.4722194226
598,0.1593414254,-0.6315608466,-0.4722194212
599,0.1601185120,-0.6323379318,-0.4722194197
600,0.1608992530,-0.6331186713,-0.4722194183
601,0.1616836704,-0.6339030872,-0.4722194168
602,0.1624717865,-0.6346912018,-0.4722194153
603,0.1632636235,-0.6354830373,-0.4722194138
604,0.1640592039,-0.6362786162,-0.4722194123
605,0.1648585506,-0.6370779614,-0.4722194108
606,0.1656616865,-0.6378810957,-0.4722194092
607,0.1664686345,-0.6386880422,-0.4722194077
608,0.1672794180,-0.6394988242,-0.4722194061
609,0.1680940605,-0.6403134650,-0.4722194045
610,0.1689125855,-0.6411319885,-0.4722194030
611,0.1697350170,-0.6419544183,-0.4722194014
612,0.1705613789,-0.6427807786,-0.4722193997
613,0.1713916954,-0.6436110935,-0.4722193981
614,0.1722259911,-0.6444453876,-0.4722193965
615,0.1730642904,-0.6452836853,-0.4722193948
616,0.1739066183,-0.6461260115,-0.4722193932
617,0.1747529997,-0.6469723912,-0.4722193915
618,0.1756034599,-0.6478228496,-0.4722193898
619,0.1764580242,-0.6486774123,-0.4722193881
620,0.1773167184,-0.6495361047,-0.4722193864
621,0.1781795682,-0.6503989528,-0.4722193846
622,0.1790465997,-0.6512659826,-0.4722193829
623,0.1799178392,-0.6521372203,-0.4722193811
624,0.1807933131,-0.6530126925,-0.4722193793
625,0.1816730482,-0.6538924258,-0.4722193775
626,0.1825570714,-0.6547764471,-0.4722193757
627,0.1834454098,-0.6556647837,-0.4722193739
628,0.1843380907,-0.6565574628,-0.4722193720
629,0.1852351418,-0.6574545120,-0.4722193702
630,0.1861365908,-0.6583559592,-0.4722193683
631,0.1870424659,-0.6592618323,-0.4722193664
632,0.1879527952,-0.6601721597,-0.4722193645
633,0.1888676073,-0.6610869699,-0.4722193626
634,0.1897869310,-0.6620062917,-0.4722193607
635,0.1907107951,-0.6629301539,-0.4722193587
636,0.1916392290,-0.6638585858,-0.4722193568
637,0.1925722621,-0.6647916169,-0.4722193548
638,0.1935099241,-0.6657292768,-0.4722193528
639,0.1944522449,-0.6666715957,-0.4722193508
640,0.1953992548,-0.6676186036,-0.4722193487
641,0.1963509843,-0.6685703309,-0.4722193467
642,0.1973074639,-0.6695268085,-0.4722193446
643,0.1982687248,-0.6704880673,-0.4722193425
644,0.1992347981,-0.6714541385,-0.4722193404
645,0.2002057153,-0.6724250536,-0.4722193383
646,0.2011815083,-0.6734008444,-0.4722193362
647,0.2021622089,-0.6743815429,-0.4722193340
648,0.2031478494,-0.6753671813,-0.4722193318
649,0.2041384626,-0.6763577922,-0.4722193296
650,0.2051340811,-0.6773534085,-0.4722193274
651,0.2061347380,-0.6783540632,-0.4722193252
652,0.2071404669,-0.6793597899,-0.4722193229
653,0.2081513013,-0.6803706220,-0.4722193207
654,0.2091672752,-0.6813865936,-0.4722193184
655,0.2101884229,-0.6824077390,-0.4722193161
656,0.2112147788,-0.6834340926,-0.4722193138
657,0.2122463779,-0.6844656893,-0.4722193114
658,0.2132832552,-0.6855025642,-0.4722193090
659,0.2143254461,-0.6865447527,-0.4722193067
660,0.2153729863,-0.6875922906,-0.4722193042
661,0.2164259120,-0.6886452138,-0.4722193018
662,0.2174842594,-0.6897035587,-0.4722192994
663,0.2185480651,-0.6907673620,-0.4722192969
664,0.2196173661,-0.6918366606,-0.4722192944
665,0.2206921998,-0.6929114916,-0.4722192919
666,0.2217726035,-0.6939918929,-0.4722192894
667,0.2228586154,-0.6950779022,-0.4722192868
668,0.2239502735,-0.6961695577,-0.4722192842
669,0.2250476165,-0.6972668981,-0.4722192816
670,0.2261506832,-0.6983699622,-0.4722192790
671,0.2272595129,-0.6994787892,-0.4722192764
672,0.2283741451,-0.7005934187,-0.4722192737
673,0.2294946197,-0.7017138907,-0.4722192710
674,0.2306209769,-0.7028402452,-0.4722192683
675,0.2317532574,-0.7039725230,-0.4722192655
676,0.2328915021,-0.7051107649,-0.4722192628
677,0.2340357523,-0.7062550122,-0.4722192600
678,0.2351860495,-0.7074053067,-0.4722192572
679,0.2363424358,-0.7085616902,-0.4722192543
680,0.2375049536,-0.7097242051,-0.4722192515
681,0.2386736457,-0.7108928943,-0.4722192486
682,0.2398485550,-0.7120678007,-0.4722192457
683,0.2410297250,-0.7132489678,-0.4722192428
684,0.2422171997,-0.7144364395,-0.4722192398
685,0.2434110232,-0.7156302600,-0.4722192368
686,0.2446112401,-0.7168304740,-0.4722192338
687,0.2458178955,-0.7180371263,-0.4722192308
688,0.2470310347,-0.7192502625,-0.4722192277
689,0.2482507035,-0.7204699282,-0.4722192246
690,0.2494769481,-0.7216961696,-0.4722192215
691,0.2507098150,-0.7229290334,-0.4722192184
692,0.2519493512,-0.7241685664,-0.4722192152
693,0.2531956041,-0.7254148161,-0.4722192120
694,0.2544486216,-0.7266678303,-0.4722192088
695,0.2557084517,-0.7279276572,-0.4722192055
696,0.2569751432,-0.7291943454,-0.4722192022
697,0.2582487450,-0.7304679440,-0.4722191989
698,0.2595293068,-0.7317485023,-0.4722191956
699,0.2608168783,-0.7330360705,-0.4722191922
700,0.2621115099,-0.7343306987,-0.4722191888
701,0.2634132524,-0.7356324378,-0.4722191854
702,0.2647221570,-0.7369413390,-0.4722191819
703,0.2660382754,-0.7382574539,-0.4722191785
704,0.2673616597,-0.7395808347,-0.4722191749
705,0.2686923625,-0.7409115339,-0.4722191714
706,0.2700304367,-0.7422496045,-0.4722191678
707,0.2713759359,-0.7435951001,-0.4722191642
708,0.2727289141,-0.7449480746,-0.4722191606
709,0.2740894255,-0.7463085824,-0.4722191569
710,0.2754575252,-0.7476766784,-0.4722191532
711,0.2768332685,-0.7490524180,-0.4722191495
712,0.2782167113,-0.7504358570,-0.4722191457
713,0.2796079098,-0.7518270517,-0.4722191419
714,0.2810069209,-0.7532260590,-0.4722191381
715,0.2824138020,-0.7546329362,-0.4722191342
716,0.2838286107,-0.7560477410,-0.4722191303
717,0.2852514055,-0.7574705319,-0.4722191264
718,0.2866822452,-0.7589013676,-0.4722191224
719,0.2881211891,-0.7603403075,-0.4722191184
720,0.2895682970,-0.7617874113,-0.4722191144
721,0.2910236292,-0.7632427395,-0.4722191103
722,0.2924872468,-0.7647063530,-0.4722191062
723,0.2939592110,-0.7661783131,-0.4722191021
724,0.2954395838,-0.7676586817,-0.4722190979
725,0.2969284277,-0.7691475214,-0.4722190937
726,0.2984258057,-0.7706448951,-0.4722190894
727,0.2999317813,-0.7721508665,-0.4722190852
728,0.3014464187,-0.7736654995,-0.4722190808
729,0.3029697824,-0.7751888589,-0.4722190765
730,0.3045019377,-0.7767210098,-0.4722190721
731,0.3060429503,-0.7782620180,-0.4722190677
732,0.3075928866,-0.7798119498,-0.4722190632
733,0.3091518135,-0.7813708722,-0.4722190587
734,0.3107197983,-0.7829388524,-0.4722190542
735,0.3122969092,-0.7845159587,-0.4722190496
736,0.3138832147,-0.7861022596,-0.4722190450
737,0.3154787840,-0.7876978243,-0.4722190403
738,0.3170836870,-0.7893027226,-0.4722190356
739,0.3186979940,-0.7909170248,-0.4722190309
740,0.3203217759,-0.7925408020,-0.4722190261
741,0.3219551043,-0.7941741256,-0.4722190213
742,0.3235980515,-0.7958170679,-0.4722190164
743,0.3252506900,-0.7974697016,-0.4722190116
744,0.3269130934,-0.7991321001,-0.4722190066
745,0.3285853357,-0.8008043373,-0.4722190017
746,0.3302674914,-0.8024864880,-0.4722189966
747,0.3319596357,-0.8041786273,-0.4722189916
748,0.3336618446,-0.8058808311,-0.4722189865
749,0.3353741944,-0.8075931758,-0.4722189814
750,0.3370967624,-0.8093157386,-0.4722189762
751,0.3388296262,-0.8110485972,-0.4722189710
752,0.3405728642,-0.8127918300,-0.4722189657
753,0.3423265555,-0.8145455160,-0.4722189604
754,0.3440907798,-0.8163097348,-0.4722189551
755,0.3458656172,-0.8180845669,-0.4722189497
756,0.3476511488,-0.8198700931,-0.4722189443
757,0.3494474562,-0.8216663950,-0.4722189388
758,0.3512546217,-0.8234735550,-0.4722189333
759,0.3530727281,-0.8252916558,-0.4722189278
760,0.3549018591,-0.8271207812,-0.4722189222
761,0.3567420988,-0.8289610153,-0.4722189165
762,0.3585935322,-0.8308124431,-0.4722189109
763,0.3604562449,-0.8326751500,-0.4722189051
764,0.3623303231,-0.8345492224,-0.4722188994
765,0.3642158536,-0.8364347472,-0.4722188936
766,0.3661129241,-0.8383318118,-0.4722188877
767,0.3680216228,-0.8402405046,-0.4722188818
768,0.3699420385,-0.8421609144,-0.4722188759
769,0.3718742610,-0.8440931309,-0.4722188699
770,0.3738183804,-0.8460372443,-0.4722188639
771,0.3757744877,-0.8479933455,-0.4722188579
772,0.3777426744,-0.8499615262,-0.4722188518
773,0.3797230329,-0.8519418786,-0.4722188456
774,0.3817156562,-0.8539344956,-0.4722188394
775,0.3837206378,-0.8559394710,-0.4722188332
776,0.3857380720,-0.8579568989,-0.4722188269
777,0.3877680538,-0.8599868745,-0.4722188206
778,0.3898106789,-0.8620294932,-0.4722188143
779,0.3918660436,-0.8640848515,-0.4722188079
780,0.3939342447,-0.8661530462,-0.4722188015
781,0.3960153801,-0.8682341751,-0.4722187950
782,0.3981095479,-0.8703283364,-0.4722187885
783,0.4002168472,-0.8724356291,-0.4722187819
784,0.4023373775,-0.8745561528,-0.4722187754
785,0.4044712391,-0.8766900078,-0.4722187687
786,0.4066185329,-0.8788372950,-0.4722187621
787,0.4087793604,-0.8809981158,-0.4722187554
788,0.4109538240,-0.8831725726,-0.4722187486
789,0.4131420262,-0.8853607681,-0.4722187419
790,0.4153440707,-0.8875628057,-0.4722187351
791,0.4175600614,-0.8897787896,-0.4722187282
792,0.4197901030,-0.8920088244,-0.4722187213
793,0.4220343009,-0.8942530153,-0.4722187144
794,0.4242927607,-0.8965114682,-0.4722187075
795,0.4265655891,-0.8987842896,-0.4722187005
796,0.4288528930,-0.9010715865,-0.4722186935
797,0.4311547800,-0.9033734665,-0.4722186865
798,0.4334713583,-0.9056900377,-0.4722186794
799,0.4358027364,-0.9080214087,-0.4722186723
800,0.4381490237,-0.9103676889,-0.4722186652
801,0.4405103299,-0.9127289880,-0.4722186581
802,0.4428867652,-0.9151054161,-0.4722186509
803,0.4452784403,-0.9174970839,-0.4722186437
804,0.4476854663,-0.9199041028,-0.4722186365
805,0.4501079550,-0.9223265843,-0.4722186293
806,0.4525460184,-0.9247646404,-0.4722186220
807,0.4549997690,-0.9272183838,-0.4722186147
808,0.4574693197,-0.9296879272,-0.4722186075
809,0.4599547838,-0.9321733840,-0.4722186002
810,0.4624562748,-0.9346748677,-0.4722185929
811,0.4649739068,-0.9371924924,-0.4722185856
812,0.4675077940,-0.9397263722,-0.4722185783
813,0.4700580509,-0.9422766218,-0.4722185709
814,0.4726247923,-0.9448433560,-0.4722185636
815,0.4752081333,-0.9474266896,-0.4722185563
816,0.4778081891,-0.9500267381,-0.4722185490
817,0.4804250751,-0.9526436167,-0.4722185417
818,0.4830589067,-0.9552774410,-0.4722185344
819,0.4857097996,-0.9579283267,-0.4722185271
820,0.4883778695,-0.9605963893,-0.4722185198
821,0.4910632321,-0.9632817446,-0.4722185125
822,0.4937660030,-0.9659845083,-0.4722185053
823,0.4964862980,-0.9687047961,-0.4722184981
824,0.4992242325,-0.9714427234,-0.4722184909
825,0.5019799219,-0.9741984056,-0.4722184837
826,0.5047534815,-0.9769719581,-0.4722184766
827,0.5075450261,-0.9797634956,-0.4722184695
828,0.5103546705,-0.9825731330,-0.4722184625
829,0.5131825290,-0.9854009845,-0.4722184555
830,0.5160287155,-0.9882471641,-0.4722184486
831,0.5188933434,-0.9911117851,-0.4722184417
832,0.5217765257,-0.9939949606,-0.4722184349
833,0.5246783747,-0.9968968029,-0.4722184282
834,0.5275990022,-0.9998174237,-0.4722184215
835,0.5305385190,-1.0027569339,-0.4722184149
836,0.5334970354,-1.0057154438,-0.4722184084
837,0.5364746606,-1.0086930626,-0.4722184020
838,0.5394715031,-1.0116898988,-0.4722183957
839,0.5424876700,-1.0147060595,-0.4722183895
840,0.5455232677,-1.0177416511,-0.4722183834
841,0.5485784010,-1.0207967784,-0.4722183774
842,0.5516531737,-1.0238715453,-0.4722183716
843,0.5547476881,-1.0269660539,-0.4722183659
844,0.5578620448,-1.0300804051,-0.4722183603
845,0.5609963431,-1.0332146980,-0.4722183549
846,0.5641506805,-1.0363690301,-0.4722183497
847,0.5673251524,-1.0395434970,-0.4722183446
848,0.5705198527,-1.0427381924,-0.4722183397
849,0.5737348728,-1.0459532078,-0.4722183350
850,0.5769703022,-1.0491886327,-0.4722183305
851,0.5802262279,-1.0524445542,-0.4722183262
852,0.5835027345,-1.0557210567,-0.4722183222
853,0.5867999038,-1.0590182222,-0.4722183183
854,0.5901178151,-1.0623361299,-0.4722183148
855,0.5934565446,-1.0656748560,-0.4722183114
856,0.5968161654,-1.0690344738,-0.4722183084
857,0.6001967473,-1.0724150530,-0.4722183056
858,0.6035983568,-1.0758166600,-0.4722183032
859,0.6070210567,-1.0792393577,-0.4722183011
860,0.6104649059,-1.0826832051,-0.4722182993
861,0.6139299593,-1.0861482571,-0.4722182978
862,0.6174162678,-1.0896345645,-0.4722182967
863,0.6209238775,-1.0931421735,-0.4722182960
864,0.6244528301,-1.0966711258,-0.4722182957
865,0.6280031624,-1.1002214582,-0.4722182958
866,0.6315749058,-1.1037932022,-0.4722182964
867,0.6351680866,-1.1073863840,-0.4722182974
868,0.6387827254,-1.1110010243,-0.4722182989
869,0.6424188368,-1.1146371377,-0.4722183009
870,0.6460764293,-1.1182947327,-0.4722183034
871,0.6497555048,-1.1219738112,-0.4722183065
872,0.6534560584,-1.1256743685,-0.4722183101
873,0.6571780783,-1.1293963927,-0.4722183144
874,0.6609215451,-1.1331398643,-0.4722183192
875,0.6646864317,-1.1369047564,-0.4722183247
876,0.6684727028,-1.1406910337,-0.4722183309
877,0.6722803147,-1.1444986526,-0.4722183378
878,0.6761092149,-1.1483275604,-0.4722183455
879,0.6799593416,-1.1521776954,-0.4722183539
880,0.6838306231,-1.1560489862,-0.4722183631
881,0.6877229782,-1.1599413513,-0.4722183731
882,0.6916363145,-1.1638546986,-0.4722183841
883,0.6955705292,-1.1677889251,-0.4722183959
884,0.6995255078,-1.1717439165,-0.4722184087
885,0.7035011238,-1.1757195463,-0.4722184224
886,0.7074972386,-1.1797156758,-0.4722184372
887,0.7115137002,-1.1837321533,-0.4722184531
888,0.7155503435,-1.1877688135,-0.4722184701
889,0.7196069891,-1.1918254773,-0.4722184882
890,0.7236834430,-1.1959019506,-0.4722185075
891,0.7277794962,-1.1999980243,-0.4722185281
892,0.7318949235,-1.2041134735,-0.4722185500
893,0.7360294833,-1.2082480565,-0.4722185732
894,0.7401829168,-1.2124015147,-0.4722185979
895,0.7443549474,-1.2165735714,-0.4722186240
896,0.7485452799,-1.2207639315,-0.4722186516
897,0.7527535995,-1.2249722804,-0.4722186809
898,0.7569795717,-1.2291982834,-0.4722187117
899,0.7612228406,-1.2334415850,-0.4722187443
900,0.7654830291,-1.2377018077,-0.4722187787
901,0.7697597370,-1.2419785518,-0.4722188149
902,0.7740525409,-1.2462713939,-0.4722188530
903,0.7783609929,-1.2505798860,-0.4722188931
904,0.7826846199,-1.2549035552,-0.4722189352
905,0.7870229223,-1.2592419019,-0.4722189796
906,0.7913753733,-1.2635943994,-0.4722190261
907,0.7957414178,-1.2679604927,-0.4722190750
908,0.8001204710,-1.2723395971,-0.4722191262
909,0.8045119177,-1.2767310976,-0.4722191799
910,0.8089151111,-1.2811343473,-0.4722192362
911,0.8133293714,-1.2855486666,-0.4722192952
912,0.8177539846,-1.2899733416,-0.4722193570
913,0.8221882015,-1.2944076232,-0.4722194216
914,0.8266312362,-1.2988507255,-0.4722194893
915,0.8310822646,-1.3033018246,-0.4722195600
916,0.8355404235,-1.3077600573,-0.4722196339
917,0.8400048085,-1.3122245196,-0.4722197111
918,0.8444744732,-1.3166942650,-0.4722197918
919,0.8489484273,-1.3211683033,-0.4722198760
920,0.8534256351,-1.3256455991,-0.4722199640
921,0.8579050141,-1.3301250697,-0.4722200557
922,0.8623854329,-1.3346055843,-0.4722201514
923,0.8668657100,-1.3390859612,-0.4722202512
924,0.8713446120,-1.3435649672,-0.4722203552
925,0.8758208513,-1.3480413149,-0.4722204636
926,0.8802930850,-1.3525136616,-0.4722205765
927,0.8847599125,-1.3569806067,-0.4722206941
928,0.8892198738,-1.3614406904,-0.4722208166
929,0.8936714474,-1.3658923914,-0.4722209440
930,0.8981130484,-1.3703341251,-0.4722210766
931,0.9025430265,-1.3747642411,-0.4722212146
932,0.9069596636,-1.3791810217,-0.4722213580
933,0.9113611720,-1.3835826792,-0.4722215072
934,0.9157456917,-1.3879673540,-0.4722216622
935,0.9201112890,-1.3923331123,-0.4722218233
936,0.9244559532,-1.3966779439,-0.4722219907
937,0.9287775951,-1.4009997595,-0.4722221645
938,0.9330740440,-1.4052963889,-0.4722223449
939,0.9373430460,-1.4095655782,-0.4722225322
940,0.9415822608,-1.4138049873,-0.4722227265
941,0.9457892599,-1.4180121879,-0.4722229281
942,0.9499615235,-1.4221846606,-0.4722231371
943,0.9540964387,-1.4263197925,-0.4722233538
944,0.9581912962,-1.4304148746,-0.4722235784
945,0.9622432884,-1.4344670995,-0.4722238111
946,0.9662495063,-1.4384735585,-0.4722240522
947,0.9702069376,-1.4424312394,-0.4722243018
948,0.9741124633,-1.4463370235,-0.4722245602
949,0.9779628559,-1.4501876835,-0.4722248276
950,0.9817547765,-1.4539798807,-0.4722251042
951,0.9854847724,-1.4577101626,-0.4722253902
952,0.9891492745,-1.4613749604,-0.4722256859
953,0.9927445951,-1.4649705866,-0.4722259915
954,0.9962669253,-1.4684932325,-0.4722263072
955,0.9997123331,-1.4719389662,-0.4722266331
956,1.0030767606,-1.4753037302,-0.4722269696
957,1.0063560223,-1.4785833392,-0.4722273168
958,1.0095458032,-1.4817734781,-0.4722276749
959,1.0126416564,-1.4848697006,-0.4722280441
960,1.0156390021,-1.4878674267,-0.4722284246
961,1.0185331252,-1.4907619417,-0.4722288165
962,1.0213191747,-1.4935483947,-0.4722292200
963,1.0239921621,-1.4962217974,-0.4722296353
964,1.0265469606,-1.4987770230,-0.4722300624
965,1.0289783045,-1.5012088059,-0.4722305014
966,1.0312807885,-1.5035117411,-0.4722309526
967,1.0334488680,-1.5056802838,-0.4722314158
968,1.0354768592,-1.5077087504,-0.4722318912
969,1.0373589398,-1.5095913186,-0.4722323788
970,1.0390891500,-1.5113220286,-0.4722328786
971,1.0406613941,-1.5128947846,-0.4722333905
972,1.0420694423,-1.5143033567,-0.4722339145
973,1.0433069335,-1.5155413838,-0.4722344504
974,1.0443673782,-1.5166023763,-0.4722349981
975,1.0452441624,-1.5174797198,-0.4722355574
976,1.0459305518,-1.5181666798,-0.4722361280
977,1.0464196967,-1.5186564064,-0.4722367097
978,1.0467046384,-1.5189419405,-0.4722373021
979,1.0467783154,-1.5190162203,-0.4722379049
980,1.0466335710,-1.5188720885,-0.4722385175
981,1.0462631620,-1.5185023013,-0.4722391394
982,1.0456597676,-1.5178995376,-0.4722397700
983,1.0448160006,-1.5170564092,-0.4722404086
984,1.0437244183,-1.5159654729,-0.4722410546
985,1.0423775357,-1.5146192426,-0.4722417069
986,1.0407678392,-1.5130102040,-0.4722423648
987,1.0388878019,-1.5111308291,-0.4722430272
988,1.0367299004,-1.5089735934,-0.4722436930
989,1.0342866325,-1.5065309934,-0.4722443609
990,1.0315505369,-1.5037955666,-0.4722450297
991,1.0285142139,-1.5007599118,-0.4722456979
992,1.0251703486,-1.4974167126,-0.4722463640
993,1.0215117345,-1.4937587607,-0.4722470262
994,1.0175312997,-1.4897789826,-0.4722476829
995,1.0132221344,-1.4854704665,-0.4722483321
996,1.0085775206,-1.4808264924,-0.4722489718
997,1.0035909631,-1.4758405628,-0.4722495997
998,0.9982562224,-1.4705064361,-0.4722502137
999,0.9925673499,-1.4648181611,-0.4722508112
1000,0.9865187244,-1.4587701142,-0.4722513898
1001,0.9801050909,-1.4523570375,-0.4722519467
1002,0.9733216005,-1.4455740795,-0.4722524790
1003,0.9661638530,-1.4384168369,-0.4722529839
1004,0.9586279406,-1.4308813989,-0.4722534583
1005,0.9507104937,-1.4229643926,-0.4722538989
1006,0.9424087275,-1.4146630300,-0.4722543025
1007,0.9337204909,-1.4059751566,-0.4722546657
1008,0.9246443166,-1.3968993015,-0.4722549849
1009,0.9151794718,-1.3874347283,-0.4722552566
1010,0.9053260104,-1.3775814874,-0.4722554771
1011,0.8950848260,-1.3673404687,-0.4722556426
1012,0.8844577053,-1.3567134549,-0.4722557496
1013,0.8734473815,-1.3457031756,-0.4722557941
1014,0.8620575883,-1.3343133607,-0.4722557724
1015,0.8502931131,-1.3225487939,-0.4722556808
1016,0.8381598495,-1.3104153652,-0.4722555157
1017,0.8256648493,-1.2979201226,-0.4722552733
1018,0.8128163717,-1.2850713220,-0.4722549503
1019,0.7996239320,-1.2718784753,-0.4722545433
1020,0.7860983472,-1.2583523963,-0.4722540491
1021,0.7722517779,-1.2445052426,-0.4722534648
1022,0.7580977681,-1.2303505557,-0.4722527876
1023,0.7436512799,-1.2159032952,-0.4722520153
1024,0.7289287240,-1.2011798696,-0.4722511457
1025,0.7139479846,-1.1861981617,-0.4722501770
1026,0.6987284390,-1.1709775472,-0.4722491082
1027,0.6832909701,-1.1555389083,-0.4722479382
1028,0.6676579722,-1.1399046391,-0.4722466668
1029,0.6518533494,-1.1240986437,-0.4722452943
1030,0.6359025048,-1.1081463262,-0.4722438213
1031,0.6198323223,-1.0920745716,-0.4722422494
1032,0.6036711374,-1.0759117179,-0.4722405805
1033,0.5874486999,-1.0596875173,-0.4722388173
1034,0.5711961251,-1.0434330885,-0.4722369635
1035,0.5549458348,-1.0271808577,-0.4722350230
1036,0.5387314876,-1.0109644883,-0.4722330007
1037,0.5225878979,-0.9948188004,-0.4722309025
1038,0.5065509440,-0.9787796785,-0.4722287346
1039,0.4906574639,-0.9628839681,-0.4722265041
1040,0.4749451419,-0.9471693611,-0.4722242191
1041,0.4594523823,-0.9316742704,-0.4722218881
1042,0.4442181736,-0.9164376941,-0.4722195204
1043,0.4292819428,-0.9014990688,-0.4722171260
1044,0.4146833993,-0.8868981146,-0.4722147154
1045,0.4004623707,-0.8726746703,-0.4722122996
1046,0.3866586307,-0.8588685210,-0.4722098903
1047,0.3733117199,-0.8455192193,-0.4722074994
1048,0.3604607610,-0.8326659002,-0.4722051392
1049,0.3481442691,-0.8203470913,-0.4722028223
1050,0.3363999596,-0.8086005208,-0.4722005612
1051,0.3252645540,-0.7974629226,-0.4721983686
1052,0.3147735855,-0.7869698427,-0.4721962572
1053,0.3049612058,-0.7771554452,-0.4721942394
1054,0.2958599964,-0.7680523236,-0.4721923272
1055,0.2875007827,-0.7596913151,-0.4721905324
1056,0.2799124564,-0.7521013226,-0.4721888662
1057,0.2731218052,-0.7453091442,-0.4721873390
1058,0.2671533527,-0.7393393133,-0.4721859607
1059,0.2620292093,-0.7342139494,-0.4721847401
1060,0.2577689369,-0.7299526223,-0.4721836854
1061,0.2543894272,-0.7265722306,-0.4721828034
1062,0.2519047957,-0.7240868958,-0.4721821000
1063,0.2503262930,-0.7225078731,-0.4721815800
1064,0.2496622329,-0.7218434798,-0.4721812469
1065,0.2499179397,-0.7220990426,-0.4721811028
1066,0.2510957141,-0.7232768629,-0.4721811488
1067,0.2531948185,-0.7253762030,-0.4721813845
1068,0.2562114821,-0.7283932904,-0.4721818084
1069,0.2601389251,-0.7323213425,-0.4721824174
1070,0.2649674026,-0.7371506102,-0.4721832076
1071,0.2706842667,-0.7428684404,-0.4721841736
1072,0.2772740471,-0.7494593562,-0.4721853091
1073,0.2847185488,-0.7569051551,-0.4721866063
1074,0.2929969657,-0.7651850227,-0.4721880570
1075,0.3020860098,-0.7742756616,-0.4721896518
1076,0.3119600535,-0.7841514339,-0.4721913803
1077,0.3225912844,-0.7947845163,-0.4721932319
1078,0.3339498704,-0.8061450654,-0.4721951950
1079,0.3460041346,-0.8182013923,-0.4721972577
1080,0.3587207367,-0.8309201445,-0.4721994078
1081,0.3720648607,-0.8442664934,-0.4722016327
1082,0.3860004062,-0.8582043259,-0.4722039197
1083,0.4004901823,-0.8726964386,-0.4722062563
1084,0.4154961020,-0.8877047317,-0.4722086297
1085,0.4309793757,-0.9031904033,-0.4722110276
1086,0.4469007024,-0.9191141402,-0.4722134379
1087,0.4632204566,-0.9354363054,-0.4722158487
1088,0.4798988712,-0.9521171200,-0.4722182488
1089,0.4968962123,-0.9691168395,-0.4722206273
1090,0.5141729484,-0.9863959223,-0.4722229739
1091,0.5316899099,-1.0039151890,-0.4722252791
1092,0.5494084406,-1.0216359745,-0.4722275338
1093,0.5672905382,-1.0395202681,-0.4722297299
1094,0.5852989852,-1.0575308450,-0.4722318598
1095,0.6033974691,-1.0756313859,-0.4722339167
1096,0.6215506912,-1.0937865859,-0.4722358946
1097,0.6397244644,-1.1119622527,-0.4722377883
1098,0.6578857994,-1.1301253925,-0.4722395931
1099,0.6760029806,-1.1482442859,-0.4722413053
1100,0.6940456301,-1.1662885519,-0.4722429219
1101,0.7119847612,-1.1842292015,-0.4722444403
1102,0.7297928220,-1.2020386810,-0.4722458590
1103,0.7474437280,-1.2196909048,-0.4722471768
1104,0.7649128860,-1.2371612792,-0.4722483932
1105,0.7821772086,-1.2544267169,-0.4722495083
1106,0.7992151200,-1.2714656426,-0.4722505227
1107,0.8160065540,-1.2882579913,-0.4722514373
1108,0.8325329447,-1.3047851985,-0.4722522538
1109,0.8487772105,-1.3210301845,-0.4722529740
1110,0.8647237316,-1.3369773317,-0.4722536001
1111,0.8803583220,-1.3526124568,-0.4722541347
1112,0.8956681974,-1.3679227781,-0.4722545807
1113,0.9106419374,-1.3828968784,-0.4722549410
1114,0.9252694447,-1.3975246636,-0.4722552189
1115,0.9395419012,-1.4117973192,-0.4722554179
1116,0.9534517211,-1.4257072626,-0.4722555416
1117,0.9669925015,-1.4392480949,-0.4722555934
1118,0.9801589718,-1.4524145490,-0.4722555772
1119,0.9929469419,-1.4652024386,-0.4722554967
1120,1.0053532484,-1.4776086041,-0.4722553557
1121,1.0173757018,-1.4896308597,-0.4722551579
1122,1.0290130325,-1.5012679395,-0.4722549070
1123,1.0402648370,-1.5125194438,-0.4722546068
1124,1.0511315252,-1.5233857860,-0.4722542608
1125,1.0616142675,-1.5338681402,-0.4722538727
1126,1.0717149435,-1.5439683893,-0.4722534458
1127,1.0814360913,-1.5536890748,-0.4722529836
1128,1.0907808582,-1.5630333474,-0.4722524892
1129,1.0997529531,-1.5720049189,-0.4722519658
1130,1.1083566001,-1.5806080165,-0.4722514165
1131,1.1165964934,-1.5888473374,-0.4722508440
1132,1.1244777549,-1.5967280062,-0.4722502513
1133,1.1320058925,-1.6042555333,-0.4722496408
1134,1.1391867608,-1.6114357759,-0.4722490151
1135,1.1460265234,-1.6182749000,-0.4722483766
1136,1.1525316172,-1.6247793447,-0.4722477275
1137,1.1587087185,-1.6309557883,-0.4722470698
1138,1.1645647106,-1.6368111162,-0.4722464057
1139,1.1701066539,-1.6423523907,-0.4722457368
1140,1.1753417570,-1.6475868220,-0.4722450650
1141,1.1802773504,-1.6525217421,-0.4722443918
1142,1.1849208608,-1.6571645795,-0.4722437187
1143,1.1892797883,-1.6615228354,-0.4722430471
1144,1.1933616844,-1.6656040628,-0.4722423783
1145,1.1971741318,-1.6694158453,-0.4722417135
1146,1.2007247254,-1.6729657790,-0.4722410536
1147,1.2040210556,-1.6762614553,-0.4722403997
1148,1.2070706918,-1.6793104445,-0.4722397527
1149,1.2098811682,-1.6821202815,-0.4722391133
1150,1.2124599703,-1.6846984526,-0.4722384822
1151,1.2148145227,-1.6870523829,-0.4722378602
1152,1.2169521784,-1.6891894261,-0.4722372477
1153,1.2188802084,-1.6911168537,-0.4722366453
1154,1.2206057932,-1.6928418466,-0.4722360534
1155,1.2221360145,-1.6943714869,-0.4722354724
1156,1.2234778486,-1.6957127511,-0.4722349025
1157,1.2246381593,-1.6968725034,-0.4722343441
1158,1.2256236936,-1.6978574910,-0.4722337974
1159,1.2264410759,-1.6986743384,-0.4722332625
1160,1.2270968046,-1.6993295442,-0.4722327396
1161,1.2275972487,-1.6998294775,-0.4722322288
1162,1.2279486448,-1.7001803748,-0.4722317301
1163,1.2281570947,-1.7003883382,-0.4722312435
1164,1.2282285641,-1.7004593332,-0.4722307691
1165,1.2281688810,-1.7003991879,-0.4722303068
1166,1.2279837351,-1.7002135917,-0.4722298566
1167,1.2276786770,-1.6999080953,-0.4722294183
1168,1.2272591183,-1.6994881103,-0.4722289920
1169,1.2267303321,-1.6989589095,-0.4722285774
1170,1.2260974530,-1.6983256275,-0.4722281744
1171,1.2253654784,-1.6975932614,-0.4722277830
1172,1.2245392693,-1.6967666721,-0.4722274028
1173,1.2236235515,-1.6958505853,-0.4722270338
1174,1.2226229174,-1.6948495932,-0.4722266758
1175,1.2215418274,-1.6937681559,-0.4722263285
1176,1.2203846118,-1.6926106036,-0.4722259918
1177,1.2191554726,-1.6913811381,-0.4722256655
1178,1.2178584857,-1.6900838351,-0.4722253494
1179,1.2164976032,-1.6887226464,-0.4722250432
1180,1.2150766554,-1.6873014021,-0.4722247467
1181,1.2135993532,-1.6858238129,-0.4722244597
1182,1.2120692906,-1.6842934727,-0.4722241821
1183,1.2104899471,-1.6827138606,-0.4722239135
1184,1.2088646902,-1.6810883440,-0.4722236538
1185,1.2071967779,-1.6794201805,-0.4722234027
1186,1.2054893611,-1.6777125211,-0.4722231599
1187,1.2037454867,-1.6759684121,-0.4722229254
1188,1.2019680994,-1.6741907982,-0.4722226988
1189,1.2001600447,-1.6723825247,-0.4722224800
1190,1.1983240716,-1.6705463404,-0.4722222687
1191,1.1964628348,-1.6686848996,-0.4722220648
1192,1.1945788974,-1.6668007653,-0.4722218679
1193,1.1926747334,-1.6648964113,-0.4722216779
1194,1.1907527301,-1.6629742248,-0.4722214947
1195,1.1888151908,-1.6610365087,-0.4722213179
1196,1.1868643369,-1.6590854843,-0.4722211475
1197,1.1849023104,-1.6571232935,-0.4722209831
1198,1.1829311764,-1.6551520011,-0.4722208247
1199,1.1809529253,-1.6531735973,-0.4722206720
1200,1.1789694749,-1.6511899998,-0.4722205249
1201,1.1769826731,-1.6492030562,-0.4722203831
1202,1.1749942994,-1.6472145460,-0.4722202466
1203,1.1730060678,-1.6452261829,-0.4722201151
1204,1.1710196282,-1.6432396167,-0.4722199885
1205,1.1690365690,-1.6412564355,-0.4722198666
1206,1.1670584186,-1.6392781678,-0.4722197492
1207,1.1650866478,-1.6373062840,-0.4722196363
1208,1.1631226715,-1.6353421991,-0.4722195276
1209,1.1611678506,-1.6333872736,-0.4722194230
1210,1.1592234937,-1.6314428161,-0.4722193224
1211,1.1572908591,-1.6295100847,-0.4722192256
1212,1.1553711562,-1.6275902888,-0.4722191326
1213,1.1534655474,-1.6256845905,-0.4722190431
1214,1.1515751499,-1.6237941069,-0.4722189571
1215,1.1497010367,-1.6219199111,-0.4722188744
1216,1.1478442388,-1.6200630337,-0.4722187949
1217,1.1460057462,-1.6182244647,-0.4722187185
1218,1.1441865097,-1.6164051548,-0.4722186451
1219,1.1423874421,-1.6146060167,-0.4722185746
1220,1.1406094196,-1.6128279264,-0.4722185068
1221,1.1388532830,-1.6110717248,-0.4722184417
1222,1.1371198395,-1.6093382188,-0.4722183792
1223,1.1354098633,-1.6076281825,-0.4722183192
1224,1.1337240971,-1.6059423587,-0.4722182616
1225,1.1320632533,-1.6042814596,-0.4722182063
1226,1.1304280153,-1.6026461684,-0.4722181532
1227,1.1288190380,-1.6010371402,-0.4722181022
1228,1.1272369495,-1.5994550028,-0.4722180533
1229,1.1256823520,-1.5979003583,-0.4722180063
1230,1.1241558223,-1.5963737836,-0.4722179613
1231,1.1226579135,-1.5948758316,-0.4722179181
1232,1.1211891554,-1.5934070320,-0.4722178766
1233,1.1197500557,-1.5919678925,-0.4722178368
1234,1.1183411005,-1.5905588992,-0.4722177987
1235,1.1169627556,-1.5891805178,-0.4722177621
1236,1.1156154672,-1.5878331942,-0.4722177270
1237,1.1142996622,-1.5865173556,-0.4722176934
1238,1.1130157498,-1.5852334109,-0.4722176612
1239,1.1117641213,-1.5839817516,-0.4722176302
1240,1.1105451518,-1.5827627524,-0.4722176006
1241,1.1093592000,-1.5815767722,-0.4722175722
1242,1.1082066093,-1.5804241542,-0.4722175449
1243,1.1070877084,-1.5793052273,-0.4722175188
1244,1.1060028120,-1.5782203058,-0.4722174938
1245,1.1049522210,-1.5771696908,-0.4722174698
1246,1.1039362236,-1.5761536704,-0.4722174468
1247,1.1029550954,-1.5751725202,-0.4722174248
1248,1.1020091003,-1.5742265040,-0.4722174037
1249,1.1010984906,-1.5733158741,-0.4722173834
1250,1.1002235080,-1.5724408720,-0.4722173640
1251,1.0993843836,-1.5716017290,-0.4722173455
1252,1.0985813386,-1.5707986662,-0.4722173276
1253,1.0978145847,-1.5700318953,-0.4722173106
1254,1.0970843246,-1.5693016188,-0.4722172942
1255,1.0963907523,-1.5686080308,-0.4722172785
1256,1.0957340534,-1.5679513168,-0.4722172635
1257,1.0951144057,-1.5673316547,-0.4722172491
1258,1.0945319794,-1.5667492146,-0.4722172352
1259,1.0939869377,-1.5662041596,-0.4722172220
1260,1.0934794366,-1.5656966459,-0.4722172093
1261,1.0930096258,-1.5652268229,-0.4722171971
1262,1.0925776489,-1.5647948343,-0.4722171854
1263,1.0921836432,-1.5644008173,-0.4722171742
1264,1.0918277405,-1.5640449039,-0.4722171634
1265,1.0915100674,-1.5637272205,-0.4722171531
1266,1.0912307452,-1.5634478884,-0.4722171432
1267,1.0909898904,-1.5632070240,-0.4722171337
1268,1.0907876147,-1.5630047392,-0.4722171245
1269,1.0906240257,-1.5628411414,-0.4722171158
1270,1.0904992265,-1.5627163338,-0.4722171073
1271,1.0904133164,-1.5626304157,-0.4722170992
1272,1.0903663910,-1.5625834824,-0.4722170915
1273,1.0903585420,-1.5625756260,-0.4722170840
1274,1.0903898579,-1.5626069347,-0.4722170768
1275,1.0904604240,-1.5626774939,-0.4722170699
1276,1.0905703224,-1.5627873857,-0.4722170633
1277,1.0907196323,-1.5629366892,-0.4722170569
1278,1.0909084300,-1.5631254808,-0.4722170508
1279,1.0911367893,-1.5633538342,-0.4722170449
1280,1.0914047815,-1.5636218207,-0.4722170392
1281,1.0917124752,-1.5639295090,-0.4722170338
1282,1.0920599371,-1.5642769657,-0.4722170285
1283,1.0924472315,-1.5646642550,-0.4722170235
1284,1.0928744204,-1.5650914391,-0.4722170187
1285,1.0933415642,-1.5655585782,-0.4722170140
1286,1.0938487211,-1.5660657307,-0.4722170095
1287,1.0943959476,-1.5666129528,-0.4722170053
1288,1.0949832981,-1.5672002993,-0.4722170011
1289,1.0956108258,-1.5678278230,-0.4722169972
1290,1.0962785817,-1.5684955751,-0.4722169934
1291,1.0969866156,-1.5692036054,-0.4722169898
1292,1.0977349753,-1.5699519617,-0.4722169864
1293,1.0985237075,-1.5707406905,-0.4722169831
1294,1.0993528570,-1.5715698369,-0.4722169799
1295,1.1002224672,-1.5724394442,-0.4722169770
1296,1.1011325802,-1.5733495543,-0.4722169741
1297,1.1020832363,-1.5743002078,-0.4722169715
1298,1.1030744746,-1.5752914435,-0.4722169690
1299,1.1041063325,-1.5763232991,-0.4722169666
1300,1.1051788459,-1.5773958103,-0.4722169644
1301,1.1062920494,-1.5785090118,-0.4722169624
1302,1.1074459757,-1.5796629363,-0.4722169605
1303,1.1086406562,-1.5808576151,-0.4722169588
1304,1.1098761206,-1.5820930779,-0.4722169573
1305,1.1111523967,-1.5833693527,-0.4722169560
1306,1.1124695109,-1.5846864657,-0.4722169548
1307,1.1138274875,-1.5860444413,-0.4722169538
1308,1.1152263491,-1.5874433022,-0.4722169531
1309,1.1166661165,-1.5888830689,-0.4722169525
1310,1.1181468081,-1.5903637602,-0.4722169521
1311,1.1196684404,-1.5918853923,-0.4722169519
1312,1.1212310277,-1.5934479797,-0.4722169520
1313,1.1228345819,-1.5950515342,-0.4722169523
1314,1.1244791126,-1.5966960654,-0.4722169528
1315,1.1261646266,-1.5983815802,-0.4722169536
1316,1.1278911281,-1.6001080827,-0.4722169547
1317,1.1296586185,-1.6018755745,-0.4722169560
1318,1.1314670963,-1.6036840539,-0.4722169576
1319,1.1333165566,-1.6055335161,-0.4722169595
1320,1.1352069914,-1.6074239531,-0.4722169617
1321,1.1371383891,-1.6093553534,-0.4722169643
1322,1.1391107346,-1.6113277017,-0.4722169672
1323,1.1411240086,-1.6133409790,-0.4722169704
1324,1.1431781880,-1.6153951620,-0.4722169740
1325,1.1452732452,-1.6174902233,-0.4722169781
1326,1.1474091484,-1.6196261309,-0.4722169825
1327,1.1495858606,-1.6218028480,-0.4722169874
1328,1.1518033401,-1.6240203328,-0.4722169927
1329,1.1540615399,-1.6262785383,-0.4722169985
1330,1.1563604071,-1.6285774119,-0.4722170048
1331,1.1586998835,-1.6309168951,-0.4722170116
1332,1.1610799044,-1.6332969233,-0.4722170189
1333,1.1635003987,-1.6357174255,-0.4722170268
1334,1.1659612885,-1.6381783239,-0.4722170353
1335,1.1684624890,-1.6406795334,-0.4722170445
1336,1.1710039076,-1.6432209618,-0.4722170543
1337,1.1735854440,-1.6458025087,-0.4722170647
1338,1.1762069897,-1.6484240657,-0.4722170759
1339,1.1788684276,-1.6510855155,-0.4722170879
1340,1.1815696314,-1.6537867320,-0.4722171006
1341,1.1843104654,-1.6565275795,-0.4722171141
1342,1.1870907839,-1.6593079124,-0.4722171285
1343,1.1899104308,-1.6621275745,-0.4722171437
1344,1.1927692391,-1.6649863991,-0.4722171599
1345,1.1956670304,-1.6678842075,-0.4722171771
1346,1.1986036143,-1.6708208096,-0.4722171953
1347,1.2015787879,-1.6737960024,-0.4722172145
1348,1.2045923352,-1.6768095700,-0.4722172349
1349,1.2076440266,-1.6798612829,-0.4722172563
1350,1.2107336180,-1.6829508971,-0.4722172790
1351,1.2138608508,-1.6860781537,-0.4722173030
1352,1.2170254502,-1.6892427785,-0.4722173282
1353,1.2202271257,-1.6924444805,-0.4722173549
1354,1.2234655692,-1.6956829522,-0.4722173829
1355,1.2267404554,-1.6989578679,-0.4722174124
1356,1.2300514402,-1.7022688837,-0.4722174435
1357,1.2333981600,-1.7056156362,-0.4722174762
1358,1.2367802313,-1.7089977418,-0.4722175105
1359,1.2401972495,-1.7124147961,-0.4722175466
1360,1.2436487881,-1.7158663726,-0.4722175846
1361,1.2471343977,-1.7193520220,-0.4722176244
1362,1.2506536051,-1.7228712713,-0.4722176662
1363,1.2542059124,-1.7264236224,-0.4722177100
1364,1.2577907959,-1.7300085518,-0.4722177560
1365,1.2614077048,-1.7336255089,-0.4722178041
1366,1.2650560605,-1.7372739152,-0.4722178546
1367,1.2687352554,-1.7409531629,-0.4722179075
1368,1.2724446513,-1.7446626142,-0.4722179629
1369,1.2761835788,-1.7484015997,-0.4722180209
1370,1.2799513354,-1.7521694170,-0.4722180816
1371,1.2837471849,-1.7559653299,-0.4722181450
1372,1.2875703553,-1.7597885668,-0.4722182114
1373,1.2914200382,-1.7636383190,-0.4722182809
1374,1.2952953865,-1.7675137399,-0.4722183534
1375,1.2991955139,-1.7714139431,-0.4722184292
1376,1.3031194924,-1.7753380008,-0.4722185084
1377,1.3070663514,-1.7792849425,-0.4722185911
1378,1.3110350758,-1.7832537533,-0.4722186775
1379,1.3150246044,-1.7872433720,-0.4722187676
1380,1.3190338281,-1.7912526898,-0.4722188617
1381,1.3230615882,-1.7952805480,-0.4722189598
1382,1.3271066744,-1.7993257366,-0.4722190622
1383,1.3311678233,-1.8033869922,-0.4722191689
1384,1.3352437161,-1.8074629962,-0.4722192801
1385,1.3393329765,-1.8115523725,-0.4722193961
1386,1.3434341690,-1.8156536860,-0.4722195169
1387,1.3475457969,-1.8197654397,-0.4722196427
1388,1.3516662995,-1.8238860733,-0.4722197738
1389,1.3557940504,-1.8280139607,-0.4722199103
1390,1.3599273552,-1.8321474076,-0.4722200523
1391,1.3640644490,-1.8362846491,-0.4722202001
1392,1.3682034940,-1.8404238479,-0.4722203539
1393,1.3723425772,-1.8445630911,-0.4722205139
1394,1.3764797078,-1.8487003880,-0.4722206802
1395,1.3806128148,-1.8528336680,-0.4722208532
1396,1.3847397442,-1.8569607771,-0.4722210329
1397,1.3888582564,-1.8610794761,-0.4722212197
1398,1.3929660237,-1.8651874374,-0.4722214138
1399,1.3970606272,-1.8692822425,-0.4722216153
1400,1.4011395544,-1.8733613789,-0.4722218246
1401,1.4052001960,-1.8774222378,-0.4722220418
1402,1.4092398434,-1.8814621106,-0.4722222672
1403,1.4132556855,-1.8854781865,-0.4722225011
1404,1.4172448058,-1.8894675495,-0.4722227437
1405,1.4212041799,-1.8934271751,-0.4722229952
1406,1.4251306718,-1.8973539277,-0.4722232559
1407,1.4290210314,-1.9012445575,-0.4722235261
1408,1.4328718916,-1.9050956976,-0.4722238060
1409,1.4366797648,-1.9089038607,-0.4722240959
1410,1.4404410406,-1.9126654366,-0.4722243960
1411,1.4441519824,-1.9163766890,-0.4722247066
1412,1.4478087245,-1.9200337525,-0.4722250280
1413,1.4514072696,-1.9236326299,-0.4722253604
1414,1.4549434854,-1.9271691895,-0.4722257040
1415,1.4584131026,-1.9306391618,-0.4722260592
1416,1.4618117115,-1.9340381377,-0.4722264262
1417,1.4651347600,-1.9373615651,-0.4722268051
1418,1.4683775508,-1.9406047471,-0.4722271963
1419,1.4715352395,-1.9437628395,-0.4722276000
1420,1.4746028320,-1.9468308483,-0.4722280163
1421,1.4775751829,-1.9498036284,-0.4722284456
1422,1.4804469935,-1.9526758814,-0.4722288879
1423,1.4832128107,-1.9554421541,-0.4722293434
1424,1.4858670251,-1.9580968375,-0.4722298124
1425,1.4884038706,-1.9606341655,-0.4722302949
1426,1.4908174236,-1.9630482147,-0.4722307911
1427,1.4931016025,-1.9653329035,-0.4722313010
1428,1.4952501680,-1.9674819927,-0.4722318248
1429,1.4972567236,-1.9694890860,-0.4722323624
1430,1.4991147167,-1.9713476306,-0.4722329139
1431,1.5008174398,-1.9730509190,-0.4722334792
1432,1.5023580329,-1.9745920913,-0.4722340583
1433,1.5037294862,-1.9759641373,-0.4722346511
1434,1.5049246430,-1.9771599003,-0.4722352573
1435,1.5059362043,-1.9781720812,-0.4722358768
1436,1.5067567334,-1.9789932427,-0.4722365094
1437,1.5073786614,-1.9796158160,-0.4722371546
1438,1.5077942939,-1.9800321061,-0.4722378122
1439,1.5079958187,-1.9802343003,-0.4722384816
1440,1.5079753140,-1.9802144763,-0.4722391623
1441,1.5077247580,-1.9799646118,-0.4722398538
1442,1.5072360399,-1.9794765952,-0.4722405554
1443,1.5065009717,-1.9787422379,-0.4722412662
1444,1.5055113017,-1.9777532871,-0.4722419854
1445,1.5042587288,-1.9765014409,-0.4722427121
1446,1.5027349192,-1.9749783643,-0.4722434451
1447,1.5009315234,-1.9731757067,-0.4722441833
1448,1.4988401960,-1.9710851214,-0.4722449255
1449,1.4964526164,-1.9686982864,-0.4722456700
1450,1.4937605114,-1.9660069270,-0.4722464156
1451,1.4907556803,-1.9630028406,-0.4722471604
1452,1.4874300204,-1.9596779230,-0.4722479026
1453,1.4837755562,-1.9560241966,-0.4722486403
1454,1.4797844696,-1.9520338411,-0.4722493715
1455,1.4754491321,-1.9476992258,-0.4722500937
1456,1.4707621397,-1.9430129445,-0.4722508048
1457,1.4657163498,-1.9379678518,-0.4722515020
1458,1.4603049197,-1.9325571024,-0.4722521826
1459,1.4545213484,-1.9267741923,-0.4722528439
1460,1.4483595193,-1.9206130021,-0.4722534827
1461,1.4418137466,-1.9140678425,-0.4722540959
1462,1.4348788223,-1.9071335024,-0.4722546802
1463,1.4275500665,-1.8998052984,-0.4722552319
1464,1.4198233796,-1.8920791271,-0.4722557475
1465,1.4116952955,-1.8839515188,-0.4722562232
1466,1.4031630382,-1.8754196933,-0.4722566551
1467,1.3942245787,-1.8664816178,-0.4722570391
1468,1.3848786944,-1.8571360655,-0.4722573711
1469,1.3751250293,-1.8473826761,-0.4722576468
1470,1.3649641556,-1.8372220176,-0.4722578620
1471,1.3543976361,-1.8266556483,-0.4722580122
1472,1.3434280870,-1.8156861799,-0.4722580929
1473,1.3320592407,-1.8043173406,-0.4722580999
1474,1.3202960092,-1.7925540379,-0.4722580287
1475,1.3081445461,-1.7804024210,-0.4722578749
1476,1.2956123076,-1.7678699419,-0.4722576343
1477,1.2827081125,-1.7549654152,-0.4722573027
1478,1.2694421994,-1.7416990755,-0.4722568761
1479,1.2558262817,-1.7280826323,-0.4722563507
1480,1.2418735989,-1.7141293218,-0.4722557229
1481,1.2275989643,-1.6998539537,-0.4722549894
1482,1.2130188078,-1.6852729552,-0.4722541474
1483,1.1981512135,-1.6704044078,-0.4722531943
1484,1.1830159510,-1.6552680789,-0.4722521278
1485,1.1676345004,-1.6398854469,-0.4722509465
1486,1.1520300689,-1.6242797181,-0.4722496492
1487,1.1362276000,-1.6084758353,-0.4722482353
1488,1.1202537729,-1.5925004779,-0.4722467051
1489,1.1041369926,-1.5763820519,-0.4722450592
1490,1.0879073694,-1.5601506688,-0.4722432994
1491,1.0715966868,-1.5438381147,-0.4722414278
1492,1.0552383587,-1.5274778064,-0.4722394477
1493,1.0388673730,-1.5111047360,-0.4722373630
1494,1.0225202240,-1.4947554026,-0.4722351785
1495,1.0062348302,-1.4784677303,-0.4722329001
1496,0.9900504396,-1.4622809739,-0.4722305343
1497,0.9740075216,-1.4462356102,-0.4722280886
1498,0.9581476447,-1.4303732164,-0.4722255717
1499,0.9425133416,-1.4147363344,-0.4722229928
1500,0.9271479605,-1.3993683225,-0.4722203621
1501,0.9120955039,-1.3843131945,-0.4722176906
1502,0.8974004555,-1.3696154458,-0.4722149902
1503,0.8831075957,-1.3553198691,-0.4722122734
1504,0.8692618061,-1.3414713594,-0.4722095534
1505,0.8559078655,-1.3281147093,-0.4722068438
1506,0.8430902373,-1.3152943962,-0.4722041589
1507,0.8308528506,-1.3030543639,-0.4722015133
1508,0.8192388757,-1.2914377973,-0.4721989217
1509,0.8082904967,-1.2804868958,-0.4721963991
1510,0.7980486827,-1.2702426430,-0.4721939604
1511,0.7885529586,-1.2607445790,-0.4721916204
1512,0.7798411795,-1.2520305731,-0.4721893937
1513,0.7719493081,-1.2441366024,-0.4721872943
1514,0.7649112003,-1.2370965361,-0.4721853359
1515,0.7587583978,-1.2309419290,-0.4721835313
1516,0.7535199328,-1.2257018253,-0.4721818925
1517,0.7492221448,-1.2214025755,-0.4721804307
1518,0.7458885116,-1.2180676674,-0.4721791558
1519,0.7435394976,-1.2157175744,-0.4721780768
1520,0.7421924195,-1.2143696206,-0.4721772011
1521,0.7418613320,-1.2140378670,-0.4721765350
1522,0.7425569338,-1.2147330169,-0.4721760832
1523,0.7442864956,-1.2164623445,-0.4721758489
1524,0.7470538114,-1.2192296453,-0.4721758339
1525,0.7508591716,-1.2230352100,-0.4721760384
1526,0.7556993610,-1.2278758220,-0.4721764609
1527,0.7615676797,-1.2337447784,-0.4721770987
1528,0.7684539871,-1.2406319342,-0.4721779471
1529,0.7763447686,-1.2485237691,-0.4721790005
1530,0.7852232256,-1.2574034770,-0.4721802515
1531,0.7950693841,-1.2672510757,-0.4721816916
1532,0.8058602256,-1.2780435366,-0.4721833110
1533,0.8175698347,-1.2897549336,-0.4721850990
1534,0.8301695636,-1.3023566073,-0.4721870436
1535,0.8436282128,-1.3158173451,-0.4721891323
1536,0.8579122229,-1.3301035745,-0.4721913516
1537,0.8729858792,-1.3451795668,-0.4721936876
1538,0.8888115247,-1.3610076506,-0.4721961259
1539,0.9053497794,-1.3775484312,-0.4721986518
1540,0.9225597658,-1.3947610162,-0.4722012503
1541,0.9403993359,-1.4126032427,-0.4722039068
1542,0.9588252995,-1.4310319059,-0.4722066063
1543,0.9777936518,-1.4500029862,-0.4722093344
1544,0.9972597966,-1.4694718734,-0.4722120768
1545,1.0171787664,-1.4893935862,-0.4722148198
1546,1.0375054344,-1.5097229846,-0.4722175502
1547,1.0581947205,-1.5304149758,-0.4722202554
1548,1.0792017862,-1.5514247097,-0.4722229235
1549,1.1004822210,-1.5727077644,-0.4722255435
1550,1.1219922165,-1.5942203215,-0.4722281050
1551,1.1436887290,-1.6159193276,-0.4722305986
1552,1.1655296288,-1.6377626447,-0.4722330159
1553,1.1874738376,-1.6597091867,-0.4722353491
1554,1.2094814510,-1.6817190425,-0.4722375915
1555,1.2315138490,-1.7037535863,-0.4722397373
1556,1.2535337915,-1.7257755731,-0.4722417817
1557,1.2755055014,-1.7477492219,-0.4722437204
1558,1.2973947344,-1.7696402849,-0.4722455505
1559,1.3191688352,-1.7914161046,-0.4722472694
1560,1.3407967821,-1.8130456578,-0.4722488756
1561,1.3622492196,-1.8344995879,-0.4722503684
1562,1.3834984791,-1.8557502265,-0.4722517474
1563,1.4045185901,-1.8767716034,-0.4722530134
1564,1.4252852800,-1.8975394473,-0.4722541673
1565,1.4457759662,-1.9180311770,-0.4722552108
1566,1.4659697381,-1.9382258843,-0.4722561462
1567,1.4858473329,-1.9581043089,-0.4722569760
1568,1.5053911031,-1.9776488064,-0.4722577033
1569,1.5245849787,-1.9968433100,-0.4722583313
1570,1.5434144231,-2.0156732869,-0.4722588638
1571,1.5618663848,-2.0341256895,-0.4722593047
1572,1.5799292447,-2.0521889027,-0.4722596580
1573,1.5975927597,-2.0698526878,-0.4722599282
1574,1.6148480038,-2.0871081233,-0.4722601195
1575,1.6316873068,-2.1039475434,-0.4722602366
1576,1.6481041912,-2.1203644751,-0.4722602840
1577,1.6640933079,-2.1363535741,-0.4722602662
1578,1.6796503713,-2.1519105593,-0.4722601880
1579,1.6947720938,-2.1670321476,-0.4722600538
1580,1.7094561205,-2.1817159887,-0.4722598682
1581,1.7237009645,-2.1959606002,-0.4722596357
1582,1.7375059428,-2.2097653033,-0.4722593605
1583,1.7508711128,-2.2231301599,-0.4722590471
1584,1.7637972108,-2.2360559103,-0.4722586995
1585,1.7762855914,-2.2485439132,-0.4722583218
1586,1.7883381689,-2.2605960868,-0.4722579179
1587,1.7999573600,-2.2722148515,-0.4722574915
1588,1.8111460288,-2.2834030750,-0.4722570462
1589,1.8219074337,-2.2941640192,-0.4722565856
1590,1.8322451763,-2.3045012891,-0.4722561128
1591,1.8421631527,-2.3144187838,-0.4722556311
1592,1.8516655065,-2.3239206499,-0.4722551434
1593,1.8607565840,-2.3330112367,-0.4722546526
1594,1.8694408925,-2.3416950539,-0.4722541614
1595,1.8777230594,-2.3499767316,-0.4722536723
1596,1.8856077941,-2.3578609818,-0.4722531877
1597,1.8930998527,-2.3653525625,-0.4722527098
1598,1.9002040033,-2.3724562441,-0.4722522408
1599,1.9069249946,-2.3791767771,-0.4722517826
1600,1.9132675258,-2.3855188628,-0.4722513370
1601,1.9192362188,-2.3914871246,-0.4722509058
1602,1.9248355921,-2.3970860827,-0.4722504906
1603,1.9300700363,-2.4023201290,-0.4722500928
1604,1.9349437917,-2.4071935054,-0.4722497137
1605,1.9394609274,-2.4117102822,-0.4722493548
1606,1.9436253224,-2.4158743393,-0.4722490169
1607,1.9474406472,-2.4196893485,-0.4722487013
1608,1.9509103482,-2.4231587571,-0.4722484089
1609,1.9540376330,-2.4262857735,-0.4722481405
1610,1.9568254567,-2.4290733536,-0.4722478969
1611,1.9592765101,-2.4315241889,-0.4722476788
1612,1.9613932090,-2.4336406958,-0.4722474868
1613,1.9631776849,-2.4354250063,-0.4722473214
1614,1.9646317765,-2.4368789595,-0.4722471830
1615,1.9657570228,-2.4380040949,-0.4722470721
1616,1.9665546573,-2.4388016463,-0.4722469890
1617,1.9670256029,-2.4392725368,-0.4722469339
1618,1.9671704687,-2.4394173756,-0.4722469069
1619,1.9669895469,-2.4392364551,-0.4722469082
1620,1.9664828117,-2.4387297495,-0.4722469378
1621,1.9656499188,-2.4378969144,-0.4722469956
1622,1.9644902056,-2.4367372872,-0.4722470816
1623,1.9630026936,-2.4352498891,-0.4722471955
1624,1.9611860906,-2.4334334278,-0.4722473372
1625,1.9590387950,-2.4312863013,-0.4722475063
1626,1.9565589006,-2.4288066030,-0.4722477024
1627,1.9537442027,-2.4259921278,-0.4722479251
1628,1.9505922057,-2.4228403795,-0.4722481738
1629,1.9471001315,-2.4193485794,-0.4722484480
1630,1.9432649292,-2.4155136760,-0.4722487468
1631,1.9390832864,-2.4113323559,-0.4722490695
1632,1.9345516414,-2.4068010566,-0.4722494152
1633,1.9296661974,-2.4019159804,-0.4722497830
1634,1.9244229372,-2.3966731090,-0.4722501718
1635,1.9188176406,-2.3910682209,-0.4722505803
1636,1.9128459023,-2.3850969096,-0.4722510073
1637,1.9065031522,-2.3787546036,-0.4722514514
1638,1.8997846767,-2.3720365878,-0.4722519111
1639,1.8926856425,-2.3649380271,-0.4722523846
1640,1.8852011217,-2.3574539920,-0.4722528703
1641,1.8773261189,-2.3495794852,-0.4722533662
1642,1.8690556004,-2.3413094707,-0.4722538703
1643,1.8603845253,-2.3326389056,-0.4722543804
1644,1.8513078784,-2.3235627726,-0.4722548941
1645,1.8418207063,-2.3140761153,-0.4722554090
1646,1.8319181538,-2.3041740762,-0.4722559224
1647,1.8215955046,-2.2938519362,-0.4722564315
1648,1.8108482227,-2.2831051561,-0.4722569334
1649,1.7996719965,-2.2719294214,-0.4722574250
1650,1.7880627858,-2.2603206886,-0.4722579028
1651,1.7760168702,-2.2482752338,-0.4722583636
1652,1.7635309000,-2.2357897037,-0.4722588038
1653,1.7506019496,-2.2228611690,-0.4722592194
1654,1.7372275730,-2.2094871797,-0.4722596067
1655,1.7234058606,-2.1956658222,-0.4722599616
1656,1.7091354993,-2.1813957791,-0.4722602799
1657,1.6944158329,-2.1666763901,-0.4722605572
1658,1.6792469259,-2.1515077150,-0.4722607892
1659,1.6636296267,-2.1358905979,-0.4722609712
1660,1.6475656339,-2.1198267326,-0.4722610987
1661,1.6310575628,-2.1033187298,-0.4722611669
1662,1.6141090122,-2.0863701834,-0.4722611712
1663,1.5967246321,-2.0689857388,-0.4722611068
1664,1.5789101913,-2.0511711601,-0.4722609688
1665,1.5606726444,-2.0329333971,-0.4722607527
1666,1.5420201979,-2.0142806516,-0.4722604537
1667,1.5229623750,-1.9952224423,-0.4722600674
1668,1.5035100780,-1.9757696672,-0.4722595893
1669,1.4836756489,-1.9559346641,-0.4722590152
1670,1.4634729263,-1.9357312676,-0.4722583412
1671,1.4429172985,-1.9151748621,-0.4722575636
1672,1.4220257520,-1.8942824310,-0.4722566791
1673,1.4008169152,-1.8730725998,-0.4722556846
1674,1.3793110956,-1.8515656732,-0.4722545776
1675,1.3575303105,-1.8297836665,-0.4722533560
1676,1.3354983098,-1.8077503281,-0.4722520184
1677,1.3132405909,-1.7854911546,-0.4722505637
1678,1.2907844044,-1.7630333961,-0.4722489917
1679,1.2681587495,-1.7404060523,-0.4722473029
1680,1.2453943590,-1.7176398572,-0.4722454982
1681,1.2225236734,-1.6947672532,-0.4722435798
1682,1.1995808023,-1.6718223527,-0.4722415504
1683,1.1766014738,-1.6488408873,-0.4722394135
1684,1.1536229701,-1.6258601439,-0.4722371738
1685,1.1306840505,-1.6029188873,-0.4722348368
1686,1.1078248600,-1.5800572688,-0.4722324088
1687,1.0850868238,-1.5573167210,-0.4722298972
1688,1.0625125277,-1.5347398380,-0.4722273103
1689,1.0401455850,-1.5123702423,-0.4722246573
1690,1.0180304886,-1.4902524371,-0.4722219485
1691,0.9962124505,-1.4684316453,-0.4722191948
1692,0.9747372282,-1.4469536362,-0.4722164080
1693,0.9536509382,-1.4258645391,-0.4722136009
1694,0.9329998594,-1.4052106461,-0.4722107867
1695,0.9128302254,-1.3850382048,-0.4722079794
1696,0.8931880084,-1.3653932019,-0.4722051935
1697,0.8741186952,-1.3463211390,-0.4722024438
1698,0.8556670575,-1.3278668031,-0.4721997456
1699,0.8378769184,-1.3100740326,-0.4721971142
1700,0.8207909156,-1.2929854808,-0.4721945651
1701,0.8044502657,-1.2766423793,-0.4721921136
1702,0.7888945287,-1.2610843036,-0.4721897749
1703,0.7741613779,-1.2463489414,-0.4721875635
1704,0.7602863748,-1.2324718686,-0.4721854937
1705,0.7473027531,-1.2194863322,-0.4721835791
1706,0.7352412122,-1.2074230445,-0.4721818323
1707,0.7241297245,-1.1963099897,-0.4721802652
1708,0.7139933565,-1.1861722447,-0.4721788882
1709,0.7048541064,-1.1770318175,-0.4721777111
1710,0.6967307606,-1.1689075024,-0.4721767418
1711,0.6896387696,-1.1618147567,-0.4721759872
1712,0.6835901451,-1.1557655976,-0.4721754525
1713,0.6785933803,-1.1507685218,-0.4721751415
1714,0.6746533927,-1.1468284491,-0.4721750564
1715,0.6717714914,-1.1439466891,-0.4721751977
1716,0.6699453689,-1.1421209332,-0.4721755643
1717,0.6691691168,-1.1413452705,-0.4721761536
1718,0.6694332668,-1.1416102281,-0.4721769613
1719,0.6707248546,-1.1429028363,-0.4721779817
1720,0.6730275075,-1.1452067149,-0.4721792074
1721,0.6763215542,-1.1485021841,-0.4721806299
1722,0.6805841551,-1.1527663945,-0.4721822394
1723,0.6857894525,-1.1579734772,-0.4721840247
1724,0.6919087383,-1.1640947121,-0.4721859738
1725,0.6989106381,-1.1710987117,-0.4721880736
1726,0.7067613086,-1.1789516190,-0.4721903104
1727,0.7154246484,-1.1876173181,-0.4721926697
1728,0.7248625168,-1.1970576534,-0.4721951367
1729,0.7350349619,-1.2072326579,-0.4721976960
1730,0.7459004533,-1.2181007856,-0.4722003323
1731,0.7574161186,-1.2296191486,-0.4722030300
1732,0.7695379806,-1.2417437543,-0.4722057737
1733,0.7822211937,-1.2544297421,-0.4722085483
1734,0.7954202784,-1.2676316173,-0.4722113389
1735,0.8090893495,-1.2813034806,-0.4722141311
1736,0.8231823395,-1.2953992504,-0.4722169110
1737,0.8376532131,-1.3098728785,-0.4722196653
1738,0.8524561731,-1.3246785548,-0.4722223817
1739,0.8675458549,-1.3397709033,-0.4722250484
1740,0.8828775105,-1.3551051651,-0.4722276546
1741,0.8984071799,-1.3706373700,-0.4722301902
1742,0.9140918483,-1.3863244945,-0.4722326462
1743,0.9298895915,-1.4021246060,-0.4722350145
1744,0.9457597065,-1.4179969944,-0.4722372879
1745,0.9616628275,-1.4339022877,-0.4722394602
1746,0.9775610291,-1.4498025551,-0.4722415260
1747,0.9934179145,-1.4656613955,-0.4722434810
1748,1.0091986903,-1.4814440120,-0.4722453217
1749,1.0248702283,-1.4971172738,-0.4722470455
1750,1.0404011136,-1.5126497641,-0.4722486505
1751,1.0557616811,-1.5280118168,-0.4722501356
1752,1.0709240397,-1.5431755403,-0.4722515007
1753,1.0858620854,-1.5581148314,-0.4722527460
1754,1.1005515048,-1.5728053773,-0.4722538724
1755,1.1149697679,-1.5872246496,-0.4722548817
1756,1.1290961124,-1.6013518882,-0.4722557758
1757,1.1429115205,-1.6151680779,-0.4722565574
1758,1.1563986877,-1.6286559170,-0.4722572292
1759,1.1695419854,-1.6417997802,-0.4722577948
1760,1.1823274174,-1.6545856751,-0.4722582577
1761,1.1947425724,-1.6670011941,-0.4722586217
1762,1.2067765707,-1.6790354618,-0.4722588911
1763,1.2184200087,-1.6906790787,-0.4722590700
1764,1.2296648997,-1.7019240627,-0.4722591630
1765,1.2405046126,-1.7127637869,-0.4722591744
1766,1.2509338086,-1.7231929174,-0.4722591088
1767,1.2609483772,-1.7332073481,-0.4722589709
1768,1.2705453709,-1.7428041361,-0.4722587652
1769,1.2797229403,-1.7519814365,-0.4722584962
1770,1.2884802681,-1.7607384366,-0.4722581684
1771,1.2968175053,-1.7690752917,-0.4722577863
1772,1.3047357069,-1.7769930611,-0.4722573542
1773,1.3122367690,-1.7844936452,-0.4722568762
1774,1.3193233676,-1.7915797241,-0.4722563565
1775,1.3259988989,-1.7982546978,-0.4722557989
1776,1.3322674209,-1.8045226283,-0.4722552074
1777,1.3381335975,-1.8103881830,-0.4722545854
1778,1.3436026443,-1.8158565810,-0.4722539366
1779,1.3486802766,-1.8209335409,-0.4722532643
1780,1.3533726595,-1.8256252311,-0.4722525716
1781,1.3576863608,-1.8299382223,-0.4722518615
1782,1.3616283051,-1.8338794419,-0.4722511368
1783,1.3652057316,-1.8374561319,-0.4722504003
1784,1.3684261528,-1.8406758072,-0.4722496544
1785,1.3712973167,-1.8435462181,-0.4722489015
1786,1.3738271704,-1.8460753141,-0.4722481437
1787,1.3760238263,-1.8482712094,-0.4722473831
1788,1.3778955303,-1.8501421519,-0.4722466216
1789,1.3794506325,-1.8516964934,-0.4722458609
1790,1.3806975593,-1.8529426620,-0.4722451027
1791,1.3816447880,-1.8538891364,-0.4722443484
1792,1.3823008231,-1.8545444225,-0.4722435994
1793,1.3826741746,-1.8549170315,-0.4722428569
1794,1.3827733377,-1.8550154597,-0.4722421220
1795,1.3826067746,-1.8548481704,-0.4722413957
1796,1.3821828976,-1.8544235766,-0.4722406790
1797,1.3815100538,-1.8537500264,-0.4722399726
1798,1.3805965113,-1.8528357886,-0.4722392772
1799,1.3794504469,-1.8516890405,-0.4722385936
1800,1.3780799345,-1.8503178566,-0.4722379221
1801,1.3764929355,-1.8487301988,-0.4722372633
1802,1.3746972896,-1.8469339073,-0.4722366177
1803,1.3727007074,-1.8449366929,-0.4722359855
1804,1.3705107632,-1.8427461302,-0.4722353669
1805,1.3681348894,-1.8403696518,-0.4722347623
1806,1.3655803714,-1.8378145432,-0.4722341718
1807,1.3628543432,-1.8350879387,-0.4722335955
1808,1.3599637843,-1.8321968178,-0.4722330335
1809,1.3569155167,-1.8291480025,-0.4722324858
1810,1.3537162028,-1.8259481551,-0.4722319523
1811,1.3503723435,-1.8226037767,-0.4722314332
1812,1.3468902779,-1.8191212061,-0.4722309282
1813,1.3432761820,-1.8155066194,-0.4722304374
1814,1.3395360690,-1.8117660295,-0.4722299605
1815,1.3356757897,-1.8079052871,-0.4722294975
1816,1.3317010326,-1.8039300807,-0.4722290481
1817,1.3276173257,-1.7998459379,-0.4722286122
1818,1.3234300372,-1.7956582268,-0.4722281896
1819,1.3191443773,-1.7913721574,-0.4722277801
1820,1.3147653999,-1.7869927834,-0.4722273835
1821,1.3102980050,-1.7825250044,-0.4722269994
1822,1.3057469403,-1.7779735681,-0.4722266278
1823,1.3011168041,-1.7733430723,-0.4722262683
1824,1.2964120475,-1.7686379681,-0.4722259206
1825,1.2916369774,-1.7638625620,-0.4722255846
1826,1.2867957587,-1.7590210186,-0.4722252599
1827,1.2818924176,-1.7541173640,-0.4722249464
1828,1.2769308445,-1.7491554881,-0.4722246436
1829,1.2719147966,-1.7441391480,-0.4722243514
1830,1.2668479012,-1.7390719707,-0.4722240695
1831,1.2617336588,-1.7339574563,-0.4722237975
1832,1.2565754458,-1.7287989812,-0.4722235354
1833,1.2513765180,-1.7235998007,-0.4722232827
1834,1.2461400135,-1.7183630527,-0.4722230393
1835,1.2408689556,-1.7130917603,-0.4722228048
1836,1.2355662562,-1.7077888351,-0.4722225790
1837,1.2302347185,-1.7024570801,-0.4722223616
1838,1.2248770404,-1.6970991929,-0.4722221525
1839,1.2194958172,-1.6917177685,-0.4722219513
1840,1.2140935445,-1.6863153023,-0.4722217578
1841,1.2086726214,-1.6808941932,-0.4722215718
1842,1.2032353531,-1.6754567461,-0.4722213930
1843,1.1977839539,-1.6700051752,-0.4722212213
1844,1.1923205499,-1.6645416063,-0.4722210563
1845,1.1868471819,-1.6590680798,-0.4722208980
1846,1.1813658075,-1.6535865535,-0.4722207460
1847,1.1758783047,-1.6480989048,-0.4722206001
1848,1.1703864735,-1.6426069336,-0.4722204602
1849,1.1648920389,-1.6371123649,-0.4722203260
1850,1.1593966533,-1.6316168507,-0.4722201974
1851,1.1539018990,-1.6261219732,-0.4722200742
1852,1.1484092901,-1.6206292463,-0.4722199562
1853,1.1429202754,-1.6151401186,-0.4722198431
1854,1.1374362401,-1.6096559750,-0.4722197349
1855,1.1319585081,-1.6041781396,-0.4722196314
1856,1.1264883445,-1.5987078769,-0.4722195324
1857,1.1210269568,-1.5932463946,-0.4722194378
1858,1.1155754979,-1.5877948452,-0.4722193473
1859,1.1101350672,-1.5823543280,-0.4722192609
1860,1.1047067129,-1.5769258913,-0.4722191784
1861,1.0992914339,-1.5715105335,-0.4722190996
1862,1.0938901812,-1.5661092056,-0.4722190245
1863,1.0885038599,-1.5607228127,-0.4722189529
1864,1.0831333307,-1.5553522153,-0.4722188846
1865,1.0777794119,-1.5499982315,-0.4722188196
1866,1.0724428804,-1.5446616381,-0.4722187577
1867,1.0671244735,-1.5393431723,-0.4722186988
1868,1.0618248904,-1.5340435332,-0.4722186428
1869,1.0565447937,-1.5287633833,-0.4722185896
1870,1.0512848104,-1.5235033495,-0.4722185391
1871,1.0460455337,-1.5182640249,-0.4722184911
1872,1.0408275240,-1.5130459697,-0.4722184457
1873,1.0356313101,-1.5078497127,-0.4722184026
1874,1.0304573907,-1.5026757526,-0.4722183619
1875,1.0253062352,-1.4975245586,-0.4722183233
1876,1.0201782852,-1.4923965722,-0.4722182869
1877,1.0150739553,-1.4872922078,-0.4722182526
1878,1.0099936341,-1.4822118543,-0.4722182202
1879,1.0049376856,-1.4771558752,-0.4722181896
1880,0.9999064497,-1.4721246107,-0.4722181609
1881,0.9949002437,-1.4671183776,-0.4722181340
1882,0.9899193624,-1.4621374711,-0.4722181087
1883,0.9849640799,-1.4571821650,-0.4722180850
1884,0.9800346499,-1.4522527129,-0.4722180629
1885,0.9751313066,-1.4473493489,-0.4722180423
1886,0.9702542655,-1.4424722885,-0.4722180231
1887,0.9654037241,-1.4376217294,-0.4722180052
1888,0.9605798631,-1.4327978518,-0.4722179887
1889,0.9557828463,-1.4280008197,-0.4722179734
1890,0.9510128220,-1.4232307814,-0.4722179593
1891,0.9462699233,-1.4184878697,-0.4722179464
1892,0.9415542687,-1.4137722033,-0.4722179346
1893,0.9368659630,-1.4090838868,-0.4722179239
1894,0.9322050976,-1.4044230117,-0.4722179142
1895,0.9275717512,-1.3997896566,-0.4722179054
1896,0.9229659903,-1.3951838880,-0.4722178976
1897,0.9183878700,-1.3906057607,-0.4722178907
1898,0.9138374339,-1.3860553185,-0.4722178846
1899,0.9093147152,-1.3815325946,-0.4722178794
1900,0.9048197367,-1.3770376117,-0.4722178750
1901,0.9003525118,-1.3725703831,-0.4722178713
1902,0.8959130444,-1.3681309127,-0.4722178683
1903,0.8915013295,-1.3637191955,-0.4722178660
1904,0.8871173537,-1.3593352181,-0.4722178644
1905,0.8827610956,-1.3549789590,-0.4722178634
1906,0.8784325259,-1.3506503889,-0.4722178630
1907,0.8741316083,-1.3463494715,-0.4722178632
1908,0.8698582992,-1.3420761630,-0.4722178639
1909,0.8656125483,-1.3378304135,-0.4722178651
1910,0.8613942993,-1.3336121662,-0.4722178669
1911,0.8572034896,-1.3294213587,-0.4722178691
1912,0.8530400510,-1.3252579227,-0.4722178717
1913,0.8489039096,-1.3211217845,-0.4722178748
1914,0.8447949867,-1.3170128651,-0.4722178783
1915,0.8407131985,-1.3129310807,-0.4722178822
1916,0.8366584564,-1.3088763429,-0.4722178865
1917,0.8326306676,-1.3048485587,-0.4722178911
1918,0.8286297350,-1.3008476311,-0.4722178961
1919,0.8246555577,-1.2968734591,-0.4722179014
1920,0.8207080309,-1.2929259378,-0.4722179069
1921,0.8167870462,-1.2890049590,-0.4722179128
1922,0.8128924921,-1.2851104111,-0.4722179189
1923,0.8090242539,-1.2812421792,-0.4722179253
1924,0.8051822137,-1.2774001457,-0.4722179320
1925,0.8013662511,-1.2735841900,-0.4722179389
1926,0.7975762430,-1.2697941890,-0.4722179459
1927,0.7938120638,-1.2660300170,-0.4722179532
1928,0.7900735856,-1.2622915463,-0.4722179607
1929,0.7863606785,-1.2585786468,-0.4722179684
1930,0.7826732103,-1.2548911865,-0.4722179762
1931,0.7790110473,-1.2512290315,-0.4722179842
1932,0.7753740538,-1.2475920461,-0.4722179924
1933,0.7717620926,-1.2439800932,-0.4722180006
1934,0.7681750250,-1.2403930340,-0.4722180091
1935,0.7646127109,-1.2368307285,-0.4722180176
1936,0.7610750091,-1.2332930354,-0.4722180263
1937,0.7575617771,-1.2297798121,-0.4722180350
1938,0.7540728712,-1.2262909151,-0.4722180439
1939,0.7506081472,-1.2228262000,-0.4722180528
1940,0.7471674596,-1.2193855214,-0.4722180619
1941,0.7437506623,-1.2159687333,-0.4722180710
1942,0.7403576087,-1.2125756888,-0.4722180801
1943,0.7369881513,-1.2092062407,-0.4722180894
1944,0.7336421423,-1.2058602409,-0.4722180987
1945,0.7303194333,-1.2025375413,-0.4722181080
1946,0.7270198757,-1.1992379931,-0.4722181174
1947,0.7237433204,-1.1959614473,-0.4722181269
1948,0.7204896184,-1.1927077547,-0.4722181363
1949,0.7172586200,-1.1894767659,-0.4722181458
1950,0.7140501760,-1.1862683314,-0.4722181554
1951,0.7108641366,-1.1830823015,-0.4722181649
1952,0.7077003524,-1.1799185269,-0.4722181745
1953,0.7045586738,-1.1767768579,-0.4722181841
1954,0.7014389514,-1.1736571451,-0.4722181937
1955,0.6983410360,-1.1705592393,-0.4722182033
1956,0.6952647785,-1.1674829914,-0.4722182129
1957,0.6922100301,-1.1644282526,-0.4722182225
1958,0.6891766423,-1.1613948744,-0.4722182321
1959,0.6861644668,-1.1583827084,-0.4722182417
1960,0.6831733558,-1.1553916070,-0.4722182512
1961,0.6802031618,-1.1524214226,-0.4722182608
1962,0.6772537377,-1.1494720081,-0.4722182703
1963,0.6743249370,-1.1465432169,-0.4722182799
1964,0.6714166136,-1.1436349030,-0.4722182894
1965,0.6685286219,-1.1407469207,-0.4722182989
1966,0.6656608168,-1.1378791251,-0.4722183083
1967,0.6628130538,-1.1350313716,-0.4722183178
1968,0.6599851892,-1.1322035163,-0.4722183272
1969,0.6571770795,-1.1293954160,-0.4722183365
1970,0.6543885823,-1.1266069281,-0.4722183459
1971,0.6516195554,-1.1238379106,-0.4722183552
1972,0.6488698577,-1.1210882222,-0.4722183644
1973,0.6461393486,-1.1183577222,-0.4722183737
1974,0.6434278881,-1.1156462709,-0.4722183828
1975,0.6407353371,-1.1129537291,-0.4722183920
1976,0.6380615572,-1.1102799583,-0.4722184011
1977,0.6354064107,-1.1076248209,-0.4722184102
1978,0.6327697608,-1.1049881800,-0.4722184192
1979,0.6301514715,-1.1023698996,-0.4722184282
1980,0.6275514072,-1.0997698443,-0.4722184371
1981,0.6249694337,-1.0971878797,-0.4722184460
1982,0.6224054172,-1.0946238720,-0.4722184548
1983,0.6198592249,-1.0920776885,-0.4722184636
1984,0.6173307247,-1.0895491970,-0.4722184723
1985,0.6148197855,-1.0870382665,-0.4722184810
1986,0.6123262770,-1.0845447666,-0.4722184896
1987,0.6098500696,-1.0820685677,-0.4722184982
1988,0.6073910347,-1.0796095414,-0.4722185067
1989,0.6049490447,-1.0771675599,-0.4722185152
1990,0.6025239726,-1.0747424962,-0.4722185236
1991,0.6001156925,-1.0723342244,-0.4722185320
1992,0.5977240791,-1.0699426194,-0.4722185403
1993,0.5953490083,-1.0675675568,-0.4722185485
1994,0.5929903567,-1.0652089134,-0.4722185567
1995,0.5906480018,-1.0628665667,-0.4722185649
1996,0.5883218221,-1.0605403950,-0.4722185730
1997,0.5860116968,-1.0582302778,-0.4722185810
1998,0.5837175061,-1.0559360951,-0.4722185890
1999,0.5814391311,-1.0536577280,-0.4722185969
2000,0.5791764539,-1.0513950586,-0.4722186048
2001,0.5769293571,-1.0491479697,-0.4722186126
2002,0.5746977247,-1.0469163451,-0.4722186203
2003,0.5724814413,-1.0447000693,-0.4722186280
2004,0.5702803923,-1.0424990280,-0.4722186356
2005,0.5680944643,-1.0403131075,-0.4722186432
2006,0.5659235445,-1.0381421952,-0.4722186507
2007,0.5637675211,-1.0359861793,-0.4722186582
2008,0.5616262832,-1.0338449488,-0.4722186656
2009,0.5594997207,-1.0317183937,-0.4722186730
2010,0.5573877245,-1.0296064048,-0.4722186803
2011,0.5552901863,-1.0275088739,-0.4722186875
2012,0.5532069987,-1.0254256934,-0.4722186947
2013,0.5511380552,-1.0233567570,-0.4722187018
2014,0.5490832499,-1.0213019588,-0.4722187089
2015,0.5470424782,-1.0192611941,-0.4722187159
2016,0.5450156361,-1.0172343590,-0.4722187229
2017,0.5430026204,-1.0152213502,-0.4722187298
2018,0.5410033289,-1.0132220655,-0.4722187367
2019,0.5390176602,-1.0112364036,-0.4722187435
2020,0.5370455137,-1.0092642639,-0.4722187502
2021,0.5350867898,-1.0073055466,-0.4722187569
2022,0.5331413894,-1.0053601529,-0.4722187635
2023,0.5312092147,-1.0034279848,-0.4722187701
2024,0.5292901682,-1.0015089448,-0.4722187766
2025,0.5273841537,-0.9996029368,-0.4722187831
2026,0.5254910755,-0.9977098650,-0.4722187895
2027,0.5236108389,-0.9958296347,-0.4722187959
2028,0.5217433498,-0.9939621520,-0.4722188022
2029,0.5198885151,-0.9921073236,-0.4722188084
2030,0.5180462425,-0.9902650571,-0.4722188146
2031,0.5162164403,-0.9884352611,-0.4722188208
2032,0.5143990177,-0.9866178446,-0.4722188269
2033,0.5125938848,-0.9848127177,-0.4722188329
2034,0.5108009522,-0.9830197912,-0.4722188389
2035,0.5090201316,-0.9812389765,-0.4722188449
2036,0.5072513352,-0.9794701860,-0.4722188508
2037,0.5054944761,-0.9777133327,-0.4722188566
2038,0.5037494681,-0.9759683305,-0.4722188624
2039,0.5020162257,-0.9742350939,-0.4722188682
2040,0.5002946644,-0.9725135383,-0.4722188739
2041,0.4985847000,-0.9708035796,-0.4722188795
2042,0.4968862495,-0.9691051347,-0.4722188851
2043,0.4951992304,-0.9674181210,-0.4722188907
2044,0.4935235607,-0.9657424569,-0.4722188962
2045,0.4918591597,-0.9640780613,-0.4722189017
2046,0.4902059467,-0.9624248538,-0.4722189071
2047,0.4885638424,-0.9607827548,-0.4722189124
2048,0.4869327677,-0.9591516854,-0.4722189177
2049,0.4853126444,-0.9575315674,-0.4722189230
2050,0.4837033949,-0.9559223232,-0.4722189282
2051,0.4821049425,-0.9543238759,-0.4722189334
2052,0.4805172108,-0.9527361494,-0.4722189386
2053,0.4789401246,-0.9511590682,-0.4722189436
2054,0.4773736087,-0.9495925574,-0.4722189487
2055,0.4758175892,-0.9480365429,-0.4722189537
2056,0.4742719926,-0.9464909512,-0.4722189587
2057,0.4727367458,-0.9449557094,-0.4722189636
2058,0.4712117768,-0.9434307452,-0.4722189684
2059,0.4696970139,-0.9419159872,-0.4722189733
2060,0.4681923862,-0.9404113643,-0.4722189780
2061,0.4666978235,-0.9389168063,-0.4722189828
2062,0.4652132559,-0.9374322434,-0.4722189875
2063,0.4637386145,-0.9359576067,-0.4722189922
2064,0.4622738308,-0.9344928276,-0.4722189968
2065,0.4608188370,-0.9330378384,-0.4722190014
2066,0.4593735658,-0.9315925717,-0.4722190059
2067,0.4579379506,-0.9301569610,-0.4722190104
2068,0.4565119254,-0.9287309402,-0.4722190148
2069,0.4550954246,-0.9273144439,-0.4722190193
2070,0.4536883835,-0.9259074072,-0.4722190236
2071,0.4522907377,-0.9245097657,-0.4722190280
2072,0.4509024236,-0.9231214559,-0.4722190323
2073,0.4495233779,-0.9217424144,-0.4722190366
2074,0.4481535380,-0.9203725788,-0.4722190408
2075,0.4467928420,-0.9190118870,-0.4722190450
2076,0.4454412284,-0.9176602776,-0.4722190491
2077,0.4440986363,-0.9163176895,-0.4722190532
2078,0.4427650051,-0.9149840625,-0.4722190573
2079,0.4414402752,-0.9136593366,-0.4722190614
2080,0.4401243872,-0.9123434526,-0.4722190654
2081,0.4388172824,-0.9110363517,-0.4722190693
2082,0.4375189023,-0.9097379756,-0.4722190733
2083,0.4362291894,-0.9084482666,-0.4722190772
2084,0.4349480864,-0.9071671675,-0.4722190810
2085,0.4336755366,-0.9058946215,-0.4722190849
2086,0.4324114838,-0.9046305725,-0.4722190887
2087,0.4311558722,-0.9033749647,-0.4722190924
2088,0.4299086467,-0.9021277429,-0.4722190962
2089,0.4286697526,-0.9008888524,-0.4722190999
2090,0.4274391355,-0.8996582390,-0.4722191035
2091,0.4262167418,-0.8984358490,-0.4722191072
2092,0.4250025182,-0.8972216290,-0.4722191108
2093,0.4237964119,-0.8960155263,-0.4722191143
2094,0.4225983706,-0.8948174885,-0.4722191179
2095,0.4214083424,-0.8936274638,-0.4722191214
2096,0.4202262759,-0.8924454008,-0.4722191249
2097,0.4190521202,-0.8912712486,-0.4722191283
2098,0.4178858249,-0.8901049566,-0.4722191317
2099,0.4167273397,-0.8889464748,-0.4722191351
2100,0.4155766152,-0.8877957537,-0.4722191385
2101,0.4144336023,-0.8866527441,-0.4722191418
2102,0.4132982521,-0.8855173972,-0.4722191451
2103,0.4121705165,-0.8843896648,-0.4722191483
2104,0.4110503475,-0.8832694991,-0.4722191516
2105,0.4099376977,-0.8821568525,-0.4722191548
2106,0.4088325202,-0.8810516781,-0.4722191580
2107,0.4077347683,-0.8799539294,-0.4722191611
2108,0.4066443958,-0.8788635600,-0.4722191642
2109,0.4055613570,-0.8777805244,-0.4722191673
2110,0.4044856066,-0.8767047770,-0.4722191704
2111,0.4034170995,-0.8756362729,-0.4722191735
2112,0.4023557911,-0.8745749676,-0.4722191765
2113,0.4013016375,-0.8735208169,-0.4722191795
2114,0.4002545946,-0.8724737770,-0.4722191824
2115,0.3992146192,-0.8714338046,-0.4722191854
2116,0.3981816683,-0.8704008565,-0.4722191883
2117,0.3971556991,-0.8693748903,-0.4722191911
2118,0.3961366696,-0.8683558636,-0.4722191940
2119,0.3951245377,-0.8673437345,-0.4722191968
2120,0.3941192620,-0.8663384617,-0.4722191996
2121,0.3931208013,-0.8653400038,-0.4722192024
2122,0.3921291149,-0.8643483201,-0.4722192052
2123,0.3911441624,-0.8633633703,-0.4722192079
2124,0.3901659036,-0.8623851142,-0.4722192106
2125,0.3891942989,-0.8614135122,-0.4722192133
2126,0.3882293089,-0.8604485249,-0.4722192160
2127,0.3872708945,-0.8594901132,-0.4722192186
2128,0.3863190172,-0.8585382385,-0.4722192212
2129,0.3853736386,-0.8575928625,-0.4722192238
2130,0.3844347207,-0.8566539471,-0.4722192264
2131,0.3835022258,-0.8557214548,-0.4722192290
2132,0.3825761167,-0.8547953481,-0.4722192315
2133,0.3816563562,-0.8538755902,-0.4722192340
2134,0.3807429078,-0.8529621443,-0.4722192365
2135,0.3798357351,-0.8520549740,-0.4722192389
2136,0.3789348020,-0.8511540433,-0.4722192414
2137,0.3780400728,-0.8502593166,-0.4722192438
2138,0.3771515122,-0.8493707583,-0.4722192462
2139,0.3762690849,-0.8484883335,-0.4722192486
2140,0.3753927564,-0.8476120073,-0.4722192509
2141,0.3745224920,-0.8467417452,-0.4722192532
2142,0.3736582575,-0.8458775131,-0.4722192556
2143,0.3728000192,-0.8450192771,-0.4722192578
2144,0.3719477434,-0.8441670035,-0.4722192601
2145,0.3711013968,-0.8433206592,-0.4722192624
2146,0.3702609464,-0.8424802110,-0.4722192646
2147,0.3694263596,-0.8416456264,-0.4722192668
2148,0.3685976038,-0.8408168728,-0.4722192690
2149,0.3677746470,-0.8399939182,-0.4722192712
2150,0.3669574573,-0.8391767306,-0.4722192733
2151,0.3661460030,-0.8383652785,-0.4722192755
2152,0.3653402530,-0.8375595306,-0.4722192776
2153,0.3645401761,-0.8367594558,-0.4722192797
2154,0.3637457417,-0.8359650235,-0.4722192818
2155,0.3629569191,-0.8351762030,-0.4722192838
2156,0.3621736782,-0.8343929641,-0.4722192859
2157,0.3613959891,-0.8336152770,-0.4722192879
2158,0.3606238219,-0.8328431119,-0.4722192899
2159,0.3598571474,-0.8320764393,-0.4722192919
2160,0.3590959362,-0.8313152300,-0.4722192939
2161,0.3583401594,-0.8305594552,-0.4722192958
2162,0.3575897884,-0.8298090862,-0.4722192978
2163,0.3568447948,-0.8290640945,-0.4722192997
2164,0.3561051503,-0.8283244519,-0.4722193016
2165,0.3553708270,-0.8275901305,-0.4722193035
2166,0.3546417972,-0.8268611026,-0.4722193054
2167,0.3539180335,-0.8261373408,-0.4722193072
2168,0.3531995087,-0.8254188177,-0.4722193091
2169,0.3524861957,-0.8247055066,-0.4722193109
2170,0.3517780679,-0.8239973806,-0.4722193127
2171,0.3510750986,-0.8232944131,-0.4722193145
2172,0.3503772618,-0.8225965780,-0.4722193163
2173,0.3496845312,-0.8219038492,-0.4722193180
2174,0.3489968811,-0.8212162009,-0.4722193198
2175,0.3483142858,-0.8205336074,-0.4722193215
2176,0.3476367201,-0.8198560433,-0.4722193232
2177,0.3469641587,-0.8191834836,-0.4722193249
2178,0.3462965767,-0.8185159033,-0.4722193266
2179,0.3456339494,-0.8178532777,-0.4722193283
2180,0.3449762522,-0.8171955822,-0.4722193300
2181,0.3443234610,-0.8165427926,-0.4722193316
2182,0.3436755515,-0.8158948848,-0.4722193332
2183,0.3430325001,-0.8152518349,-0.4722193348
2184,0.3423942829,-0.8146136193,-0.4722193364
2185,0.3417608765,-0.8139802145,-0.4722193380
2186,0.3411322577,-0.8133515973,-0.4722193396
2187,0.3405084034,-0.8127277446,-0.4722193412
2188,0.3398892908,-0.8121086335,-0.4722193427
2189,0.3392748972,-0.8114942415,-0.4722193442
2190,0.3386652003,-0.8108845460,-0.4722193458
2191,0.3380601776,-0.8102795249,-0.4722193473
2192,0.3374598072,-0.8096791560,-0.4722193488
2193,0.3368640672,-0.8090834175,-0.4722193502
2194,0.3362729360,-0.8084922877,-0.4722193517
2195,0.3356863919,-0.8079057451,-0.4722193531
2196,0.3351044138,-0.8073237684,-0.4722193546
2197,0.3345269806,-0.8067463366,-0.4722193560
2198,0.3339540712,-0.8061734286,-0.4722193574
2199,0.3333856649,-0.8056050238,-0.4722193588
2200,0.3328217413,-0.8050411015,-0.4722193602
2201,0.3322622798,-0.8044816414,-0.4722193616
2202,0.3317072603,-0.8039266233,-0.4722193630
2203,0.3311566628,-0.8033760271,-0.4722193643
2204,0.3306104674,-0.8028298331,-0.4722193657
2205,0.3300686544,-0.8022880214,-0.4722193670
2206,0.3295312044,-0.8017505727,-0.4722193683
2207,0.3289980979,-0.8012174675,-0.4722193696
2208,0.3284693158,-0.8006886867,-0.4722193709
2209,0.3279448392,-0.8001642114,-0.4722193722
2210,0.3274246491,-0.7996440226,-0.4722193735
2211,0.3269087270,-0.7991281017,-0.4722193747
2212,0.3263970543,-0.7986164303,-0.4722193760
2213,0.3258896127,-0.7981089900,-0.4722193772
2214,0.3253863841,-0.7976057625,-0.4722193784
2215,0.3248873503,-0.7971067300,-0.4722193797
2216,0.3243924936,-0.7966118745,-0.4722193809
2217,0.3239017962,-0.7961211783,-0.4722193821
2218,0.3234152407,-0.7956346240,-0.4722193833
2219,0.3229328096,-0.7951521940,-0.4722193844
2220,0.3224544857,-0.7946738713,-0.4722193856
2221,0.3219802519,-0.7941996387,-0.4722193867
2222,0.3215100913,-0.7937294792,-0.4722193879
2223,0.3210439872,-0.7932633762,-0.4722193890
2224,0.3205819228,-0.7928013130,-0.4722193901
2225,0.3201238818,-0.7923432731,-0.4722193913
2226,0.3196698478,-0.7918892401,-0.4722193924
2227,0.3192198045,-0.7914391980,-0.4722193935
2228,0.3187737361,-0.7909931306,-0.4722193945
2229,0.3183316265,-0.7905510221,-0.4722193956
2230,0.3178934600,-0.7901128567,-0.4722193967
2231,0.3174592211,-0.7896786188,-0.4722193977
2232,0.3170288942,-0.7892482929,-0.4722193988
2233,0.3166024640,-0.7888218638,-0.4722193998
2234,0.3161799153,-0.7883993161,-0.4722194008
2235,0.3157612331,-0.7879806349,-0.4722194018
2236,0.3153464024,-0.7875658053,-0.4722194029
2237,0.3149354085,-0.7871548123,-0.4722194039
2238,0.3145282367,-0.7867476415,-0.4722194048
2239,0.3141248725,-0.7863442783,-0.4722194058
2240,0.3137253014,-0.7859447082,-0.4722194068
2241,0.3133295094,-0.7855489171,-0.4722194078
2242,0.3129374821,-0.7851568909,-0.4722194087
2243,0.3125492057,-0.7847686154,-0.4722194097
2244,0.3121646663,-0.7843840769,-0.4722194106
2245,0.3117838501,-0.7840032616,-0.4722194115
2246,0.3114067435,-0.7836261560,-0.4722194124
2247,0.3110333331,-0.7832527464,-0.4722194133
2248,0.3106636054,-0.7828830196,-0.4722194142
2249,0.3102975472,-0.7825169624,-0.4722194151
2250,0.3099351455,-0.7821545615,-0.4722194160
2251,0.3095763871,-0.7817958040,-0.4722194169
2252,0.3092212594,-0.7814406771,-0.4722194178
2253,0.3088697494,-0.7810891680,-0.4722194186
2254,0.3085218445,-0.7807412640,-0.4722194195
2255,0.3081775324,-0.7803969527,-0.4722194203
2256,0.3078368004,-0.7800562216,-0.4722194212
2257,0.3074996364,-0.7797190584,-0.4722194220
2258,0.3071660283,-0.7793854511,-0.4722194228
2259,0.3068359638,-0.7790553875,-0.4722194236
2260,0.3065094312,-0.7787288557,-0.4722194244
2261,0.3061864186,-0.7784058438,-0.4722194252
2262,0.3058669143,-0.7780863403,-0.4722194260
2263,0.3055509066,-0.7777703334,-0.4722194268
2264,0.3052383842,-0.7774578118,-0.4722194276
2265,0.3049293356,-0.7771487639,-0.4722194283
2266,0.3046237495,-0.7768431786,-0.4722194291
2267,0.3043216148,-0.7765410447,-0.4722194299
2268,0.3040229205,-0.7762423511,-0.4722194306
2269,0.3037276556,-0.7759470869,-0.4722194313
2270,0.3034358092,-0.7756552413,-0.4722194321
2271,0.3031473707,-0.7753668035,-0.4722194328
2272,0.3028623294,-0.7750817629,-0.4722194335
2273,0.3025806749,-0.7748001091,-0.4722194342
2274,0.3023023966,-0.7745218315,-0.4722194349
2275,0.3020274842,-0.7742469198,-0.4722194356
2276,0.3017559277,-0.7739753640,-0.4722194363
2277,0.3014877168,-0.7737071537,-0.4722194370
2278,0.3012228415,-0.7734422792,-0.4722194377
2279,0.3009612920,-0.7731807303,-0.4722194383
2280,0.3007030584,-0.7729224974,-0.4722194390
2281,0.3004481311,-0.7726675707,-0.4722194396
2282,0.3001965004,-0.7724159406,-0.4722194403
2283,0.2999481567,-0.7721675977,-0.4722194409
2284,0.2997030908,-0.7719225324,-0.4722194416
2285,0.2994612933,-0.7716807355,-0.4722194422
2286,0.2992227549,-0.7714421977,-0.4722194428
2287,0.2989874666,-0.7712069100,-0.4722194434
2288,0.2987554193,-0.7709748633,-0.4722194440
2289,0.2985266041,-0.7707460487,-0.4722194446
2290,0.2983010121,-0.7705204573,-0.4722194452
2291,0.2980786346,-0.7702980804,-0.4722194458
2292,0.2978594629,-0.7700789093,-0.4722194464
2293,0.2976434885,-0.7698629355,-0.4722194470
2294,0.2974307029,-0.7696501504,-0.4722194475
2295,0.2972210977,-0.7694405458,-0.4722194481
2296,0.2970146647,-0.7692341133,-0.4722194487
2297,0.2968113956,-0.7690308448,-0.4722194492
2298,0.2966112823,-0.7688307320,-0.4722194498
2299,0.2964143168,-0.7686337671,-0.4722194503
2300,0.2962204911,-0.7684399420,-0.4722194508
2301,0.2960297975,-0.7682492489,-0.4722194514
2302,0.2958422282,-0.7680616801,-0.4722194519
2303,0.2956577755,-0.7678772279,-0.4722194524
2304,0.2954764317,-0.7676958846,-0.4722194529
2305,0.2952981895,-0.7675176429,-0.4722194534
2306,0.2951230414,-0.7673424953,-0.4722194539
2307,0.2949509801,-0.7671704345,-0.4722194544
2308,0.2947819983,-0.7670014532,-0.4722194549
2309,0.2946160888,-0.7668355442,-0.4722194554
2310,0.2944532447,-0.7666727005,-0.4722194558
2311,0.2942934589,-0.7665129152,-0.4722194563
2312,0.2941367244,-0.7663561812,-0.4722194568
2313,0.2939830345,-0.7662024918,-0.4722194572
2314,0.2938323825,-0.7660518402,-0.4722194577
2315,0.2936847616,-0.7659042197,-0.4722194581
2316,0.2935401653,-0.7657596239,-0.4722194586
2317,0.2933985870,-0.7656180461,-0.4722194590
2318,0.2932600204,-0.7654794799,-0.4722194595
2319,0.2931244592,-0.7653439190,-0.4722194599
2320,0.2929918969,-0.7652113572,-0.4722194603
2321,0.2928623275,-0.7650817882,-0.4722194607
2322,0.2927357449,-0.7649552060,-0.4722194611
2323,0.2926121430,-0.7648316045,-0.4722194615
2324,0.2924915159,-0.7647109778,-0.4722194619
2325,0.2923738576,-0.7645933200,-0.4722194623
2326,0.2922591625,-0.7644786252,-0.4722194627
2327,0.2921474248,-0.7643668879,-0.4722194631
2328,0.2920386388,-0.7642581023,-0.4722194635
2329,0.2919327990,-0.7641522629,-0.4722194638
2330,0.2918298999,-0.7640493641,-0.4722194642
2331,0.2917299361,-0.7639494007,-0.4722194646
2332,0.2916329022,-0.7638523671,-0.4722194649
2333,0.2915387929,-0.7637582582,-0.4722194653
2334,0.2914476031,-0.7636670688,-0.4722194656
2335,0.2913593277,-0.7635787937,-0.4722194660
2336,0.2912739616,-0.7634934279,-0.4722194663
2337,0.2911914998,-0.7634109665,-0.4722194667
2338,0.2911119375,-0.7633314045,-0.4722194670
2339,0.2910352698,-0.7632547371,-0.4722194673
2340,0.2909614919,-0.7631809595,-0.4722194676
2341,0.2908905992,-0.7631100671,-0.4722194679
2342,0.2908225870,-0.7630420553,-0.4722194682
2343,0.2907574509,-0.7629769195,-0.4722194685
2344,0.2906951864,-0.7629146552,-0.4722194688
2345,0.2906357890,-0.7628552581,-0.4722194691
2346,0.2905792544,-0.7627987238,-0.4722194694
2347,0.2905255784,-0.7627450481,-0.4722194697
2348,0.2904747568,-0.7626942268,-0.4722194700
2349,0.2904267855,-0.7626462557,-0.4722194703
2350,0.2903816603,-0.7626011309,-0.4722194705
2351,0.2903393775,-0.7625588483,-0.4722194708
2352,0.2902999329,-0.7625194040,-0.4722194711
2353,0.2902633229,-0.7624827942,-0.4722194713
2354,0.2902295435,-0.7624490151,-0.4722194716
2355,0.2901985912,-0.7624180630,-0.4722194718
2356,0.2901704623,-0.7623899343,-0.4722194721
2357,0.2901451531,-0.7623646254,-0.4722194723
2358,0.2901226603,-0.7623421328,-0.4722194725
2359,0.2901029803,-0.7623224531,-0.4722194728
2360,0.2900861099,-0.7623055829,-0.4722194730
2361,0.2900720456,-0.7622915188,-0.4722194732
2362,0.2900607843,-0.7622802577,-0.4722194734
2363,0.2900523228,-0.7622717965,-0.4722194736
2364,0.2900466580,-0.7622661319,-0.4722194738
2365,0.2900437869,-0.7622632609,-0.4722194741
2366,0.2900437064,-0.7622631806,-0.4722194742
2367,0.2900464137,-0.7622658882,-0.4722194744
2368,0.2900519060,-0.7622713806,-0.4722194746
2369,0.2900601804,-0.7622796552,-0.4722194748
2370,0.2900712343,-0.7622907093,-0.4722194750
2371,0.2900850649,-0.7623045401,-0.4722194752
2372,0.2901016699,-0.7623211452,-0.4722194753
2373,0.2901210465,-0.7623405220,-0.4722194755
2374,0.2901431923,-0.7623626680,-0.4722194757
2375,0.2901681051,-0.7623875809,-0.4722194758
2376,0.2901957824,-0.7624152584,-0.4722194760
2377,0.2902262219,-0.7624456981,-0.4722194761
2378,0.2902594216,-0.7624788978,-0.4722194763
2379,0.2902953791,-0.7625148556,-0.4722194764
2380,0.2903340926,-0.7625535692,-0.4722194766
2381,0.2903755599,-0.7625950366,-0.4722194767
2382,0.2904197792,-0.7626392560,-0.4722194768
2383,0.2904667484,-0.7626862254,-0.4722194769
2384,0.2905164659,-0.7627359430,-0.4722194771
2385,0.2905689298,-0.7627884070,-0.4722194772
2386,0.2906241385,-0.7628436158,-0.4722194773
2387,0.2906820903,-0.7629015677,-0.4722194774
2388,0.2907427837,-0.7629622612,-0.4722194775
2389,0.2908062171,-0.7630256947,-0.4722194776
2390,0.2908723891,-0.7630918668,-0.4722194777
2391,0.2909412983,-0.7631607761,-0.4722194778
2392,0.2910129434,-0.7632324212,-0.4722194779
2393,0.2910873230,-0.7633068010,-0.4722194780
2394,0.2911644361,-0.7633839142,-0.4722194780
2395,0.2912442815,-0.7634637596,-0.4722194781
2396,0.2913268580,-0.7635463362,-0.4722194782
2397,0.2914121647,-0.7636316430,-0.4722194782
2398,0.2915002006,-0.7637196790,-0.4722194783
2399,0.2915909649,-0.7638104432,-0.4722194784
2400,0.2916844566,-0.7639039350,-0.4722194784
2401,0.2917806749,-0.7640001534,-0.4722194785
2402,0.2918796193,-0.7640990978,-0.4722194785
2403,0.2919812890,-0.7642007675,-0.4722194786
2404,0.2920856834,-0.7643051620,-0.4722194786
2405,0.2921928020,-0.7644122806,-0.4722194786
2406,0.2923026443,-0.7645221229,-0.4722194787
2407,0.2924152099,-0.7646346885,-0.4722194787
2408,0.2925304984,-0.7647499771,-0.4722194787
2409,0.2926485096,-0.7648679883,-0.4722194787
2410,0.2927692432,-0.7649887219,-0.4722194787
2411,0.2928926990,-0.7651121778,-0.4722194787
2412,0.2930188770,-0.7652383557,-0.4722194787
2413,0.2931477770,-0.7653672557,-0.4722194787
2414,0.2932793991,-0.7654988778,-0.4722194787
2415,0.2934137433,-0.7656332220,-0.4722194787
2416,0.2935508098,-0.7657702885,-0.4722194787
2417,0.2936905987,-0.7659100774,-0.4722194787
2418,0.2938331102,-0.7660525889,-0.4722194787
2419,0.2939783448,-0.7661978235,-0.4722194787
2420,0.2941263027,-0.7663457813,-0.4722194786
2421,0.2942769844,-0.7664964630,-0.4722194786
2422,0.2944303903,-0.7666498689,-0.4722194786
2423,0.2945865210,-0.7668059995,-0.4722194785
2424,0.2947453771,-0.7669648555,-0.4722194785
2425,0.2949069592,-0.7671264376,-0.4722194784
2426,0.2950712681,-0.7672907464,-0.4722194784
2427,0.2952383045,-0.7674577828,-0.4722194783
2428,0.2954080693,-0.7676275475,-0.4722194783
2429,0.2955805633,-0.7678000415,-0.4722194782
2430,0.2957557876,-0.7679752657,-0.4722194781
2431,0.2959337431,-0.7681532212,-0.4722194781
2432,0.2961144309,-0.7683339089,-0.4722194780
2433,0.2962978522,-0.7685173301,-0.4722194779
2434,0.2964840081,-0.7687034859,-0.4722194778
2435,0.2966728999,-0.7688923776,-0.4722194777
2436,0.2968645289,-0.7690840066,-0.4722194776
2437,0.2970588965,-0.7692783741,-0.4722194775
2438,0.2972560041,-0.7694754815,-0.4722194774
2439,0.2974558532,-0.7696753305,-0.4722194773
2440,0.2976584453,-0.7698779226,-0.4722194772
2441,0.2978637821,-0.7700832592,-0.4722194771
2442,0.2980718652,-0.7702913422,-0.4722194770
2443,0.2982826964,-0.7705021733,-0.4722194769
2444,0.2984962774,-0.7707157542,-0.4722194768
2445,0.2987126101,-0.7709320868,-0.4722194766
2446,0.2989316964,-0.7711511729,-0.4722194765
2447,0.2991535383,-0.7713730147,-0.4722194764
2448,0.2993781378,-0.7715976140,-0.4722194762
2449,0.2996054969,-0.7718249730,-0.4722194761
2450,0.2998356179,-0.7720550938,-0.4722194759
2451,0.3000685029,-0.7722879787,-0.4722194758
2452,0.3003041543,-0.7725236299,-0.4722194756
2453,0.3005425742,-0.7727620497,-0.4722194755
2454,0.3007837652,-0.7730032405,-0.4722194753
2455,0.3010277297,-0.7732472048,-0.4722194751
2456,0.3012744701,-0.7734939451,-0.4722194749
2457,0.3015239891,-0.7737434639,-0.4722194748
2458,0.3017762893,-0.7739957639,-0.4722194746
2459,0.3020313733,-0.7742508477,-0.4722194744
2460,0.3022892440,-0.7745087182,-0.4722194742
2461,0.3025499042,-0.7747693782,-0.4722194740
2462,0.3028133566,-0.7750328304,-0.4722194738
2463,0.3030796043,-0.7752990779,-0.4722194736
2464,0.3033486502,-0.7755681236,-0.4722194734
2465,0.3036204974,-0.7758399706,-0.4722194732
2466,0.3038951491,-0.7761146221,-0.4722194730
2467,0.3041726084,-0.7763920811,-0.4722194728
2468,0.3044528785,-0.7766723510,-0.4722194725
2469,0.3047359627,-0.7769554351,-0.4722194723
2470,0.3050218645,-0.7772413366,-0.4722194721
2471,0.3053105872,-0.7775300591,-0.4722194719
2472,0.3056021344,-0.7778216060,-0.4722194716
2473,0.3058965095,-0.7781159809,-0.4722194714
2474,0.3061937163,-0.7784131874,-0.4722194711
2475,0.3064937583,-0.7787132292,-0.4722194709
2476,0.3067966393,-0.7790161099,-0.4722194706
2477,0.3071023632,-0.7793218335,-0.4722194703
2478,0.3074109337,-0.7796304038,-0.4722194701
2479,0.3077223549,-0.7799418247,-0.4722194698
2480,0.3080366307,-0.7802561002,-0.4722194695
2481,0.3083537651,-0.7805732344,-0.4722194693
2482,0.3086737623,-0.7808932313,-0.4722194690
2483,0.3089966265,-0.7812160952,-0.4722194687
2484,0.3093223619,-0.7815418303,-0.4722194684
2485,0.3096509729,-0.7818704410,-0.4722194681
2486,0.3099824637,-0.7822019315,-0.4722194678
2487,0.3103168389,-0.7825363064,-0.4722194675
2488,0.3106541029,-0.7828735701,-0.4722194672
2489,0.3109942603,-0.7832137272,-0.4722194669
2490,0.3113373158,-0.7835567824,-0.4722194666
2491,0.3116832740,-0.7839027403,-0.4722194662
2492,0.3120321398,-0.7842516057,-0.4722194659
2493,0.3123839178,-0.7846033834,-0.4722194656
2494,0.3127386132,-0.7849580784,-0.4722194652
2495,0.3130962307,-0.7853156956,-0.4722194649
2496,0.3134567755,-0.7856762400,-0.4722194646
2497,0.3138202525,-0.7860397167,-0.4722194642
2498,0.3141866671,-0.7864061310,-0.4722194639
2499,0.3145560244,-0.7867754879,-0.4722194635
2500,0.3149283297,-0.7871477928,-0.4722194631
2501,0.3153035884,-0.7875230511,-0.4722194628
2502,0.3156818058,-0.7879012682,-0.4722194624
2503,0.3160629876,-0.7882824496,-0.4722194620
2504,0.3164471393,-0.7886666009,-0.4722194616
2505,0.3168342664,-0.7890537277,-0.4722194613
2506,0.3172243748,-0.7894438356,-0.4722194609
2507,0.3176174701,-0.7898369306,-0.4722194605
2508,0.3180135582,-0.7902330183,-0.4722194601
2509,0.3184126451,-0.7906321048,-0.4722194597
2510,0.3188147367,-0.7910341960,-0.4722194593
2511,0.3192198390,-0.7914392979,-0.4722194588
2512,0.3196279582,-0.7918474167,-0.4722194584
2513,0.3200391005,-0.7922585585,-0.4722194580
2514,0.3204532721,-0.7926727297,-0.4722194576
2515,0.3208704793,-0.7930899365,-0.4722194571
2516,0.3212907286,-0.7935101853,-0.4722194567
2517,0.3217140265,-0.7939334827,-0.4722194563
2518,0.3221403793,-0.7943598352,-0.4722194558
2519,0.3225697939,-0.7947892493,-0.4722194554
2520,0.3230022769,-0.7952217318,-0.4722194549
2521,0.3234378350,-0.7956572894,-0.4722194544
2522,0.3238764751,-0.7960959290,-0.4722194540
2523,0.3243182040,-0.7965376575,-0.4722194535
2524,0.3247630288,-0.7969824818,-0.4722194530
2525,0.3252109565,-0.7974304091,-0.4722194525
2526,0.3256619943,-0.7978814464,-0.4722194521
2527,0.3261161493,-0.7983356009,-0.4722194516
2528,0.3265734289,-0.7987928799,-0.4722194511
2529,0.3270338403,-0.7992532908,-0.4722194506
2530,0.3274973910,-0.7997168411,-0.4722194501
2531,0.3279640886,-0.8001835381,-0.4722194495
2532,0.3284339405,-0.8006533895,-0.4722194490
2533,0.3289069545,-0.8011264030,-0.4722194485
2534,0.3293831382,-0.8016025862,-0.4722194480
2535,0.3298624996,-0.8020819470,-0.4722194474
2536,0.3303450464,-0.8025644933,-0.4722194469
2537,0.3308307867,-0.8030502331,-0.4722194464
2538,0.3313197285,-0.8035391743,-0.4722194458
2539,0.3318118799,-0.8040313251,-0.4722194452
2540,0.3323072491,-0.8045266938,-0.4722194447
2541,0.3328058444,-0.8050252885,-0.4722194441
2542,0.3333076742,-0.8055271178,-0.4722194436
2543,0.3338127469,-0.8060321899,-0.4722194430
2544,0.3343210710,-0.8065405134,-0.4722194424
2545,0.3348326551,-0.8070520969,-0.4722194418
2546,0.3353475080,-0.8075669492,-0.4722194412
2547,0.3358656383,-0.8080850790,-0.4722194406
2548,0.3363870550,-0.8086064950,-0.4722194400
2549,0.3369117670,-0.8091312063,-0.4722194394
2550,0.3374397832,-0.8096592219,-0.4722194388
2551,0.3379711128,-0.8101905509,-0.4722194382
2552,0.3385057649,-0.8107252024,-0.4722194375
2553,0.3390437489,-0.8112631858,-0.4722194369
2554,0.3395850740,-0.8118045103,-0.4722194363
2555,0.3401297498,-0.8123491854,-0.4722194356
2556,0.3406777857,-0.8128972206,-0.4722194350
2557,0.3412291913,-0.8134486256,-0.4722194343
2558,0.3417839764,-0.8140034101,-0.4722194336
2559,0.3423421507,-0.8145615837,-0.4722194330
2560,0.3429037241,-0.8151231564,-0.4722194323
2561,0.3434687066,-0.8156881382,-0.4722194316
2562,0.3440371081,-0.8162565390,-0.4722194309
2563,0.3446089389,-0.8168283691,-0.4722194302
2564,0.3451842091,-0.8174036387,-0.4722194295
2565,0.3457629291,-0.8179823580,-0.4722194288
2566,0.3463451093,-0.8185645375,-0.4722194281
2567,0.3469307602,-0.8191501876,-0.4722194274
2568,0.3475198924,-0.8197393190,-0.4722194267
2569,0.3481125165,-0.8203319424,-0.4722194260
2570,0.3487086433,-0.8209280685,-0.4722194252
2571,0.3493082837,-0.8215277082,-0.4722194245
2572,0.3499114486,-0.8221308724,-0.4722194237
2573,0.3505181492,-0.8227375722,-0.4722194230
2574,0.3511283965,-0.8233478187,-0.4722194222
2575,0.3517422019,-0.8239616233,-0.4722194214
2576,0.3523595765,-0.8245789972,-0.4722194207
2577,0.3529805320,-0.8251999519,-0.4722194199
2578,0.3536050798,-0.8258244989,-0.4722194191
2579,0.3542332315,-0.8264526498,-0.4722194183
2580,0.3548649989,-0.8270844164,-0.4722194175
2581,0.3555003938,-0.8277198105,-0.4722194167
2582,0.3561394282,-0.8283588441,-0.4722194159
2583,0.3567821140,-0.8290015291,-0.4722194150
2584,0.3574284635,-0.8296478777,-0.4722194142
2585,0.3580784888,-0.8302979021,-0.4722194134
2586,0.3587322022,-0.8309516148,-0.4722194125
2587,0.3593896163,-0.8316090280,-0.4722194117
2588,0.3600507435,-0.8322701543,-0.4722194108
2589,0.3607155965,-0.8329350065,-0.4722194100
2590,0.3613841880,-0.8336035971,-0.4722194091
2591,0.3620565310,-0.8342759392,-0.4722194082
2592,0.3627326382,-0.8349520456,-0.4722194073
2593,0.3634125230,-0.8356319294,-0.4722194064
2594,0.3640961983,-0.8363156038,-0.4722194055
2595,0.3647836774,-0.8370030821,-0.4722194046
2596,0.3654749739,-0.8376943776,-0.4722194037
2597,0.3661701011,-0.8383895039,-0.4722194028
2598,0.3668690727,-0.8390884746,-0.4722194019
2599,0.3675719024,-0.8397913033,-0.4722194009
2600,0.3682786040,-0.8404980040,-0.4722194000
2601,0.3689891915,-0.8412085905,-0.4722193990
2602,0.3697036789,-0.8419230770,-0.4722193981
2603,0.3704220805,-0.8426414775,-0.4722193971
2604,0.3711444104,-0.8433638065,-0.4722193961
2605,0.3718706831,-0.8440900782,-0.4722193951
2606,0.3726009131,-0.8448203072,-0.4722193941
2607,0.3733351150,-0.8455545082,-0.4722193931
2608,0.3740733037,-0.8462926958,-0.4722193921
2609,0.3748154939,-0.8470348850,-0.4722193911
2610,0.3755617006,-0.8477810907,-0.4722193901
2611,0.3763119391,-0.8485313281,-0.4722193890
2612,0.3770662244,-0.8492856124,-0.4722193880
2613,0.3778245719,-0.8500439589,-0.4722193870
2614,0.3785869972,-0.8508063831,-0.4722193859
2615,0.3793535157,-0.8515729006,-0.4722193848
2616,0.3801241433,-0.8523435271,-0.4722193838
2617,0.3808988958,-0.8531182785,-0.4722193827
2618,0.3816777892,-0.8538971708,-0.4722193816
2619,0.3824608395,-0.8546802200,-0.4722193805
2620,0.3832480630,-0.8554674423,-0.4722193794
2621,0.3840394760,-0.8562588542,-0.4722193782
2622,0.3848350950,-0.8570544721,-0.4722193771
2623,0.3856349367,-0.8578543127,-0.4722193760
2624,0.3864390177,-0.8586583926,-0.4722193748
2625,0.3872473550,-0.8594667287,-0.4722193737
2626,0.3880599656,-0.8602793382,-0.4722193725
2627,0.3888768667,-0.8610962380,-0.4722193713
2628,0.3896980754,-0.8619174455,-0.4722193702
2629,0.3905236092,-0.8627429782,-0.4722193690
2630,0.3913534857,-0.8635728535,-0.4722193678
2631,0.3921877226,-0.8644070892,-0.4722193666
2632,0.3930263377,-0.8652457031,-0.4722193653
2633,0.3938693490,-0.8660887131,-0.4722193641
2634,0.3947167745,-0.8669361374,-0.4722193629
2635,0.3955686326,-0.8677879943,-0.4722193616
2636,0.3964249417,-0.8686443020,-0.4722193604
2637,0.3972857202,-0.8695050793,-0.4722193591
2638,0.3981509869,-0.8703703447,-0.4722193578
2639,0.3990207606,-0.8712401171,-0.4722193565
2640,0.3998950603,-0.8721144155,-0.4722193552
2641,0.4007739051,-0.8729932590,-0.4722193539
2642,0.4016573143,-0.8738766669,-0.4722193526
2643,0.4025453074,-0.8747646586,-0.4722193513
2644,0.4034379039,-0.8756572538,-0.4722193499
2645,0.4043351235,-0.8765544720,-0.4722193486
2646,0.4052369861,-0.8774563333,-0.4722193472
2647,0.4061435119,-0.8783628577,-0.4722193458
2648,0.4070547209,-0.8792740654,-0.4722193444
2649,0.4079706336,-0.8801899766,-0.4722193431
2650,0.4088912704,-0.8811106121,-0.4722193416
2651,0.4098166521,-0.8820359924,-0.4722193402
2652,0.4107467995,-0.8829661383,-0.4722193388
2653,0.4116817336,-0.8839010710,-0.4722193374
2654,0.4126214755,-0.8848408114,-0.4722193359
2655,0.4135660466,-0.8857853811,-0.4722193345
2656,0.4145154684,-0.8867348014,-0.4722193330
2657,0.4154697626,-0.8876890941,-0.4722193315
2658,0.4164289509,-0.8886482809,-0.4722193300
2659,0.4173930555,-0.8896123840,-0.4722193285
2660,0.4183620984,-0.8905814254,-0.4722193270
2661,0.4193361020,-0.8915554275,-0.4722193254
2662,0.4203150889,-0.8925344128,-0.4722193239
2663,0.4212990817,-0.8935184040,-0.4722193223
2664,0.4222881033,-0.8945074241,-0.4722193208
2665,0.4232821768,-0.8955014960,-0.4722193192
2666,0.4242813254,-0.8965006430,-0.4722193176
2667,0.4252855726,-0.8975048886,-0.4722193160
2668,0.4262949418,-0.8985142562,-0.4722193144
2669,0.4273094570,-0.8995287697,-0.4722193127
2670,0.4283291420,-0.9005484531,-0.4722193111
2671,0.4293540211,-0.9015733305,-0.4722193095
2672,0.4303841185,-0.9026034263,-0.4722193078
2673,0.4314194589,-0.9036387650,-0.4722193061
2674,0.4324600668,-0.9046793712,-0.4722193044
2675,0.4335059674,-0.9057252701,-0.4722193027
2676,0.4345571856,-0.9067764865,-0.4722193010
2677,0.4356137467,-0.9078330460,-0.4722192992
2678,0.4366756764,-0.9088949739,-0.4722192975
2679,0.4377430002,-0.9099622960,-0.4722192957
2680,0.4388157442,-0.9110350381,-0.4722192940
2681,0.4398939343,-0.9121132265,-0.4722192922
2682,0.4409775970,-0.9131968874,-0.4722192904
2683,0.4420667587,-0.9142860473,-0.4722192885
2684,0.4431614462,-0.9153807329,-0.4722192867
2685,0.4442616864,-0.9164809713,-0.4722192849
2686,0.4453675065,-0.9175867895,-0.4722192830
2687,0.4464789337,-0.9186982149,-0.4722192811
2688,0.4475959958,-0.9198152751,-0.4722192792
2689,0.4487187205,-0.9209379978,-0.4722192773
2690,0.4498471358,-0.9220664112,-0.4722192754
2691,0.4509812699,-0.9232005434,-0.4722192735
2692,0.4521211513,-0.9243404228,-0.4722192715
2693,0.4532668086,-0.9254860782,-0.4722192695
2694,0.4544182709,-0.9266375384,-0.4722192676
2695,0.4555755671,-0.9277948327,-0.4722192656
2696,0.4567387267,-0.9289579902,-0.4722192635
2697,0.4579077792,-0.9301270407,-0.4722192615
2698,0.4590827545,-0.9313020139,-0.4722192595
2699,0.4602636826,-0.9324829400,-0.4722192574
2700,0.4614505938,-0.9336698491,-0.4722192553
2701,0.4626435187,-0.9348627719,-0.4722192532
2702,0.4638424880,-0.9360617391,-0.4722192511
2703,0.4650475327,-0.9372667817,-0.4722192490
2704,0.4662586842,-0.9384779310,-0.4722192468
2705,0.4674759738,-0.9396952185,-0.4722192447
2706,0.4686994335,-0.9409186760,-0.4722192425
2707,0.4699290951,-0.9421483355,-0.4722192403
2708,0.4711649910,-0.9433842291,-0.4722192381
2709,0.4724071537,-0.9446263896,-0.4722192359
2710,0.4736556160,-0.9458748496,-0.4722192336
2711,0.4749104108,-0.9471296421,-0.4722192313
2712,0.4761715715,-0.9483908006,-0.4722192291
2713,0.4774391317,-0.9496583585,-0.4722192268
2714,0.4787131252,-0.9509323496,-0.4722192244
2715,0.4799935861,-0.9522128082,-0.4722192221
2716,0.4812805487,-0.9534997684,-0.4722192197
2717,0.4825740478,-0.9547932651,-0.4722192174
2718,0.4838741182,-0.9560933331,-0.4722192150
2719,0.4851807951,-0.9574000077,-0.4722192125
2720,0.4864941141,-0.9587133242,-0.4722192101
2721,0.4878141109,-0.9600333185,-0.4722192076
2722,0.4891408215,-0.9613600267,-0.4722192052
2723,0.4904742823,-0.9626934850,-0.4722192027
2724,0.4918145299,-0.9640337301,-0.4722192002
2725,0.4931616013,-0.9653807989,-0.4722191976
2726,0.4945155337,-0.9667347287,-0.4722191951
2727,0.4958763645,-0.9680955570,-0.4722191925
2728,0.4972441317,-0.9694633215,-0.4722191899
2729,0.4986188732,-0.9708380605,-0.4722191873
2730,0.5000006277,-0.9722198123,-0.4722191846
2731,0.5013894338,-0.9736086158,-0.4722191820
2732,0.5027853305,-0.9750045098,-0.4722191793
2733,0.5041883573,-0.9764075339,-0.4722191766
2734,0.5055985538,-0.9778177277,-0.4722191739
2735,0.5070159601,-0.9792351312,-0.4722191711
2736,0.5084406164,-0.9806597847,-0.4722191683
2737,0.5098725634,-0.9820917290,-0.4722191655
2738,0.5113118422,-0.9835310049,-0.4722191627
2739,0.5127584939,-0.9849776538,-0.4722191599
2740,0.5142125603,-0.9864317174,-0.4722191570
2741,0.5156740835,-0.9878932376,-0.4722191541
2742,0.5171431056,-0.9893622568,-0.4722191512
2743,0.5186196693,-0.9908388176,-0.4722191483
2744,0.5201038178,-0.9923229632,-0.4722191453
2745,0.5215955944,-0.9938147368,-0.4722191424
2746,0.5230950428,-0.9953141821,-0.4722191394
2747,0.5246022070,-0.9968213433,-0.4722191363
2748,0.5261171316,-0.9983362648,-0.4722191333
2749,0.5276398613,-0.9998589915,-0.4722191302
2750,0.5291704413,-1.0013895684,-0.4722191271
2751,0.5307089171,-1.0029280411,-0.4722191240
2752,0.5322553347,-1.0044744555,-0.4722191208
2753,0.5338097404,-1.0060288580,-0.4722191176
2754,0.5353721808,-1.0075912952,-0.4722191144
2755,0.5369427030,-1.0091618142,-0.4722191112
2756,0.5385213544,-1.0107404623,-0.4722191079
2757,0.5401081828,-1.0123272875,-0.4722191046
2758,0.5417032366,-1.0139223379,-0.4722191013
2759,0.5433065642,-1.0155256621,-0.4722190980
2760,0.5449182147,-1.0171373093,-0.4722190946
2761,0.5465382376,-1.0187573288,-0.4722190912
2762,0.5481666827,-1.0203857705,-0.4722190878
2763,0.5498036002,-1.0220226845,-0.4722190843
2764,0.5514490408,-1.0236681216,-0.4722190808
2765,0.5531030556,-1.0253221329,-0.4722190773
2766,0.5547656961,-1.0269847699,-0.4722190738
2767,0.5564370142,-1.0286560844,-0.4722190702
2768,0.5581170623,-1.0303361289,-0.4722190666
2769,0.5598058931,-1.0320249561,-0.4722190630
2770,0.5615035601,-1.0337226194,-0.4722190593
2771,0.5632101167,-1.0354291723,-0.4722190556
2772,0.5649256171,-1.0371446690,-0.4722190519
2773,0.5666501160,-1.0388691642,-0.4722190481
2774,0.5683836684,-1.0406027127,-0.4722190444
2775,0.5701263297,-1.0423453702,-0.4722190405
2776,0.5718781559,-1.0440971926,-0.4722190367
2777,0.5736392035,-1.0458582363,-0.4722190328
2778,0.5754095293,-1.0476285582,-0.4722190289
2779,0.5771891908,-1.0494082157,-0.4722190250
2780,0.5789782457,-1.0511972667,-0.4722190210
2781,0.5807767526,-1.0529957695,-0.4722190170
2782,0.5825847700,-1.0548037830,-0.4722190129
2783,0.5844023575,-1.0566213664,-0.4722190088
2784,0.5862295749,-1.0584485796,-0.4722190047
2785,0.5880664824,-1.0602854830,-0.4722190006
2786,0.5899131410,-1.0621321374,-0.4722189964
2787,0.5917696119,-1.0639886041,-0.4722189922
2788,0.5936359572,-1.0658549451,-0.4722189879
2789,0.5955122390,-1.0677312227,-0.4722189836
2790,0.5973985205,-1.0696174998,-0.4722189793
2791,0.5992948651,-1.0715138400,-0.4722189749
2792,0.6012013367,-1.0734203072,-0.4722189705
2793,0.6031179999,-1.0753369660,-0.4722189661
2794,0.6050449198,-1.0772638814,-0.4722189616
2795,0.6069821620,-1.0792011191,-0.4722189571
2796,0.6089297928,-1.0811487453,-0.4722189525
2797,0.6108878789,-1.0831068268,-0.4722189479
2798,0.6128564876,-1.0850754309,-0.4722189433
2799,0.6148356869,-1.0870546256,-0.4722189386
2800,0.6168255453,-1.0890444792,-0.4722189339
2801,0.6188261317,-1.0910450609,-0.4722189292
2802,0.6208375160,-1.0930564404,-0.4722189244
2803,0.6228597682,-1.0950786878,-0.4722189196
2804,0.6248929594,-1.0971118741,-0.4722189147
2805,0.6269371610,-1.0991560708,-0.4722189098
2806,0.6289924450,-1.1012113498,-0.4722189048
2807,0.6310588842,-1.1032777840,-0.4722188998
2808,0.6331365518,-1.1053554466,-0.4722188948
2809,0.6352255219,-1.1074444116,-0.4722188897
2810,0.6373258690,-1.1095447536,-0.4722188846
2811,0.6394376684,-1.1116565478,-0.4722188794
2812,0.6415609959,-1.1137798701,-0.4722188742
2813,0.6436959281,-1.1159147970,-0.4722188689
2814,0.6458425421,-1.1180614057,-0.4722188636
2815,0.6480009158,-1.1202197741,-0.4722188582
2816,0.6501711278,-1.1223899806,-0.4722188528
2817,0.6523532573,-1.1245721046,-0.4722188474
2818,0.6545473841,-1.1267662260,-0.4722188419
2819,0.6567535888,-1.1289724252,-0.4722188363
2820,0.6589719528,-1.1311907835,-0.4722188308
2821,0.6612025580,-1.1334213831,-0.4722188251
2822,0.6634454870,-1.1356643065,-0.4722188194
2823,0.6657008234,-1.1379196371,-0.4722188137
2824,0.6679686513,-1.1401874592,-0.4722188079
2825,0.6702490555,-1.1424678576,-0.4722188021
2826,0.6725421216,-1.1447609178,-0.4722187962
2827,0.6748479360,-1.1470667263,-0.4722187903
2828,0.6771665858,-1.1493853701,-0.4722187843
2829,0.6794981588,-1.1517169371,-0.4722187782
2830,0.6818427437,-1.1540615159,-0.4722187721
2831,0.6842004299,-1.1564191959,-0.4722187660
2832,0.6865713075,-1.1587900673,-0.4722187598
2833,0.6889554674,-1.1611742210,-0.4722187535
2834,0.6913530015,-1.1635717488,-0.4722187472
2835,0.6937640023,-1.1659827432,-0.4722187409
2836,0.6961885632,-1.1684072977,-0.4722187345
2837,0.6986267783,-1.1708455063,-0.4722187280
2838,0.7010787426,-1.1732974640,-0.4722187215
2839,0.7035445519,-1.1757632668,-0.4722187149
2840,0.7060243030,-1.1782430112,-0.4722187082
2841,0.7085180933,-1.1807367948,-0.4722187015
2842,0.7110260211,-1.1832447159,-0.4722186948
2843,0.7135481858,-1.1857668737,-0.4722186880
2844,0.7160846873,-1.1883033684,-0.4722186811
2845,0.7186356267,-1.1908543009,-0.4722186742
2846,0.7212011058,-1.1934197730,-0.4722186672
2847,0.7237812273,-1.1959998874,-0.4722186601
2848,0.7263760949,-1.1985947479,-0.4722186530
2849,0.7289858131,-1.2012044590,-0.4722186458
2850,0.7316104874,-1.2038291260,-0.4722186386
2851,0.7342502242,-1.2064688554,-0.4722186313
2852,0.7369051307,-1.2091237546,-0.4722186239
2853,0.7395753152,-1.2117939316,-0.4722186165
2854,0.7422608869,-1.2144794959,-0.4722186090
2855,0.7449619560,-1.2171805574,-0.4722186014
2856,0.7476786336,-1.2198972274,-0.4722185938
2857,0.7504110318,-1.2226296179,-0.4722185861
2858,0.7531592636,-1.2253778419,-0.4722185783
2859,0.7559234431,-1.2281420136,-0.4722185705
2860,0.7587036854,-1.2309222480,-0.4722185626
2861,0.7615001065,-1.2337186611,-0.4722185546
2862,0.7643128235,-1.2365313701,-0.4722185466
2863,0.7671419545,-1.2393604930,-0.4722185385
2864,0.7699876186,-1.2422061489,-0.4722185303
2865,0.7728499360,-1.2450684581,-0.4722185221
2866,0.7757290279,-1.2479475417,-0.4722185138
2867,0.7786250166,-1.2508435220,-0.4722185054
2868,0.7815380254,-1.2537565223,-0.4722184970
2869,0.7844681787,-1.2566866671,-0.4722184884
2870,0.7874156021,-1.2596340819,-0.4722184798
2871,0.7903804220,-1.2625988932,-0.4722184712
2872,0.7933627663,-1.2655812287,-0.4722184624
2873,0.7963627636,-1.2685812172,-0.4722184536
2874,0.7993805439,-1.2715989886,-0.4722184447
2875,0.8024162383,-1.2746346740,-0.4722184357
2876,0.8054699788,-1.2776884055,-0.4722184267
2877,0.8085418989,-1.2807603164,-0.4722184175
2878,0.8116321329,-1.2838505413,-0.4722184083
2879,0.8147408165,-1.2869592156,-0.4722183991
2880,0.8178680866,-1.2900864763,-0.4722183897
2881,0.8210140809,-1.2932324612,-0.4722183803
2882,0.8241789388,-1.2963973095,-0.4722183707
2883,0.8273628005,-1.2995811617,-0.4722183611
2884,0.8305658077,-1.3027841592,-0.4722183515
2885,0.8337881030,-1.3060064447,-0.4722183417
2886,0.8370298305,-1.3092481624,-0.4722183319
2887,0.8402911354,-1.3125094573,-0.4722183219
2888,0.8435721640,-1.3157904760,-0.4722183119
2889,0.8468730642,-1.3190913660,-0.4722183019
2890,0.8501939848,-1.3224122765,-0.4722182917
2891,0.8535350760,-1.3257533574,-0.4722182814
2892,0.8568964894,-1.3291147605,-0.4722182711
2893,0.8602783776,-1.3324966382,-0.4722182607
2894,0.8636808946,-1.3358991448,-0.4722182502
2895,0.8671041959,-1.3393224355,-0.4722182396
2896,0.8705484380,-1.3427666669,-0.4722182289
2897,0.8740137789,-1.3462319970,-0.4722182181
2898,0.8775003777,-1.3497185849,-0.4722182073
2899,0.8810083950,-1.3532265913,-0.4722181963
2900,0.8845379928,-1.3567561781,-0.4722181853
2901,0.8880893341,-1.3603075083,-0.4722181742
2902,0.8916625837,-1.3638807467,-0.4722181630
2903,0.8952579074,-1.3674760591,-0.4722181517
2904,0.8988754724,-1.3710936127,-0.4722181403
2905,0.9025154474,-1.3747335762,-0.4722181288
2906,0.9061780023,-1.3783961196,-0.4722181173
2907,0.9098633085,-1.3820814142,-0.4722181056
2908,0.9135715388,-1.3857896327,-0.4722180939
2909,0.9173028671,-1.3895209492,-0.4722180821
2910,0.9210574691,-1.3932755393,-0.4722180702
2911,0.9248355216,-1.3970535797,-0.4722180582
2912,0.9286372028,-1.4008552489,-0.4722180461
2913,0.9324626925,-1.4046807264,-0.4722180339
2914,0.9363121717,-1.4085301933,-0.4722180216
2915,0.9401858229,-1.4124038321,-0.4722180092
2916,0.9440838300,-1.4163018267,-0.4722179968
2917,0.9480063782,-1.4202243624,-0.4722179842
2918,0.9519536543,-1.4241716259,-0.4722179716
2919,0.9559258463,-1.4281438052,-0.4722179589
2920,0.9599231439,-1.4321410899,-0.4722179461
2921,0.9639457379,-1.4361636711,-0.4722179332
2922,0.9679938207,-1.4402117409,-0.4722179202
2923,0.9720675861,-1.4442854932,-0.4722179071
2924,0.9761672292,-1.4483851231,-0.4722178939
2925,0.9802929467,-1.4525108274,-0.4722178806
2926,0.9844449365,-1.4566628038,-0.4722178673
2927,0.9886233981,-1.4608412520,-0.4722178539
2928,0.9928285322,-1.4650463726,-0.4722178404
2929,0.9970605411,-1.4692783678,-0.4722178267
2930,1.0013196283,-1.4735374414,-0.4722178131
2931,1.0056059989,-1.4778237982,-0.4722177993
2932,1.0099198592,-1.4821376446,-0.4722177854
2933,1.0142614169,-1.4864791884,-0.4722177715
2934,1.0186308812,-1.4908486386,-0.4722177575
2935,1.0230284625,-1.4952462058,-0.4722177434
2936,1.0274543726,-1.4996721018,-0.4722177292
2937,1.0319088247,-1.5041265396,-0.4722177149
2938,1.0363920331,-1.5086097337,-0.4722177006
2939,1.0409042138,-1.5131219000,-0.4722176862
2940,1.0454455838,-1.5176632554,-0.4722176717
2941,1.0500163614,-1.5222340185,-0.4722176571
2942,1.0546167662,-1.5268344086,-0.4722176425
2943,1.0592470191,-1.5314646468,-0.4722176278
2944,1.0639073422,-1.5361249552,-0.4722176130
2945,1.0685979587,-1.5408155569,-0.4722175982
2946,1.0733190933,-1.5455366765,-0.4722175833
2947,1.0780709714,-1.5502885397,-0.4722175683
2948,1.0828538199,-1.5550713732,-0.4722175533
2949,1.0876678667,-1.5598854049,-0.4722175382
2950,1.0925133407,-1.5647308638,-0.4722175231
2951,1.0973904720,-1.5696079798,-0.4722175079
2952,1.1022994915,-1.5745169842,-0.4722174927
2953,1.1072406315,-1.5794581088,-0.4722174774
2954,1.1122141247,-1.5844315868,-0.4722174621
2955,1.1172202051,-1.5894376518,-0.4722174467
2956,1.1222591076,-1.5944765389,-0.4722174313
2957,1.1273310676,-1.5995484835,-0.4722174159
2958,1.1324363215,-1.6046537220,-0.4722174004
2959,1.1375751066,-1.6097924916,-0.4722173850
2960,1.1427476606,-1.6149650301,-0.4722173695
2961,1.1479542220,-1.6201715759,-0.4722173540
2962,1.1531950298,-1.6254123682,-0.4722173384
2963,1.1584703236,-1.6306876465,-0.4722173229
2964,1.1637803434,-1.6359976508,-0.4722173074
2965,1.1691253298,-1.6413426217,-0.4722172919
2966,1.1745055234,-1.6467227998,-0.4722172764
2967,1.1799211655,-1.6521384263,-0.4722172609
2968,1.1853724971,-1.6575897425,-0.4722172454
2969,1.1908597597,-1.6630769897,-0.4722172300
2970,1.1963831948,-1.6686004094,-0.4722172146
2971,1.2019430436,-1.6741602429,-0.4722171992
2972,1.2075395475,-1.6797567314,-0.4722171839
2973,1.2131729474,-1.6853901161,-0.4722171687
2974,1.2188434842,-1.6910606377,-0.4722171535
2975,1.2245513980,-1.6967685364,-0.4722171384
2976,1.2302969286,-1.7025140520,-0.4722171234
2977,1.2360803151,-1.7082974236,-0.4722171085
2978,1.2419017960,-1.7141188897,-0.4722170937
2979,1.2477616087,-1.7199786877,-0.4722170790
2980,1.2536599898,-1.7258770542,-0.4722170644
2981,1.2595971746,-1.7318142246,-0.4722170499
2982,1.2655733973,-1.7377904329,-0.4722170356
2983,1.2715888906,-1.7438059121,-0.4722170215
2984,1.2776438856,-1.7498608931,-0.4722170075
2985,1.2837386118,-1.7559556055,-0.4722169937
2986,1.2898732968,-1.7620902770,-0.4722169801
2987,1.2960481662,-1.7682651329,-0.4722169668
2988,1.3022634432,-1.7744803968,-0.4722169536
2989,1.3085193488,-1.7807362895,-0.4722169407
2990,1.3148161014,-1.7870330294,-0.4722169280
2991,1.3211539164,-1.7933708320,-0.4722169156
2992,1.3275330064,-1.7997499100,-0.4722169035
2993,1.3339535808,-1.8061704725,-0.4722168917
2994,1.3404158454,-1.8126327257,-0.4722168803
2995,1.3469200024,-1.8191368716,-0.4722168692
2996,1.3534662502,-1.8256831086,-0.4722168584
2997,1.3600547828,-1.8322716308,-0.4722168480
2998,1.3666857899,-1.8389026279,-0.4722168381
2999,1.3733594564,-1.8455762850,-0.4722168285
3000,1.3800759624,-1.8522927818,-0.4722168195
3001,1.3868354824,-1.8590522933,-0.4722168109
3002,1.3936381855,-1.8658549883,-0.4722168028
3003,1.4004842348,-1.8727010300,-0.4722167952
3004,1.4073737871,-1.8795905753,-0.4722167882
3005,1.4143069926,-1.8865237743,-0.4722167818
3006,1.4212839945,-1.8935007705,-0.4722167759
3007,1.4283049288,-1.9005216995,-0.4722167708
3008,1.4353699234,-1.9075866897,-0.4722167663
3009,1.4424790983,-1.9146958608,-0.4722167625
3010,1.4496325649,-1.9218493244,-0.4722167595
3011,1.4568304255,-1.9290471827,-0.4722167572
3012,1.4640727729,-1.9362895287,-0.4722167558
3013,1.4713596900,-1.9435764452,-0.4722167552
3014,1.4786912492,-1.9509080047,-0.4722167555
3015,1.4860675119,-1.9582842687,-0.4722167568
3016,1.4934885281,-1.9657052872,-0.4722167590
3017,1.5009543358,-1.9731710981,-0.4722167623
3018,1.5084649600,-1.9806817267,-0.4722167666
3019,1.5160204130,-1.9882371851,-0.4722167721
3020,1.5236206928,-1.9958374716,-0.4722167787
3021,1.5312657833,-2.0034825699,-0.4722167866
3022,1.5389556529,-2.0111724486,-0.4722167957
3023,1.5466902543,-2.0189070605,-0.4722168062
3024,1.5544695238,-2.0266863418,-0.4722168180
3025,1.5622933802,-2.0345102115,-0.4722168313
3026,1.5701617243,-2.0423785704,-0.4722168461
3027,1.5780744379,-2.0502913005,-0.4722168625
3028,1.5860313834,-2.0582482640,-0.4722168806
3029,1.5940324023,-2.0662493026,-0.4722169003
3030,1.6020773149,-2.0742942368,-0.4722169219
3031,1.6101659190,-2.0823828643,-0.4722169453
3032,1.6182979892,-2.0905149597,-0.4722169706
3033,1.6264732755,-2.0986902734,-0.4722169979
3034,1.6346915029,-2.1069085303,-0.4722170274
3035,1.6429523698,-2.1151694288,-0.4722170590
3036,1.6512555471,-2.1234726400,-0.4722170930
3037,1.6596006771,-2.1318178064,-0.4722171292
3038,1.6679873724,-2.1402045404,-0.4722171680
3039,1.6764152143,-2.1486324236,-0.4722172093
3040,1.6848837521,-2.1571010053,-0.4722172533
3041,1.6933925011,-2.1656098011,-0.4722173000
3042,1.7019409421,-2.1741582917,-0.4722173497
3043,1.7105285192,-2.1827459215,-0.4722174023
3044,1.7191546389,-2.1913720969,-0.4722174580
3045,1.7278186684,-2.2000361854,-0.4722175169
3046,1.7365199340,-2.2087375133,-0.4722175793
3047,1.7452577197,-2.2174753647,-0.4722176450
3048,1.7540312653,-2.2262489798,-0.4722177145
3049,1.7628397650,-2.2350575527,-0.4722177876
3050,1.7716823656,-2.2439002302,-0.4722178647
3051,1.7805581642,-2.2527761100,-0.4722179458
3052,1.7894662072,-2.2616842383,-0.4722180311
3053,1.7984054878,-2.2706236085,-0.4722181207
3054,1.8073749439,-2.2795931588,-0.4722182149
3055,1.8163734566,-2.2885917703,-0.4722183137
3056,1.8253998477,-2.2976182651,-0.4722184174
3057,1.8344528777,-2.3066714039,-0.4722185261
3058,1.8435312435,-2.3157498836,-0.4722186401
3059,1.8526335762,-2.3248523356,-0.4722187594
3060,1.8617584386,-2.3339773229,-0.4722188843
3061,1.8709043230,-2.3431233380,-0.4722190150
3062,1.8800696485,-2.3522888001,-0.4722191516
3063,1.8892527587,-2.3614720532,-0.4722192945
3064,1.8984519187,-2.3706713625,-0.4722194438
3065,1.9076653131,-2.3798849128,-0.4722195997
3066,1.9168910424,-2.3891108048,-0.4722197625
3067,1.9261271208,-2.3983470531,-0.4722199324
3068,1.9353714732,-2.4075915828,-0.4722201095
3069,1.9446219322,-2.4168422265,-0.4722202943
3070,1.9538762351,-2.4260967220,-0.4722204869
3071,1.9631320207,-2.4353527083,-0.4722206875
3072,1.9723868266,-2.4446077231,-0.4722208965
3073,1.9816380854,-2.4538591996,-0.4722211141
3074,1.9908831222,-2.4631044628,-0.4722213406
3075,2.0001191505,-2.4723407267,-0.4722215762
3076,2.0093432696,-2.4815650909,-0.4722218212
3077,2.0185524607,-2.4907745367,-0.4722220760
3078,2.0277435836,-2.4999659244,-0.4722223408
3079,2.0369133734,-2.5091359892,-0.4722226158
3080,2.0460584366,-2.5182813381,-0.4722229015
3081,2.0551752481,-2.5273984461,-0.4722231980
3082,2.0642601471,-2.5364836529,-0.4722235058
3083,2.0733093340,-2.5455331591,-0.4722238251
3084,2.0823188664,-2.5545430226,-0.4722241562
3085,2.0912846558,-2.5635091552,-0.4722244994
3086,2.1002024639,-2.5724273190,-0.4722248551
3087,2.1090678991,-2.5812931226,-0.4722252235
3088,2.1178764130,-2.5901020181,-0.4722256051
3089,2.1266232969,-2.5988492968,-0.4722259999
3090,2.1353036782,-2.6075300868,-0.4722264085
3091,2.1439125177,-2.6161393488,-0.4722268311
3092,2.1524446054,-2.6246718734,-0.4722272680
3093,2.1608945581,-2.6331222776,-0.4722277195
3094,2.1692568162,-2.6414850020,-0.4722281858
3095,2.1775256407,-2.6497543080,-0.4722286673
3096,2.1856951105,-2.6579242748,-0.4722291642
3097,2.1937591201,-2.6659887970,-0.4722296768
3098,2.2017113771,-2.6739415824,-0.4722302053
3099,2.2095454002,-2.6817761502,-0.4722307500
3100,2.2172545174,-2.6894858284,-0.4722313110
3101,2.2248318646,-2.6970637531,-0.4722318886
3102,2.2322703844,-2.7045028673,-0.4722324829
3103,2.2395628254,-2.7117959194,-0.4722330940
3104,2.2467017418,-2.7189354639,-0.4722337221
3105,2.2536794932,-2.7259138604,-0.4722343673
3106,2.2604882455,-2.7327232751,-0.4722350296
3107,2.2671199722,-2.7393556812,-0.4722357090
3108,2.2735664553,-2.7458028608,-0.4722364055
3109,2.2798192883,-2.7520564074,-0.4722371190
3110,2.2858698789,-2.7581077284,-0.4722378495
3111,2.2917094525,-2.7639480492,-0.4722385967
3112,2.2973290569,-2.7695684175,-0.4722393605
3113,2.3027195676,-2.7749597082,-0.4722401406
3114,2.3078716938,-2.7801126303,-0.4722409366
3115,2.3127759854,-2.7850177335,-0.4722417481
3116,2.3174228416,-2.7896654163,-0.4722425747
3117,2.3218025196,-2.7940459354,-0.4722434158
3118,2.3259051454,-2.7981494161,-0.4722442708
3119,2.3297207247,-2.8019658636,-0.4722451389
3120,2.3332391565,-2.8054851759,-0.4722460194
3121,2.3364502464,-2.8086971578,-0.4722469114
3122,2.3393437228,-2.8115915366,-0.4722478138
3123,2.3419092535,-2.8141579791,-0.4722487256
3124,2.3441364641,-2.8163861097,-0.4722496456
3125,2.3460149587,-2.8182655310,-0.4722505724
3126,2.3475343405,-2.8197858451,-0.4722515046
3127,2.3486842364,-2.8209366771,-0.4722524406
3128,2.3494543212,-2.8217077001,-0.4722533789
3129,2.3498343451,-2.8220886625,-0.4722543174
3130,2.3498141619,-2.8220694164,-0.4722552544
3131,2.3493837601,-2.8216399479,-0.4722561878
3132,2.3485332949,-2.8207904103,-0.4722571153
3133,2.3472531229,-2.8195111577,-0.4722580347
3134,2.3455338380,-2.8177927814,-0.4722589434
3135,2.3433663094,-2.8156261483,-0.4722598389
3136,2.3407417219,-2.8130024403,-0.4722607184
3137,2.3376516172,-2.8099131964,-0.4722615792
3138,2.3340879376,-2.8063503557,-0.4722624181
3139,2.3300430709,-2.8023063031,-0.4722632321
3140,2.3255098973,-2.7977739154,-0.4722640181
3141,2.3204818371,-2.7927466098,-0.4722647727
3142,2.3149529006,-2.7872183931,-0.4722654925
3143,2.3089177384,-2.7811839125,-0.4722661741
3144,2.3023716928,-2.7746385066,-0.4722668138
3145,2.2953108502,-2.7675782585,-0.4722674083
3146,2.2877320937,-2.7600000474,-0.4722679537
3147,2.2796331562,-2.7519016027,-0.4722684466
3148,2.2710126728,-2.7432815560,-0.4722688832
3149,2.2618702336,-2.7341394937,-0.4722692601
3150,2.2522064351,-2.7244760088,-0.4722695737
3151,2.2420229308,-2.7142927513,-0.4722698205
3152,2.2313224797,-2.7035924770,-0.4722699974
3153,2.2201089932,-2.6923790942,-0.4722701010
3154,2.2083875796,-2.6806577081,-0.4722701285
3155,2.1961645852,-2.6684346623,-0.4722700771
3156,2.1834476322,-2.6557175764,-0.4722699443
3157,2.1702456521,-2.6425153799,-0.4722697278
3158,2.1565689155,-2.6288383413,-0.4722694258
3159,2.1424290559,-2.6146980926,-0.4722690367
3160,2.1278390882,-2.6001076476,-0.4722685594
3161,2.1128134214,-2.5850814146,-0.4722679931
3162,2.0973678639,-2.5696352017,-0.4722673377
3163,2.0815196226,-2.5537862161,-0.4722665934
3164,2.0652872936,-2.5375530546,-0.4722657610
3165,2.0486908454,-2.5209556871,-0.4722648417
3166,2.0317515936,-2.5040154311,-0.4722638375
3167,2.0144921669,-2.4867549177,-0.4722627509
3168,1.9969364640,-2.4691980489,-0.4722615849
3169,1.9791096022,-2.4513699455,-0.4722603432
3170,1.9610378558,-2.4332968860,-0.4722590302
3171,1.9427485861,-2.4150062368,-0.4722576507
3172,1.9242701622,-2.3965263724,-0.4722562102
3173,1.9056318733,-2.3778865881,-0.4722547148
3174,1.8868638321,-2.3591170031,-0.4722531711
3175,1.8679968707,-2.3402484567,-0.4722515860
3176,1.8490624291,-2.3213123963,-0.4722499672
3177,1.8300924370,-2.3023407595,-0.4722483225
3178,1.8111191898,-2.2833658499,-0.4722466601
3179,1.7921752201,-2.2644202087,-0.4722449886
3180,1.7732931649,-2.2455364816,-0.4722433166
3181,1.7545056312,-2.2267472841,-0.4722416529
3182,1.7358450591,-2.2080850653,-0.4722400061
3183,1.7173435862,-2.1895819712,-0.4722383850
3184,1.6990329127,-2.1712697107,-0.4722367980
3185,1.6809441699,-2.1531794231,-0.4722352533
3186,1.6631077930,-2.1353415515,-0.4722337585
3187,1.6455534004,-2.1177857214,-0.4722323210
3188,1.6283096795,-2.1005406268,-0.4722309473
3189,1.6114042825,-2.0836339261,-0.4722296435
3190,1.5948637321,-2.0670921469,-0.4722284148
3191,1.5787133388,-2.0509406042,-0.4722272654
3192,1.5629771311,-2.0352033297,-0.4722261986
3193,1.5476777992,-2.0199030162,-0.4722252170
3194,1.5328366545,-2.0050609763,-0.4722243218
3195,1.5184736030,-1.9906971163,-0.4722235134
3196,1.5046071353,-1.9768299262,-0.4722227908
3197,1.4912543333,-1.9634764857,-0.4722221523
3198,1.4784308917,-1.9506524866,-0.4722215949
3199,1.4661511563,-1.9383722709,-0.4722211145
3200,1.4544281775,-1.9266488837,-0.4722207062
3201,1.4432737784,-1.9154941424,-0.4722203640
3202,1.4326986362,-1.9049187174,-0.4722200812
3203,1.4227123770,-1.8949322273,-0.4722198503
3204,1.4133236803,-1.8855433435,-0.4722196632
3205,1.4045403939,-1.8767599051,-0.4722195112
3206,1.3963696556,-1.8685890409,-0.4722193853
3207,1.3888180207,-1.8610372970,-0.4722192763
3208,1.3818915925,-1.8541107674,-0.4722191749
3209,1.3755961538,-1.8478152258,-0.4722190720
3210,1.3699372978,-1.8421562564,-0.4722189586
3211,1.3649205543,-1.8371393805,-0.4722188261
3212,1.3605515111,-1.8327701778,-0.4722186667
3213,1.3568359260,-1.8290543989,-0.4722184730
3214,1.3537798292,-1.8259980677,-0.4722182386
3215,1.3513896129,-1.8236075710,-0.4722179581
3216,1.3496721066,-1.8218897339,-0.4722176273
3217,1.3486346360,-1.8208518790,-0.4722172430
3218,1.3482850648,-1.8205018683,-0.4722168035
3219,1.3486318173,-1.8208481254,-0.4722163081
3220,1.3496838814,-1.8218996394,-0.4722157579
3221,1.3514507917,-1.8236659469,-0.4722151552
3222,1.3539425912,-1.8261570950,-0.4722145038
3223,1.3571697737,-1.8293835824,-0.4722138087
3224,1.3611432048,-1.8333562812,-0.4722130764
3225,1.3658740244,-1.8380863391,-0.4722123146
3226,1.3713735305,-1.8435850628,-0.4722115323
3227,1.3776530462,-1.8498637856,-0.4722107393
3228,1.3847237716,-1.8569337182,-0.4722099466
3229,1.3925966219,-1.8648057876,-0.4722091657
3230,1.4012820554,-1.8734904643,-0.4722084090
3231,1.4107898918,-1.8829975808,-0.4722076890
3232,1.4211291254,-1.8933361441,-0.4722070188
3233,1.4323077342,-1.9045141454,-0.4722064112
3234,1.4443324891,-1.9165383684,-0.4722058793
3235,1.4572087653,-1.9294142007,-0.4722054354
3236,1.4709403587,-1.9431454504,-0.4722050917
3237,1.4855293102,-1.9577341696,-0.4722048594
3238,1.5009757415,-1.9731804905,-0.4722047490
3239,1.5172777027,-1.9894824726,-0.4722047699
3240,1.5344310366,-2.0066359670,-0.4722049304
3241,1.5524292601,-2.0246344975,-0.4722052374
3242,1.5712634649,-2.0434691615,-0.4722056965
3243,1.5909222398,-2.0631285517,-0.4722063119
3244,1.6113916144,-2.0835987004,-0.4722070860
3245,1.6326550264,-2.1048630463,-0.4722080199
3246,1.6546933129,-2.1269024257,-0.4722091128
3247,1.6774847244,-2.1496950872,-0.4722103627
3248,1.7010049640,-2.1732167299,-0.4722117658
3249,1.7252272485,-2.1974405653,-0.4722133169
3250,1.7501223924,-2.2223374017,-0.4722150092
3251,1.7756589140,-2.2478757489,-0.4722168349
3252,1.8018031598,-2.2740219445,-0.4722187847
3253,1.8285194487,-2.3007402971,-0.4722208483
3254,1.8557702320,-2.3279932466,-0.4722230146
3255,1.8835162680,-2.3557415393,-0.4722252714
3256,1.9117168087,-2.3839444147,-0.4722276060
3257,1.9403297976,-2.4125598028,-0.4722300051
3258,1.9693120740,-2.4415445293,-0.4722324553
3259,1.9986195835,-2.4708545262,-0.4722349427
3260,2.0282075923,-2.5004450457,-0.4722374535
3261,2.0580309012,-2.5302708750,-0.4722399738
3262,2.0880440596,-2.5602865500,-0.4722424903
3263,2.1182015761,-2.5904465658,-0.4722449897
3264,2.1484581231,-2.6207055825,-0.4722474594
3265,2.1787687357,-2.6510186230,-0.4722498873
3266,2.2090890017,-2.6813412636,-0.4722522618
3267,2.2393752417,-2.7116298141,-0.4722545724
3268,2.2695846779,-2.7418414871,-0.4722568092
3269,2.2996755914,-2.7719345545,-0.4722589631
3270,2.3296074663,-2.8018684924,-0.4722610261
3271,2.3593411204,-2.8316041114,-0.4722629909
3272,2.3888388217,-2.8611036732,-0.4722648515
3273,2.4180643909,-2.8903309935,-0.4722666025
3274,2.4469832900,-2.9192515297,-0.4722682397
3275,2.4755626959,-2.9478324555,-0.4722697596
3276,2.5037715605,-2.9760427203,-0.4722711598
3277,2.5315806576,-3.0038530963,-0.4722724387
3278,2.5589626153,-3.0312362108,-0.4722735954
3279,2.5858919374,-3.0581665675,-0.4722746301
3280,2.6123450115,-3.0846205549,-0.4722755434
3281,2.6383001066,-3.1105764435,-0.4722763369
3282,2.6637373599,-3.1360143724,-0.4722770124
3283,2.6886387542,-3.1609163269,-0.4722775727
3284,2.7129880855,-3.1852661065,-0.4722780210
3285,2.7367709242,-3.2090492850,-0.4722783608
3286,2.7599745673,-3.2322531634,-0.4722785961
3287,2.7825879857,-3.2548667169,-0.4722787312
3288,2.8046017649,-3.2768805357,-0.4722787709
3289,2.8260080416,-3.2982867616,-0.4722787199
3290,2.8468004364,-3.3190790198,-0.4722785834
3291,2.8669739824,-3.3392523490,-0.4722783666
3292,2.8865250524,-3.3588031271,-0.4722780747
3293,2.9054512831,-3.3777289964,-0.4722777132
3294,2.9237514992,-3.3960287866,-0.4722772875
3295,2.9414256352,-3.4137024381,-0.4722768028
3296,2.9584746589,-3.4307509236,-0.4722762647
3297,2.9749004930,-3.4471761714,-0.4722756784
3298,2.9907059394,-3.4629809884,-0.4722750490
3299,3.0058946029,-3.4781689846,-0.4722743816
3300,3.0204708174,-3.4927444987,-0.4722736813
3301,3.0344395729,-3.5067125257,-0.4722729528
3302,3.0478064450,-3.5200786457,-0.4722722007
3303,3.0605775262,-3.5328489557,-0.4722714295
3304,3.0727593596,-3.5450300032,-0.4722706436
3305,3.0843588749,-3.5566287219,-0.4722698470
3306,3.0953833270,-3.5676523707,-0.4722690438
3307,3.1058402372,-3.5781084747,-0.4722682375
3308,3.1157373375,-3.5880047693,-0.4722674318
3309,3.1250825163,-3.5973491463,-0.4722666300
3310,3.1338837688,-3.6061496042,-0.4722658353
3311,3.1421491484,-3.6144141991,-0.4722650507
3312,3.1498867216,-3.6221510005,-0.4722642789
3313,3.1571045258,-3.6293680483,-0.4722635225
3314,3.1638105289,-3.6360733130,-0.4722627841
3315,3.1700125928,-3.6422746585,-0.4722620657
3316,3.1757184379,-3.6479798075,-0.4722613696
3317,3.1809356113,-3.6531963089,-0.4722606976
3318,3.1856714572,-3.6579315087,-0.4722600515
3319,3.1899330888,-3.6621925217,-0.4722594329
3320,3.1937273639,-3.6659862071,-0.4722588432
3321,3.1970608614,-3.6693191452,-0.4722582838
3322,3.1999398607,-3.6721976166,-0.4722577559
3323,3.2023703231,-3.6746275836,-0.4722572605
3324,3.2043578748,-3.6766146733,-0.4722567985
3325,3.2059077926,-3.6781641633,-0.4722563707
3326,3.2070249905,-3.6792809683,-0.4722559778
3327,3.2077140090,-3.6799696294,-0.4722556204
3328,3.2079790059,-3.6802343048,-0.4722552988
3329,3.2078237487,-3.6800787622,-0.4722550135
3330,3.2072516087,-3.6795063733,-0.4722547647
3331,3.2062655572,-3.6785201096,-0.4722545524
3332,3.2048681629,-3.6771225396,-0.4722543767
3333,3.2030615910,-3.6753158285,-0.4722542375
3334,3.2008476043,-3.6731017389,-0.4722541346
3335,3.1982275651,-3.6704816329,-0.4722540678
3336,3.1952024398,-3.6674564764,-0.4722540366
3337,3.1917728044,-3.6640268449,-0.4722540405
3338,3.1879388514,-3.6601929303,-0.4722540789
3339,3.1837003992,-3.6559545504,-0.4722541512
3340,3.1790569028,-3.6513111592,-0.4722542563
3341,3.1740074656,-3.6462618592,-0.4722543936
3342,3.1685508540,-3.6408054158,-0.4722545617
3343,3.1626855131,-3.6349402728,-0.4722547597
3344,3.1564095843,-3.6286645704,-0.4722549861
3345,3.1497209252,-3.6219761647,-0.4722552395
3346,3.1426171309,-3.6148726494,-0.4722555185
3347,3.1350955578,-3.6073513790,-0.4722558212
3348,3.1271533491,-3.5994094949,-0.4722561458
3349,3.1187874626,-3.5910439529,-0.4722564903
3350,3.1099947008,-3.5822515535,-0.4722568526
3351,3.1007717431,-3.5730289735,-0.4722572304
3352,3.0911151801,-3.5633728012,-0.4722576212
3353,3.0810215509,-3.5532795732,-0.4722580223
3354,3.0704873827,-3.5427458136,-0.4722584309
3355,3.0595092318,-3.5317680760,-0.4722588442
3356,3.0480837290,-3.5203429878,-0.4722592588
3357,3.0362076261,-3.5084672976,-0.4722596715
3358,3.0238778455,-3.4961379241,-0.4722600787
3359,3.0110915324,-3.4833520090,-0.4722604767
3360,2.9978461097,-3.4701069712,-0.4722608616
3361,2.9841393351,-3.4564005645,-0.4722612294
3362,2.9699693615,-3.4422309372,-0.4722615757
3363,2.9553347986,-3.4275966948,-0.4722618962
3364,2.9402347782,-3.4124969644,-0.4722621863
3365,2.9246690210,-3.3969314621,-0.4722624411
3366,2.9086379058,-3.3809005617,-0.4722626559
3367,2.8921425405,-3.3644053660,-0.4722628255
3368,2.8751848348,-3.3474477795,-0.4722629447
3369,2.8577675745,-3.3300305830,-0.4722630085
3370,2.8398944972,-3.3121575085,-0.4722630113
3371,2.8215703681,-3.2938333158,-0.4722629478
3372,2.8028010570,-3.2750638696,-0.4722628126
3373,2.7835936152,-3.2558562154,-0.4722626002
3374,2.7639563517,-3.2362186570,-0.4722623053
3375,2.7438989084,-3.2161608310,-0.4722619226
3376,2.7234323343,-3.1956937812,-0.4722614469
3377,2.7025691568,-3.1748300300,-0.4722608732
3378,2.6813234511,-3.1535836476,-0.4722601966
3379,2.6597109046,-3.1319703172,-0.4722594126
3380,2.6377488789,-3.1100073959,-0.4722585170
3381,2.6154564649,-3.0877139708,-0.4722575059
3382,2.5928545333,-3.0651109092,-0.4722563758
3383,2.5699657773,-3.0422209012,-0.4722551239
3384,2.5468147482,-3.0190684959,-0.4722537477
3385,2.5234278821,-2.9956801276,-0.4722522455
3386,2.4998335174,-2.9720841335,-0.4722506161
3387,2.4760619015,-2.9483107608,-0.4722488593
3388,2.4521451865,-2.9243921618,-0.4722469753
3389,2.4281174123,-2.9003623779,-0.4722449656
3390,2.4040144774,-2.8762573097,-0.4722428323
3391,2.3798740954,-2.8521146739,-0.4722405785
3392,2.3557357372,-2.8279739456,-0.4722382085
3393,2.3316405585,-2.8038762857,-0.4722357273
3394,2.3076313113,-2.7798644526,-0.4722331412
3395,2.2837522404,-2.7559826980,-0.4722304576
3396,2.2600489625,-2.7322766474,-0.4722276849
3397,2.2365683309,-2.7087931632,-0.4722248324
3398,2.2133582823,-2.6855801931,-0.4722219107
3399,2.1904676699,-2.6626866014,-0.4722189315
3400,2.1679460792,-2.6401619865,-0.4722159073
3401,2.1458436310,-2.6180564825,-0.4722128515
3402,2.1242107694,-2.5964205480,-0.4722097786
3403,2.1030980381,-2.5753047417,-0.4722067036
3404,2.0825558450,-2.5547594875,-0.4722036425
3405,2.0626342174,-2.5348348289,-0.4722006115
3406,2.0433825485,-2.5155801760,-0.4721976275
3407,2.0248493385,-2.4970440461,-0.4721947076
3408,2.0070819313,-2.4792738004,-0.4721918691
3409,1.9901262493,-2.4623153785,-0.4721891292
3410,1.9740265289,-2.4462130340,-0.4721865051
3411,1.9588250585,-2.4310090722,-0.4721840136
3412,1.9445619229,-2.4167435938,-0.4721816709
3413,1.9312747543,-2.4034542469,-0.4721794926
3414,1.9189984949,-2.3911759884,-0.4721774936
3415,1.9077651722,-2.3799408597,-0.4721756874
3416,1.8976036897,-2.3697777766,-0.4721740869
3417,1.8885396351,-2.3607123383,-0.4721727032
3418,1.8805951088,-2.3527666551,-0.4721715463
3419,1.8737885738,-2.3459591982,-0.4721706244
3420,1.8681347295,-2.3403046739,-0.4721699443
3421,1.8636444103,-2.3358139213,-0.4721695110
3422,1.8603245104,-2.3324938378,-0.4721693275
3423,1.8581779356,-2.3303473307,-0.4721693952
3424,1.8572035831,-2.3293732968,-0.4721697137
3425,1.8573963492,-2.3295666298,-0.4721702805
3426,1.8587471642,-2.3309182558,-0.4721710917
3427,1.8612430553,-2.3334151964,-0.4721721411
3428,1.8648672361,-2.3370406575,-0.4721734214
3429,1.8695992218,-2.3417741450,-0.4721749232
3430,1.8754149680,-2.3475916039,-0.4721766359
3431,1.8822870331,-2.3544655806,-0.4721785476
3432,1.8901847609,-2.3623654057,-0.4721806448
3433,1.8990744821,-2.3712573954,-0.4721829133
3434,1.9089197327,-2.3811050706,-0.4721853379
3435,1.9196814858,-2.3918693882,-0.4721879024
3436,1.9313183958,-2.4035089862,-0.4721905904
3437,1.9437870517,-2.4159804364,-0.4721933848
3438,1.9570422365,-2.4292385048,-0.4721962683
3439,1.9710371916,-2.4432364153,-0.4721992237
3440,1.9857238820,-2.4579261158,-0.4722022337
3441,2.0010532615,-2.4732585428,-0.4722052813
3442,2.0169755341,-2.4891838840,-0.4722083499
3443,2.0334404110,-2.5056518342,-0.4722114232
3444,2.0503973598,-2.5226118457,-0.4722144859
3445,2.0677958454,-2.5400133685,-0.4722175231
3446,2.0855855596,-2.5578060805,-0.4722205209
3447,2.1037166395,-2.5759401056,-0.4722234662
3448,2.1221398718,-2.5943662188,-0.4722263469
3449,2.1408068844,-2.6130360364,-0.4722291520
3450,2.1596703210,-2.6319021925,-0.4722318715
3451,2.1786840023,-2.6509184987,-0.4722344964
3452,2.1978030700,-2.6700400888,-0.4722370188
3453,2.2169841148,-2.6892235467,-0.4722394319
3454,2.2361852890,-2.7084270191,-0.4722417301
3455,2.2553664026,-2.7276103112,-0.4722439086
3456,2.2744890037,-2.7467349676,-0.4722459638
3457,2.2935164442,-2.7657643373,-0.4722478930
3458,2.3124139301,-2.7846636246,-0.4722496945
3459,2.3311485583,-2.8033999255,-0.4722513672
3460,2.3496893399,-2.8219422512,-0.4722529113
3461,2.3680072108,-2.8402615382,-0.4722543274
3462,2.3860750312,-2.8583306480,-0.4722556169
3463,2.4038675731,-2.8761243549,-0.4722567818
3464,2.4213614993,-2.8936193241,-0.4722578248
3465,2.4385353322,-2.9107940812,-0.4722587491
3466,2.4553694151,-2.9276289733,-0.4722595582
3467,2.4718458664,-2.9441061225,-0.4722602561
3468,2.4879485267,-2.9602093740,-0.4722608473
3469,2.5036629014,-2.9759242377,-0.4722613363
3470,2.5189760980,-2.9912378259,-0.4722617279
3471,2.5338767594,-3.0061387867,-0.4722620274
3472,2.5483549948,-3.0206172345,-0.4722622397
3473,2.5624023075,-3.0346646777,-0.4722623702
3474,2.5760115209,-3.0482739452,-0.4722624243
3475,2.5891767036,-3.0614391108,-0.4722624072
3476,2.6018930937,-3.0741554180,-0.4722623243
3477,2.6141570230,-3.0864192039,-0.4722621810
3478,2.6259658412,-3.0982278235,-0.4722619823
3479,2.6373178412,-3.1095795747,-0.4722617335
3480,2.6482121853,-3.1204736249,-0.4722614396
3481,2.6586488324,-3.1309099378,-0.4722611054
3482,2.6686284674,-3.1408892031,-0.4722607357
3483,2.6781524321,-3.1504127672,-0.4722603351
3484,2.6872226583,-3.1594825663,-0.4722599080
3485,2.6958416029,-3.1681010615,-0.4722594586
3486,2.7040121855,-3.1762711765,-0.4722589911
3487,2.7117377285,-3.1839962378,-0.4722585092
3488,2.7190218998,-3.1912799166,-0.4722580168
3489,2.7258686575,-3.1981261749,-0.4722575174
3490,2.7322821979,-3.2045392120,-0.4722570142
3491,2.7382669055,-3.2105234160,-0.4722565104
3492,2.7438273064,-3.2160833155,-0.4722560091
3493,2.7489680232,-3.2212235361,-0.4722555129
3494,2.7536937331,-3.2259487577,-0.4722550246
3495,2.7580091287,-3.2302636752,-0.4722545465
3496,2.7619188805,-3.2341729616,-0.4722540810
3497,2.7654276028,-3.2376812331,-0.4722536303
3498,2.7685398207,-3.2407930169,-0.4722531962
3499,2.7712599403,-3.2435127209,-0.4722527806
3500,2.7735922211,-3.2458446063,-0.4722523852
3501,2.7755407496,-3.2477927612,-0.4722520116
3502,2.7771094161,-3.2493610772,-0.4722516611
3503,2.7783018926,-3.2505532277,-0.4722513351
3504,2.7791216134,-3.2513726481,-0.4722510347
3505,2.7795717564,-3.2518225174,-0.4722507610
3506,2.7796552277,-3.2519057425,-0.4722505149
3507,2.7793746464,-3.2516249436,-0.4722502972
3508,2.7787323323,-3.2509824409,-0.4722501087
3509,2.7777302944,-3.2499802444,-0.4722499499
3510,2.7763702216,-3.2486200431,-0.4722498214
3511,2.7746534742,-3.2469031979,-0.4722497237
3512,2.7725810776,-3.2448307346,-0.4722496570
3513,2.7701537172,-3.2424033387,-0.4722496215
3514,2.7673717344,-3.2396213519,-0.4722496175
3515,2.7642351251,-3.2364847700,-0.4722496449
3516,2.7607435380,-3.2329932418,-0.4722497038
3517,2.7568962759,-3.2291460699,-0.4722497940
3518,2.7526922977,-3.2249422129,-0.4722499152
3519,2.7481302213,-3.2203802885,-0.4722500672
3520,2.7432083293,-3.2154585789,-0.4722502496
3521,2.7379245750,-3.2101750368,-0.4722504618
3522,2.7322765904,-3.2045272936,-0.4722507032
3523,2.7262616955,-3.1985126687,-0.4722509731
3524,2.7198769097,-3.1921281805,-0.4722512708
3525,2.7131189639,-3.1853705591,-0.4722515952
3526,2.7059843154,-3.1782362608,-0.4722519454
3527,2.6984691636,-3.1707214837,-0.4722523202
3528,2.6905694677,-3.1628221860,-0.4722527183
3529,2.6822809667,-3.1545341050,-0.4722531383
3530,2.6735992009,-3.1458527795,-0.4722535786
3531,2.6645195352,-3.1367735729,-0.4722540377
3532,2.6550371850,-3.1272916986,-0.4722545136
3533,2.6451472437,-3.1174022482,-0.4722550045
3534,2.6348447130,-3.1071002211,-0.4722555081
3535,2.6241245346,-3.0963805568,-0.4722560223
3536,2.6129816251,-3.0852381696,-0.4722565445
3537,2.6014109127,-3.0736679849,-0.4722570721
3538,2.5894073768,-3.0616649793,-0.4722576025
3539,2.5769660895,-3.0492242220,-0.4722581325
3540,2.5640822603,-3.0363409194,-0.4722586591
3541,2.5507512832,-3.0230104621,-0.4722591789
3542,2.5369687859,-3.0092284743,-0.4722596885
3543,2.5227306825,-2.9949908665,-0.4722601840
3544,2.5080332280,-2.9802938897,-0.4722606617
3545,2.4928730761,-2.9651341934,-0.4722611174
3546,2.4772473385,-2.9495088854,-0.4722615469
3547,2.4611536481,-2.9334155939,-0.4722619458
3548,2.4445902231,-2.9168525326,-0.4722623095
3549,2.4275559347,-2.8998185680,-0.4722626333
3550,2.4100503756,-2.8823132877,-0.4722629122
3551,2.3920739312,-2.8643370724,-0.4722631412
3552,2.3736278527,-2.8458911679,-0.4722633152
3553,2.3547143305,-2.8269777594,-0.4722634289
3554,2.3353365697,-2.8076000468,-0.4722634771
3555,2.3154988663,-2.7877623206,-0.4722634543
3556,2.2952066827,-2.7674700380,-0.4722633553
3557,2.2744667247,-2.7467298993,-0.4722631746
3558,2.2532870163,-2.7255499232,-0.4722629069
3559,2.2316769745,-2.7039395215,-0.4722625469
3560,2.2096474820,-2.6819095717,-0.4722620897
3561,2.1872109570,-2.6594724873,-0.4722615303
3562,2.1643814209,-2.6366422849,-0.4722608640
3563,2.1411745615,-2.6134346479,-0.4722600864
3564,2.1176077915,-2.5898669849,-0.4722591935
3565,2.0937003022,-2.5659584837,-0.4722581814
3566,2.0694731107,-2.5417301578,-0.4722570471
3567,2.0449490992,-2.5172048871,-0.4722557879
3568,2.0201530476,-2.4924074491,-0.4722544014
3569,1.9951116560,-2.4673645424,-0.4722528864
3570,1.9698535579,-2.4421047999,-0.4722512420
3571,1.9444093225,-2.4166587905,-0.4722494681
3572,1.9188114450,-2.3910590105,-0.4722475655
3573,1.8930943252,-2.3653398611,-0.4722455360
3574,1.8672942318,-2.3395376138,-0.4722433820
3575,1.8414492534,-2.3136903607,-0.4722411072
3576,1.8155992346,-2.2878379508,-0.4722387162
3577,1.7897856965,-2.2620219109,-0.4722362145
3578,1.7640517419,-2.2362853507,-0.4722336088
3579,1.7384419447,-2.2106728517,-0.4722309070
3580,1.7130022224,-2.1852303404,-0.4722281179
3581,1.6877796934,-2.1600049449,-0.4722252515
3582,1.6628225172,-2.1350448359,-0.4722223187
3583,1.6381797199,-2.1103990515,-0.4722193316
3584,1.6139010044,-2.0861173077,-0.4722163032
3585,1.5900365460,-2.0622497934,-0.4722132474
3586,1.5666367747,-2.0388469537,-0.4722101790
3587,1.5437521459,-2.0159592593,-0.4722071133
3588,1.5214328997,-1.9936369664,-0.4722040667
3589,1.4997288113,-1.9719298669,-0.4722010556
3590,1.4786889340,-1.9508870312,-0.4721980972
3591,1.4583613373,-1.9305565461,-0.4721952088
3592,1.4387928410,-1.9109852486,-0.4721924076
3593,1.4200287484,-1.8922184595,-0.4721897111
3594,1.4021125822,-1.8742997185,-0.4721871363
3595,1.3850858223,-1.8572705222,-0.4721846999
3596,1.3689876521,-1.8411700701,-0.4721824180
3597,1.3538547121,-1.8260350181,-0.4721803060
3598,1.3397208666,-1.8118992449,-0.4721783782
3599,1.3266169831,-1.7987936313,-0.4721766482
3600,1.3145707290,-1.7867458571,-0.4721751281
3601,1.3036063868,-1.7757802154,-0.4721738287
3602,1.2937446899,-1.7659174491,-0.4721727592
3603,1.2850026813,-1.7571746088,-0.4721719275
3604,1.2773935965,-1.7495649360,-0.4721713395
3605,1.2709267715,-1.7430977711,-0.4721709995
3606,1.2656075792,-1.7377784892,-0.4721709100
3607,1.2614373909,-1.7336084625,-0.4721710715
3608,1.2584135683,-1.7305850512,-0.4721714829
3609,1.2565294815,-1.7287016224,-0.4721721409
3610,1.2557745562,-1.7279475970,-0.4721730408
3611,1.2561343476,-1.7283085235,-0.4721741759
3612,1.2575906412,-1.7297661790,-0.4721755378
3613,1.2601215780,-1.7322986948,-0.4721771168
3614,1.2637018049,-1.7358807064,-0.4721789014
3615,1.2683026459,-1.7404835251,-0.4721808792
3616,1.2738922940,-1.7460753302,-0.4721830361
3617,1.2804360215,-1.7526213790,-0.4721853575
3618,1.2878964050,-1.7600842326,-0.4721878276
3619,1.2962335650,-1.7684239950,-0.4721904300
3620,1.3054054152,-1.7775985631,-0.4721931479
3621,1.3153679206,-1.7875638845,-0.4721959639
3622,1.3260753610,-1.7982742216,-0.4721988606
3623,1.3374805981,-1.8096824187,-0.4722018207
3624,1.3495353429,-1.8217401696,-0.4722048266
3625,1.3621904217,-1.8343982833,-0.4722078616
3626,1.3753960379,-1.8476069468,-0.4722109089
3627,1.3891020282,-1.8613159807,-0.4722139525
3628,1.4032581106,-1.8754750877,-0.4722169771
3629,1.4178141233,-1.8900340913,-0.4722199680
3630,1.4327202512,-1.9049431627,-0.4722229115
3631,1.4479272414,-1.9201530363,-0.4722257949
3632,1.4633866041,-1.9356152103,-0.4722286062
3633,1.4790507993,-1.9512821341,-0.4722313348
3634,1.4948734082,-1.9671073790,-0.4722339709
3635,1.5108092887,-1.9830457944,-0.4722365057
3636,1.5268147153,-1.9990536472,-0.4722389319
3637,1.5428475026,-2.0150887455,-0.4722412429
3638,1.5588671126,-2.0311105458,-0.4722434332
3639,1.5748347462,-2.0470802448,-0.4722454986
3640,1.5907134194,-2.0629608550,-0.4722474355
3641,1.6064680243,-2.0787172659,-0.4722492416
3642,1.6220653754,-2.0943162907,-0.4722509154
3643,1.6374742425,-2.1097266986,-0.4722524561
3644,1.6526653706,-2.1249192345,-0.4722538639
3645,1.6676114872,-2.1398666269,-0.4722551398
3646,1.6822872986,-2.1545435837,-0.4722562851
3647,1.6966694757,-2.1689267778,-0.4722573021
3648,1.7107366300,-2.1829948235,-0.4722581935
3649,1.7244692817,-2.1967282442,-0.4722589625
3650,1.7378498187,-2.2101094315,-0.4722596127
3651,1.7508624507,-2.2231225989,-0.4722601482
3652,1.7634931556,-2.2357537288,-0.4722605732
3653,1.7757296216,-2.2479905139,-0.4722608923
3654,1.7875611854,-2.2598222957,-0.4722611103
3655,1.7989787659,-2.2712399980,-0.4722612322
3656,1.8099747958,-2.2822360587,-0.4722612629
3657,1.8205431512,-2.2928043588,-0.4722612076
3658,1.8306790788,-2.3029401504,-0.4722610715
3659,1.8403791237,-2.3126399834,-0.4722608597
3660,1.8496410548,-2.3219016322,-0.4722605774
3661,1.8584637926,-2.3307240221,-0.4722602295
3662,1.8668473355,-2.3391071566,-0.4722598210
3663,1.8747926884,-2.3470520453,-0.4722593569
3664,1.8823017915,-2.3545606333,-0.4722588419
3665,1.8893774518,-2.3616357322,-0.4722582804
3666,1.8960232753,-2.3682809525,-0.4722576771
3667,1.9022436021,-2.3745006382,-0.4722570362
3668,1.9080434425,-2.3802998042,-0.4722563617
3669,1.9134284173,-2.3856840748,-0.4722556575
3670,1.9184046984,-2.3906596260,-0.4722549275
3671,1.9229789538,-2.3952331290,-0.4722541752
3672,1.9271582936,-2.3994116974,-0.4722534038
3673,1.9309502201,-2.4032028368,-0.4722526167
3674,1.9343625793,-2.4066143960,-0.4722518166
3675,1.9374035158,-2.4096545224,-0.4722510066
3676,1.9400814299,-2.4123316190,-0.4722501891
3677,1.9424049375,-2.4146543041,-0.4722493665
3678,1.9443828326,-2.4166313738,-0.4722485412
3679,1.9460240515,-2.4182717668,-0.4722477153
3680,1.9473376409,-2.4195845315,-0.4722468906
3681,1.9483327268,-2.4205787958,-0.4722460690
3682,1.9490184864,-2.4212637384,-0.4722452520
3683,1.9494041221,-2.4216485633,-0.4722444412
3684,1.9494988376,-2.4217424754,-0.4722436378
3685,1.9493118156,-2.4215546587,-0.4722428432
3686,1.9488521979,-2.4210942562,-0.4722420584
3687,1.9481290671,-2.4203703514,-0.4722412843
3688,1.9471514298,-2.4193919517,-0.4722405219
3689,1.9459282017,-2.4181679736,-0.4722397719
3690,1.9444681941,-2.4167072291,-0.4722390350
3691,1.9427801018,-2.4150184136,-0.4722383118
3692,1.9408724925,-2.4131100952,-0.4722376027
3693,1.9387537970,-2.4109907052,-0.4722369083
3694,1.9364323013,-2.4086685300,-0.4722362287
3695,1.9339161395,-2.4061517038,-0.4722355643
3696,1.9312132870,-2.4034482024,-0.4722349154
3697,1.9283315561,-2.4005658382,-0.4722342821
3698,1.9252785912,-2.3975122555,-0.4722336644
3699,1.9220618652,-2.3942949277,-0.4722330624
3700,1.9186886773,-2.3909211535,-0.4722324763
3701,1.9151661502,-2.3873980560,-0.4722319058
3702,1.9115012293,-2.3837325803,-0.4722313510
3703,1.9077006814,-2.3799314932,-0.4722308118
3704,1.9037710947,-2.3760013828,-0.4722302880
3705,1.8997188788,-2.3719486583,-0.4722297796
3706,1.8955502651,-2.3677795513,-0.4722292862
3707,1.8912713082,-2.3635001159,-0.4722288077
3708,1.8868878869,-2.3591162309,-0.4722283440
3709,1.8824057061,-2.3546336008,-0.4722278947
3710,1.8778302984,-2.3500577580,-0.4722274597
3711,1.8731670267,-2.3453940652,-0.4722270386
3712,1.8684210864,-2.3406477175,-0.4722266312
3713,1.8635975079,-2.3358237451,-0.4722262372
3714,1.8587011597,-2.3309270161,-0.4722258563
3715,1.8537367511,-2.3259622394,-0.4722254883
3716,1.8487088350,-2.3209339679,-0.4722251329
3717,1.8436218117,-2.3158466014,-0.4722247897
3718,1.8384799315,-2.3107043900,-0.4722244584
3719,1.8332872985,-2.3055114374,-0.4722241388
3720,1.8280478735,-2.3002717041,-0.4722238306
3721,1.8227654777,-2.2949890111,-0.4722235334
3722,1.8174437961,-2.2896670430,-0.4722232470
3723,1.8120863808,-2.2843093517,-0.4722229710
3724,1.8066966546,-2.2789193597,-0.4722227051
3725,1.8012779143,-2.2735003635,-0.4722224492
3726,1.7958333343,-2.2680555371,-0.4722222028
3727,1.7903659698,-2.2625879354,-0.4722219657
3728,1.7848787602,-2.2571004978,-0.4722217376
3729,1.7793745327,-2.2515960509,-0.4722215182
3730,1.7738560052,-2.2460773126,-0.4722213074
3731,1.7683257900,-2.2405468947,-0.4722211047
3732,1.7627863966,-2.2350073065,-0.4722209099
3733,1.7572402351,-2.2294609580,-0.4722207229
3734,1.7516896193,-2.2239101626,-0.4722205433
3735,1.7461367696,-2.2183571404,-0.4722203709
3736,1.7405838160,-2.2128040214,-0.4722202054
3737,1.7350328014,-2.2072528481,-0.4722200466
3738,1.7294856839,-2.2017055783,-0.4722198944
3739,1.7239443399,-2.1961640883,-0.4722197484
3740,1.7184105668,-2.1906301754,-0.4722196085
3741,1.7128860858,-2.1851055603,-0.4722194745
3742,1.7073725441,-2.1795918902,-0.4722193461
3743,1.7018715180,-2.1740907411,-0.4722192231
3744,1.6963845147,-2.1686036201,-0.4722191054
3745,1.6909129755,-2.1631319682,-0.4722189928
3746,1.6854582773,-2.1576771623,-0.4722188850
3747,1.6800217354,-2.1522405174,-0.4722187820
3748,1.6746046059,-2.1468232894,-0.4722186835
3749,1.6692080870,-2.1414266764,-0.4722185894
3750,1.6638333221,-2.1360518216,-0.4722184995
3751,1.6584814010,-2.1306998146,-0.4722184136
3752,1.6531533624,-2.1253716941,-0.4722183317
3753,1.6478501954,-2.1200684489,-0.4722182536
3754,1.6425728417,-2.1147910207,-0.4722181790
3755,1.6373221973,-2.1095403052,-0.4722181080
3756,1.6320991139,-2.1043171541,-0.4722180403
3757,1.6269044009,-2.0991223767,-0.4722179758
3758,1.6217388272,-2.0939567416,-0.4722179144
3759,1.6166031222,-2.0888209782,-0.4722178561
3760,1.6114979777,-2.0837157782,-0.4722178005
3761,1.6064240493,-2.0786417971,-0.4722177478
3762,1.6013819580,-2.0735996557,-0.4722176977
3763,1.5963722912,-2.0685899413,-0.4722176501
3764,1.5913956040,-2.0636132091,-0.4722176050
3765,1.5864524212,-2.0586699835,-0.4722175623
3766,1.5815432376,-2.0537607593,-0.4722175218
3767,1.5766685197,-2.0488860031,-0.4722174834
3768,1.5718287068,-2.0440461540,-0.4722174472
3769,1.5670242122,-2.0392416251,-0.4722174129
3770,1.5622554239,-2.0344728044,-0.4722173806
3771,1.5575227060,-2.0297400561,-0.4722173500
3772,1.5528263997,-2.0250437210,-0.4722173213
3773,1.5481668239,-2.0203841181,-0.4722172942
3774,1.5435442766,-2.0157615453,-0.4722172688
3775,1.5389590353,-2.0111762802,-0.4722172449
3776,1.5344113586,-2.0066285810,-0.4722172225
3777,1.5299014860,-2.0021186874,-0.4722172015
3778,1.5254296396,-1.9976468215,-0.4722171818
3779,1.5209960246,-1.9932131881,-0.4722171635
3780,1.5166008298,-1.9888179762,-0.4722171464
3781,1.5122442285,-1.9844613590,-0.4722171305
3782,1.5079263794,-1.9801434952,-0.4722171158
3783,1.5036474268,-1.9758645290,-0.4722171021
3784,1.4994075018,-1.9716245913,-0.4722170895
3785,1.4952067223,-1.9674238002,-0.4722170779
3786,1.4910451943,-1.9632622615,-0.4722170673
3787,1.4869230117,-1.9591400692,-0.4722170575
3788,1.4828402575,-1.9550573061,-0.4722170486
3789,1.4787970041,-1.9510140446,-0.4722170406
3790,1.4747933135,-1.9470103468,-0.4722170333
3791,1.4708292385,-1.9430462653,-0.4722170268
3792,1.4669048224,-1.9391218434,-0.4722170210
3793,1.4630201000,-1.9352371159,-0.4722170158
3794,1.4591750979,-1.9313921092,-0.4722170114
3795,1.4553698345,-1.9275868421,-0.4722170075
3796,1.4516043214,-1.9238213256,-0.4722170043
3797,1.4478785625,-1.9200955641,-0.4722170015
3798,1.4441925556,-1.9164095549,-0.4722169994
3799,1.4405462918,-1.9127632895,-0.4722169977
3800,1.4369397566,-1.9091567531,-0.4722169965
3801,1.4333729296,-1.9055899253,-0.4722169957
3802,1.4298457852,-1.9020627806,-0.4722169954
3803,1.4263582930,-1.8985752885,-0.4722169955
3804,1.4229104175,-1.8951274135,-0.4722169960
3805,1.4195021193,-1.8917191161,-0.4722169968
3806,1.4161333546,-1.8883503525,-0.4722169979
3807,1.4128040757,-1.8850210751,-0.4722169994
3808,1.4095142313,-1.8817312325,-0.4722170012
3809,1.4062637669,-1.8784807702,-0.4722170032
3810,1.4030526248,-1.8752696304,-0.4722170056
3811,1.3998807443,-1.8720977524,-0.4722170081
3812,1.3967480620,-1.8689650730,-0.4722170109
3813,1.3936545123,-1.8658715262,-0.4722170140
3814,1.3906000269,-1.8628170441,-0.4722170172
3815,1.3875845357,-1.8598015563,-0.4722170206
3816,1.3846079666,-1.8568249908,-0.4722170242
3817,1.3816702459,-1.8538872737,-0.4722170279
3818,1.3787712980,-1.8509883297,-0.4722170318
3819,1.3759110461,-1.8481280819,-0.4722170358
3820,1.3730894124,-1.8453064523,-0.4722170399
3821,1.3703063176,-1.8425233618,-0.4722170442
3822,1.3675616817,-1.8397787302,-0.4722170485
3823,1.3648554237,-1.8370724766,-0.4722170530
3824,1.3621874620,-1.8344045195,-0.4722170575
3825,1.3595577146,-1.8317747767,-0.4722170621
3826,1.3569660989,-1.8291831656,-0.4722170667
3827,1.3544125320,-1.8266296034,-0.4722170714
3828,1.3518969307,-1.8241140068,-0.4722170761
3829,1.3494192119,-1.8216362928,-0.4722170809
3830,1.3469792924,-1.8191963781,-0.4722170857
3831,1.3445770891,-1.8167941796,-0.4722170905
3832,1.3422125190,-1.8144296144,-0.4722170954
3833,1.3398854997,-1.8121025999,-0.4722171002
3834,1.3375959487,-1.8098130537,-0.4722171051
3835,1.3353437843,-1.8075608942,-0.4722171099
3836,1.3331289253,-1.8053460400,-0.4722171147
3837,1.3309512910,-1.8031684105,-0.4722171195
3838,1.3288108013,-1.8010279256,-0.4722171243
3839,1.3267073771,-1.7989245061,-0.4722171290
3840,1.3246409398,-1.7968580736,-0.4722171338
3841,1.3226114120,-1.7948285504,-0.4722171384
3842,1.3206187169,-1.7928358600,-0.4722171431
3843,1.3186627790,-1.7908799267,-0.4722171477
3844,1.3167435236,-1.7889606758,-0.4722171522
3845,1.3148608772,-1.7870780339,-0.4722171567
3846,1.3130147674,-1.7852319285,-0.4722171611
3847,1.3112051231,-1.7834222885,-0.4722171655
3848,1.3094318742,-1.7816490440,-0.4722171697
3849,1.3076949521,-1.7799121261,-0.4722171740
3850,1.3059942895,-1.7782114676,-0.4722171781
3851,1.3043298202,-1.7765470024,-0.4722171822
3852,1.3027014796,-1.7749186658,-0.4722171862
3853,1.3011092045,-1.7733263947,-0.4722171901
3854,1.2995529332,-1.7717701271,-0.4722171939
3855,1.2980326052,-1.7702498029,-0.4722171977
3856,1.2965481619,-1.7687653632,-0.4722172014
3857,1.2950995458,-1.7673167508,-0.4722172049
3858,1.2936867014,-1.7659039098,-0.4722172084
3859,1.2923095744,-1.7645267862,-0.4722172118
3860,1.2909681123,-1.7631853274,-0.4722172151
3861,1.2896622640,-1.7618794824,-0.4722172183
3862,1.2883919804,-1.7606092019,-0.4722172214
3863,1.2871572138,-1.7593744382,-0.4722172245
3864,1.2859579180,-1.7581751454,-0.4722172274
3865,1.2847940488,-1.7570112790,-0.4722172302
3866,1.2836655634,-1.7558827963,-0.4722172329
3867,1.2825724210,-1.7547896565,-0.4722172355
3868,1.2815145822,-1.7537318202,-0.4722172380
3869,1.2804920093,-1.7527092498,-0.4722172404
3870,1.2795046667,-1.7517219094,-0.4722172428
3871,1.2785525199,-1.7507697649,-0.4722172450
3872,1.2776355367,-1.7498527838,-0.4722172471
3873,1.2767536863,-1.7489709354,-0.4722172491
3874,1.2759069396,-1.7481241905,-0.4722172510
3875,1.2750952692,-1.7473125220,-0.4722172528
3876,1.2743186496,-1.7465359041,-0.4722172545
3877,1.2735770569,-1.7457943130,-0.4722172561
3878,1.2728704687,-1.7450877263,-0.4722172576
3879,1.2721988646,-1.7444161236,-0.4722172590
3880,1.2715622257,-1.7437794860,-0.4722172603
3881,1.2709605347,-1.7431777962,-0.4722172615
3882,1.2703937761,-1.7426110387,-0.4722172626
3883,1.2698619359,-1.7420791996,-0.4722172637
3884,1.2693650019,-1.7415822665,-0.4722172646
3885,1.2689029632,-1.7411202287,-0.4722172654
3886,1.2684758109,-1.7406930771,-0.4722172662
3887,1.2680835373,-1.7403008041,-0.4722172668
3888,1.2677261364,-1.7399434038,-0.4722172674
3889,1.2674036037,-1.7396208716,-0.4722172679
3890,1.2671159362,-1.7393332044,-0.4722172683
3891,1.2668631323,-1.7390804009,-0.4722172686
3892,1.2666451919,-1.7388624607,-0.4722172688
3893,1.2664621163,-1.7386793853,-0.4722172690
3894,1.2663139082,-1.7385311773,-0.4722172691
3895,1.2662005716,-1.7384178408,-0.4722172691
3896,1.2661221118,-1.7383393809,-0.4722172691
3897,1.2660785353,-1.7382958043,-0.4722172690
3898,1.2660698500,-1.7382871188,-0.4722172688
3899,1.2660960647,-1.7383133334,-0.4722172686
3900,1.2661571897,-1.7383744581,-0.4722172683
3901,1.2662532361,-1.7384705041,-0.4722172680
3902,1.2663842162,-1.7386014838,-0.4722172677
3903,1.2665501430,-1.7387674103,-0.4722172673
3904,1.2667510309,-1.7389682978,-0.4722172668
3905,1.2669868949,-1.7392041612,-0.4722172664
3906,1.2672577507,-1.7394750165,-0.4722172659
3907,1.2675636149,-1.7397808803,-0.4722172653
3908,1.2679045049,-1.7401217697,-0.4722172648
3909,1.2682804385,-1.7404977028,-0.4722172643
3910,1.2686914342,-1.7409086979,-0.4722172637
3911,1.2691375108,-1.7413547740,-0.4722172632
3912,1.2696186877,-1.7418359503,-0.4722172626
3913,1.2701349845,-1.7423522466,-0.4722172621
3914,1.2706864210,-1.7429036827,-0.4722172616
3915,1.2712730173,-1.7434902784,-0.4722172611
3916,1.2718947933,-1.7441120540,-0.4722172607
3917,1.2725517689,-1.7447690293,-0.4722172603
3918,1.2732439641,-1.7454612241,-0.4722172600
3919,1.2739713984,-1.7461886582,-0.4722172597
3920,1.2747340910,-1.7469513505,-0.4722172595
3921,1.2755320605,-1.7477493199,-0.4722172594
3922,1.2763653251,-1.7485825845,-0.4722172594
3923,1.2772339023,-1.7494511617,-0.4722172595
3924,1.2781378084,-1.7503550680,-0.4722172596
3925,1.2790770590,-1.7512943190,-0.4722172600
3926,1.2800516686,-1.7522689290,-0.4722172604
3927,1.2810616503,-1.7532789113,-0.4722172610
3928,1.2821070158,-1.7543242775,-0.4722172617
3929,1.2831877752,-1.7554050379,-0.4722172626
3930,1.2843039370,-1.7565212007,-0.4722172637
3931,1.2854555074,-1.7576727724,-0.4722172650
3932,1.2866424910,-1.7588597575,-0.4722172665
3933,1.2878648897,-1.7600821580,-0.4722172683
3934,1.2891227032,-1.7613399735,-0.4722172703
3935,1.2904159283,-1.7626332008,-0.4722172725
3936,1.2917445592,-1.7639618342,-0.4722172750
3937,1.2931085866,-1.7653258644,-0.4722172778
3938,1.2945079982,-1.7667252791,-0.4722172810
3939,1.2959427780,-1.7681600624,-0.4722172844
3940,1.2974129061,-1.7696301943,-0.4722172882
3941,1.2989183588,-1.7711356512,-0.4722172924
3942,1.3004591077,-1.7726764047,-0.4722172970
3943,1.3020351202,-1.7742524222,-0.4722173020
3944,1.3036463584,-1.7758636659,-0.4722173074
3945,1.3052927796,-1.7775100929,-0.4722173133
3946,1.3069743352,-1.7791916549,-0.4722173197
3947,1.3086909710,-1.7809082976,-0.4722173266
3948,1.3104426267,-1.7826599608,-0.4722173341
3949,1.3122292354,-1.7844465775,-0.4722173421
3950,1.3140507233,-1.7862680740,-0.4722173507
3951,1.3159070094,-1.7881243693,-0.4722173599
3952,1.3177980050,-1.7900153749,-0.4722173698
3953,1.3197236135,-1.7919409940,-0.4722173804
3954,1.3216837298,-1.7939011216,-0.4722173918
3955,1.3236782397,-1.7958956436,-0.4722174039
3956,1.3257070199,-1.7979244367,-0.4722174168
3957,1.3277699372,-1.7999873677,-0.4722174305
3958,1.3298668479,-1.8020842931,-0.4722174451
3959,1.3319975978,-1.8042150585,-0.4722174607
3960,1.3341620211,-1.8063794983,-0.4722174772
3961,1.3363599401,-1.8085774348,-0.4722174947
3962,1.3385911647,-1.8108086780,-0.4722175133
3963,1.3408554917,-1.8130730246,-0.4722175329
3964,1.3431527042,-1.8153702580,-0.4722175537
3965,1.3454825710,-1.8177001468,-0.4722175758
3966,1.3478448459,-1.8200624449,-0.4722175991
3967,1.3502392669,-1.8224568906,-0.4722176237
3968,1.3526655558,-1.8248832054,-0.4722176496
3969,1.3551234171,-1.8273410941,-0.4722176770
3970,1.3576125374,-1.8298302433,-0.4722177059
3971,1.3601325847,-1.8323503211,-0.4722177364
3972,1.3626832075,-1.8349009759,-0.4722177684
3973,1.3652640337,-1.8374818359,-0.4722178022
3974,1.3678746700,-1.8400925077,-0.4722178378
3975,1.3705147009,-1.8427325761,-0.4722178751
3976,1.3731836879,-1.8454016023,-0.4722179144
3977,1.3758811680,-1.8480991237,-0.4722179557
3978,1.3786066532,-1.8508246523,-0.4722179991
3979,1.3813596293,-1.8535776740,-0.4722180447
3980,1.3841395547,-1.8563576472,-0.4722180925
3981,1.3869458591,-1.8591640018,-0.4722181427
3982,1.3897779428,-1.8619961381,-0.4722181953
3983,1.3926351750,-1.8648534254,-0.4722182504
3984,1.3955168927,-1.8677352010,-0.4722183083
3985,1.3984223995,-1.8706407683,-0.4722183688
3986,1.4013509640,-1.8735693963,-0.4722184323
3987,1.4043018186,-1.8765203173,-0.4722184987
3988,1.4072741580,-1.8794927263,-0.4722185682
3989,1.4102671376,-1.8824857786,-0.4722186410
3990,1.4132798719,-1.8854985890,-0.4722187171
3991,1.4163114332,-1.8885302299,-0.4722187967
3992,1.4193608495,-1.8915797294,-0.4722188799
3993,1.4224271032,-1.8946460701,-0.4722189668
3994,1.4255091290,-1.8977281867,-0.4722190577
3995,1.4286058123,-1.9008249649,-0.4722191526
3996,1.4317159870,-1.9039352388,-0.4722192518
3997,1.4348384340,-1.9070577892,-0.4722193552
3998,1.4379718788,-1.9101913420,-0.4722194633
3999,1.4411149896,-1.9133345656,-0.4722195760
