step,K,U,E
0,0.0000007993,-0.0748630219,-0.0748622226
1,0.0000031972,-0.0748654198,-0.0748622226
2,0.0000071943,-0.0748694168,-0.0748622225
3,0.0000127910,-0.0748750135,-0.0748622225
4,0.0000199884,-0.0748822108,-0.0748622224
5,0.0000287877,-0.0748910100,-0.0748622223
6,0.0000391903,-0.0749014125,-0.0748622222
7,0.0000511979,-0.0749134199,-0.0748622221
8,0.0000648124,-0.0749270344,-0.0748622219
9,0.0000800363,-0.0749422581,-0.0748622218
10,0.0000968719,-0.0749590935,-0.0748622216
11,0.0001153221,-0.0749775435,-0.0748622214
12,0.0001353899,-0.0749976111,-0.0748622212
13,0.0001570787,-0.0750192997,-0.0748622210
14,0.0001803921,-0.0750426128,-0.0748622207
15,0.0002053339,-0.0750675543,-0.0748622205
16,0.0002319083,-0.0750941284,-0.0748622202
17,0.0002601197,-0.0751223396,-0.0748622199
18,0.0002899729,-0.0751521924,-0.0748622196
19,0.0003214728,-0.0751836920,-0.0748622192
20,0.0003546247,-0.0752168436,-0.0748622189
21,0.0003894342,-0.0752516528,-0.0748622185
22,0.0004259072,-0.0752881253,-0.0748622181
23,0.0004640498,-0.0753262675,-0.0748622177
24,0.0005038683,-0.0753660856,-0.0748622173
25,0.0005453696,-0.0754075865,-0.0748622169
26,0.0005885607,-0.0754507772,-0.0748622164
27,0.0006334490,-0.0754956649,-0.0748622159
28,0.0006800420,-0.0755422574,-0.0748622154
29,0.0007283477,-0.0755905626,-0.0748622149
30,0.0007783744,-0.0756405887,-0.0748622144
31,0.0008301306,-0.0756923444,-0.0748622138
32,0.0008836253,-0.0757458385,-0.0748622132
33,0.0009388676,-0.0758010803,-0.0748622126
34,0.0009958672,-0.0758580792,-0.0748622120
35,0.0010546338,-0.0759168452,-0.0748622114
36,0.0011151777,-0.0759773884,-0.0748622107
37,0.0011775095,-0.0760397196,-0.0748622100
38,0.0012416401,-0.0761038494,-0.0748622093
39,0.0013075806,-0.0761697892,-0.0748622086
40,0.0013753428,-0.0762375506,-0.0748622078
41,0.0014449385,-0.0763071455,-0.0748622071
42,0.0015163801,-0.0763785864,-0.0748622063
43,0.0015896803,-0.0764518858,-0.0748622054
44,0.0016648522,-0.0765270568,-0.0748622046
45,0.0017419092,-0.0766041129,-0.0748622037
46,0.0018208652,-0.0766830681,-0.0748622028
47,0.0019017345,-0.0767639364,-0.0748622019
48,0.0019845316,-0.0768467325,-0.0748622010
49,0.0020692716,-0.0769314716,-0.0748622000
50,0.0021559701,-0.0770181690,-0.0748621990
51,0.0022446428,-0.0771068408,-0.0748621979
52,0.0023353062,-0.0771975031,-0.0748621969
53,0.0024279769,-0.0772901727,-0.0748621958
54,0.0025226723,-0.0773848670,-0.0748621947
55,0.0026194099,-0.0774816035,-0.0748621935
56,0.0027182079,-0.0775804003,-0.0748621923
57,0.0028190850,-0.0776812761,-0.0748621911
58,0.0029220601,-0.0777842500,-0.0748621899
59,0.0030271528,-0.0778893415,-0.0748621886
60,0.0031343833,-0.0779965707,-0.0748621873
61,0.0032437722,-0.0781059582,-0.0748621860
62,0.0033553404,-0.0782175250,-0.0748621846
63,0.0034691098,-0.0783312930,-0.0748621832
64,0.0035851023,-0.0784472841,-0.0748621818
65,0.0037033409,-0.0785655212,-0.0748621803
66,0.0038238488,-0.0786860275,-0.0748621788
67,0.0039466498,-0.0788088270,-0.0748621772
68,0.0040717685,-0.0789339441,-0.0748621756
69,0.0041992299,-0.0790614039,-0.0748621740
70,0.0043290598,-0.0791912321,-0.0748621723
71,0.0044612844,-0.0793234549,-0.0748621706
72,0.0045959306,-0.0794580994,-0.0748621688
73,0.0047330263,-0.0795951933,-0.0748621670
74,0.0048725995,-0.0797347647,-0.0748621651
75,0.0050146794,-0.0798768427,-0.0748621632
76,0.0051592956,-0.0800214569,-0.0748621613
77,0.0053064786,-0.0801686379,-0.0748621593
78,0.0054562595,-0.0803184167,-0.0748621573
79,0.0056086702,-0.0804708253,-0.0748621552
80,0.0057637434,-0.0806258964,-0.0748621530
81,0.0059215126,-0.0807836634,-0.0748621508
82,0.0060820122,-0.0809441607,-0.0748621486
83,0.0062452772,-0.0811074234,-0.0748621463
84,0.0064113436,-0.0812734875,-0.0748621439
85,0.0065802484,-0.0814423898,-0.0748621415
86,0.0067520292,-0.0816141682,-0.0748621390
87,0.0069267248,-0.0817888612,-0.0748621364
88,0.0071043748,-0.0819665087,-0.0748621338
89,0.0072850198,-0.0821471510,-0.0748621311
90,0.0074687015,-0.0823308299,-0.0748621284
91,0.0076554623,-0.0825175879,-0.0748621256
92,0.0078453461,-0.0827074688,-0.0748621227
93,0.0080383975,-0.0829005172,-0.0748621197
94,0.0082346623,-0.0830967790,-0.0748621167
95,0.0084341876,-0.0832963012,-0.0748621136
96,0.0086370216,-0.0834991320,-0.0748621104
97,0.0088432135,-0.0837053206,-0.0748621071
98,0.0090528139,-0.0839149177,-0.0748621038
99,0.0092658747,-0.0841279750,-0.0748621003
100,0.0094824490,-0.0843445458,-0.0748620968
101,0.0097025912,-0.0845646844,-0.0748620932
102,0.0099263573,-0.0847884468,-0.0748620895
103,0.0101538045,-0.0850158901,-0.0748620857
104,0.0103849914,-0.0852470732,-0.0748620817
105,0.0106199784,-0.0854820561,-0.0748620777
106,0.0108588271,-0.0857209007,-0.0748620736
107,0.0111016009,-0.0859636703,-0.0748620694
108,0.0113483647,-0.0862104298,-0.0748620650
109,0.0115991852,-0.0864612458,-0.0748620606
110,0.0118541308,-0.0867161868,-0.0748620560
111,0.0121132715,-0.0869753228,-0.0748620513
112,0.0123766794,-0.0872387259,-0.0748620465
113,0.0126444284,-0.0875064699,-0.0748620415
114,0.0129165942,-0.0877786307,-0.0748620365
115,0.0131932547,-0.0880552860,-0.0748620312
116,0.0134744899,-0.0883365157,-0.0748620259
117,0.0137603817,-0.0886224020,-0.0748620203
118,0.0140510143,-0.0889130290,-0.0748620147
119,0.0143464744,-0.0892084832,-0.0748620088
120,0.0146468507,-0.0895088535,-0.0748620029
121,0.0149522345,-0.0898142312,-0.0748619967
122,0.0152627196,-0.0901247100,-0.0748619904
123,0.0155784023,-0.0904403862,-0.0748619839
124,0.0158993817,-0.0907613589,-0.0748619772
125,0.0162257596,-0.0910877299,-0.0748619703
126,0.0165576405,-0.0914196037,-0.0748619632
127,0.0168951319,-0.0917570878,-0.0748619559
128,0.0172383445,-0.0921002929,-0.0748619484
129,0.0175873920,-0.0924493327,-0.0748619407
130,0.0179423914,-0.0928043241,-0.0748619327
131,0.0183034629,-0.0931653874,-0.0748619246
132,0.0186707303,-0.0935326465,-0.0748619161
133,0.0190443211,-0.0939062286,-0.0748619075
134,0.0194243664,-0.0942862649,-0.0748618985
135,0.0198110010,-0.0946728903,-0.0748618893
136,0.0202043639,-0.0950662438,-0.0748618799
137,0.0206045983,-0.0954664684,-0.0748618701
138,0.0210118513,-0.0958737113,-0.0748618600
139,0.0214262749,-0.0962881245,-0.0748618496
140,0.0218480253,-0.0967098642,-0.0748618389
141,0.0222772636,-0.0971390915,-0.0748618279
142,0.0227141560,-0.0975759725,-0.0748618165
143,0.0231588736,-0.0980206783,-0.0748618047
144,0.0236115928,-0.0984733854,-0.0748617926
145,0.0240724957,-0.0989342758,-0.0748617801
146,0.0245417699,-0.0994035371,-0.0748617672
147,0.0250196092,-0.0998813631,-0.0748617539
148,0.0255062133,-0.1003679534,-0.0748617401
149,0.0260017884,-0.1008635143,-0.0748617259
150,0.0265065475,-0.1013682587,-0.0748617112
151,0.0270207103,-0.1018824063,-0.0748616960
152,0.0275445038,-0.1024061841,-0.0748616803
153,0.0280781625,-0.1029398266,-0.0748616641
154,0.0286219286,-0.1034835759,-0.0748616473
155,0.0291760525,-0.1040376825,-0.0748616299
156,0.0297407930,-0.1046024050,-0.0748616120
157,0.0303164175,-0.1051780109,-0.0748615934
158,0.0309032029,-0.1057647770,-0.0748615742
159,0.0315014352,-0.1063629895,-0.0748615543
160,0.0321114106,-0.1069729443,-0.0748615337
161,0.0327334356,-0.1075949479,-0.0748615123
162,0.0333678274,-0.1082293176,-0.0748614902
163,0.0340149145,-0.1088763818,-0.0748614673
164,0.0346750372,-0.1095364807,-0.0748614435
165,0.0353485479,-0.1102099668,-0.0748614189
166,0.0360358120,-0.1108972053,-0.0748613933
167,0.0367372080,-0.1115985748,-0.0748613668
168,0.0374531285,-0.1123144678,-0.0748613393
169,0.0381839808,-0.1130452916,-0.0748613108
170,0.0389301873,-0.1137914684,-0.0748612811
171,0.0396921864,-0.1145534367,-0.0748612503
172,0.0404704332,-0.1153316515,-0.0748612183
173,0.0412654003,-0.1161265853,-0.0748611850
174,0.0420775785,-0.1169387290,-0.0748611505
175,0.0429074780,-0.1177685925,-0.0748611145
176,0.0437556289,-0.1186167060,-0.0748610771
177,0.0446225824,-0.1194836206,-0.0748610382
178,0.0455089118,-0.1203699095,-0.0748609976
179,0.0464152137,-0.1212761692,-0.0748609554
180,0.0473421089,-0.1222030204,-0.0748609115
181,0.0482902437,-0.1231511094,-0.0748608657
182,0.0492602915,-0.1241211094,-0.0748608179
183,0.0502529536,-0.1251137218,-0.0748607681
184,0.0512689613,-0.1261296775,-0.0748607162
185,0.0523090769,-0.1271697388,-0.0748606619
186,0.0533740955,-0.1282347008,-0.0748606053
187,0.0544648470,-0.1293253932,-0.0748605462
188,0.0555821977,-0.1304426821,-0.0748604844
189,0.0567270522,-0.1315874721,-0.0748604198
190,0.0579003558,-0.1327607081,-0.0748603523
191,0.0591030963,-0.1339633779,-0.0748602816
192,0.0603363068,-0.1351965144,-0.0748602077
193,0.0616010680,-0.1364611982,-0.0748601302
194,0.0628985110,-0.1377585601,-0.0748600491
195,0.0642298201,-0.1390897842,-0.0748599641
196,0.0655962360,-0.1404561109,-0.0748598749
197,0.0669990590,-0.1418588404,-0.0748597814
198,0.0684396525,-0.1432993357,-0.0748596832
199,0.0699194469,-0.1447790271,-0.0748595802
200,0.0714399436,-0.1462994154,-0.0748594719
201,0.0730027192,-0.1478620772,-0.0748593580
202,0.0746094303,-0.1494686686,-0.0748592383
203,0.0762618186,-0.1511209309,-0.0748591123
204,0.0779617159,-0.1528206955,-0.0748589796
205,0.0797110501,-0.1545698900,-0.0748588398
206,0.0815118516,-0.1563705441,-0.0748586925
207,0.0833662593,-0.1582247965,-0.0748585371
208,0.0852765288,-0.1601349019,-0.0748583731
209,0.0872450391,-0.1621032390,-0.0748581999
210,0.0892743018,-0.1641323187,-0.0748580169
211,0.0913669696,-0.1662247930,-0.0748578234
212,0.0935258466,-0.1683834652,-0.0748576186
213,0.0957538983,-0.1706113001,-0.0748574018
214,0.0980542637,-0.1729114358,-0.0748571721
215,0.1004302671,-0.1752871956,-0.0748569285
216,0.1028854322,-0.1777421023,-0.0748566701
217,0.1054234964,-0.1802798920,-0.0748563956
218,0.1080484269,-0.1829045309,-0.0748561040
219,0.1107644381,-0.1856202319,-0.0748557938
220,0.1135760104,-0.1884314741,-0.0748554637
221,0.1164879112,-0.1913430232,-0.0748551120
222,0.1195052171,-0.1943599542,-0.0748547370
223,0.1226333389,-0.1974876758,-0.0748543369
224,0.1258780482,-0.2007319577,-0.0748539095
225,0.1292455077,-0.2040989604,-0.0748534527
226,0.1327423032,-0.2075952671,-0.0748529639
227,0.1363754796,-0.2112279199,-0.0748524403
228,0.1401525801,-0.2150044591,-0.0748518789
229,0.1440816897,-0.2189329662,-0.0748512765
230,0.1481714828,-0.2230221120,-0.0748506293
231,0.1524312762,-0.2272812094,-0.0748499332
232,0.1568710877,-0.2317202713,-0.0748491837
233,0.1615017004,-0.2363500762,-0.0748483757
234,0.1663347352,-0.2411822390,-0.0748475039
235,0.1713827299,-0.2462292917,-0.0748465618
236,0.1766592289,-0.2515047715,-0.0748455426
237,0.1821788817,-0.2570233203,-0.0748444386
238,0.1879575541,-0.2628007953,-0.0748432412
239,0.1940124514,-0.2688543921,-0.0748419406
240,0.2003622578,-0.2752027839,-0.0748405261
241,0.2070272916,-0.2818662770,-0.0748389854
242,0.2140296805,-0.2888669852,-0.0748373047
243,0.2213935589,-0.2962290275,-0.0748354686
244,0.2291452904,-0.3039787499,-0.0748334596
245,0.2373137196,-0.3121449773,-0.0748312577
246,0.2459304575,-0.3207592980,-0.0748288405
247,0.2550302050,-0.3298563874,-0.0748261823
248,0.2646511214,-0.3394743755,-0.0748232541
249,0.2748352439,-0.3496552663,-0.0748200224
250,0.2856289672,-0.3604454165,-0.0748164492
251,0.2970835918,-0.3718960828,-0.0748124910
252,0.3092559529,-0.3840640505,-0.0748080976
253,0.3222091427,-0.3970123542,-0.0748032115
254,0.3360133420,-0.4108111084,-0.0747977664
255,0.3507467786,-0.4255384645,-0.0747916859
256,0.3664968342,-0.4412817158,-0.0747848816
257,0.3833613248,-0.4581385764,-0.0747772516
258,0.4014499832,-0.4762186609,-0.0747686776
259,0.4208861764,-0.4956451997,-0.0747590233
260,0.4418088971,-0.5165570279,-0.0747481307
261,0.4643750715,-0.5391108894,-0.0747358179
262,0.4887622289,-0.5634841043,-0.0747218753
263,0.5151715846,-0.5898776483,-0.0747060637
264,0.5438315803,-0.6185196920,-0.0746881117
265,0.5750019247,-0.6496696402,-0.0746677155
266,0.6089781475,-0.6836226903,-0.0746445428
267,0.6460966449,-0.7207148867,-0.0746182418
268,0.6867401047,-0.7613285676,-0.0745884629
269,0.7313430544,-0.8058979535,-0.0745548991
270,0.7803970134,-0.8549143740,-0.0745173606
271,0.8344542729,-0.9089301806,-0.0744759077
272,0.8941285482,-0.9685596300,-0.0744310818
273,0.9600894037,-1.0344737091,-0.0743843055
274,1.0330450556,-1.1073836254,-0.0743385698
275,1.1137042318,-1.1880038452,-0.0742996135
276,1.2027010681,-1.2769790064,-0.0742779382
277,1.3004556649,-1.3747479020,-0.0742922371
278,1.4069239017,-1.4812990646,-0.0743751629
279,1.5211591530,-1.5957419678,-0.0745828148
280,1.6405610297,-1.7155706377,-0.0750096080
281,1.7596227240,-1.8354319553,-0.0758092313
282,1.8679343340,-1.9451509665,-0.0772166325
283,1.9472643617,-2.0268100281,-0.0795456664
284,1.9680683875,-2.0511498083,-0.0830814209
285,1.8876013813,-1.9752777650,-0.0876763837
286,1.6562494509,-1.7480493131,-0.0917998622
287,1.2450236872,-1.3364364178,-0.0914127306
288,0.7030724587,-0.7845834167,-0.0815109581
289,0.2093760744,-0.2737906538,-0.0644145794
290,0.0131871455,-0.0687262634,-0.0555391179
291,0.2333102608,-0.2987160921,-0.0654058313
292,0.7373266661,-0.8197312483,-0.0824045822
293,1.2753510428,-1.3670186841,-0.0916676413
294,1.6762334003,-1.7678585863,-0.0916251860
295,1.8974724644,-1.9848590710,-0.0873866066
296,1.9706582453,-2.0534906170,-0.0828323717
297,1.9454819315,-2.0248548532,-0.0793729218
298,1.8639382467,-1.9410472195,-0.0771089728
299,1.7547994289,-1.8305459623,-0.0757465334
300,1.6357268680,-1.7107020371,-0.0749751691
301,1.5167612744,-1.5913265187,-0.0745652443
302,1.4031861819,-1.4775535009,-0.0743673191
303,1.2974728373,-1.3717626655,-0.0742898283
304,1.2004960467,-1.2747744941,-0.0742784474
305,1.1122618942,-1.1865634838,-0.0743015896
306,1.0323317027,-1.1066728932,-0.0743411905
307,0.9600637260,-1.0344508410,-0.0743871150
308,0.8947476343,-0.9691814712,-0.0744338368
309,0.8356767546,-0.9101552412,-0.0744784866
310,0.7821845781,-0.8567042890,-0.0745197109
311,0.7336610424,-0.8082180598,-0.0745570174
312,0.6895576063,-0.7641479507,-0.0745903444
313,0.6493863389,-0.7240062415,-0.0746199025
314,0.6127160161,-0.6873620193,-0.0746460032
315,0.5791669234,-0.6538359205,-0.0746689971
316,0.5484053038,-0.6230945389,-0.0746892351
317,0.5201379497,-0.5948449979,-0.0747070482
318,0.4941071857,-0.5688299238,-0.0747227381
319,0.4700863449,-0.5448229192,-0.0747365743
320,0.4478757598,-0.5226245541,-0.0747487943
321,0.4272992502,-0.5020588559,-0.0747596057
322,0.4082010672,-0.4829702562,-0.0747691890
323,0.3904432463,-0.4652209470,-0.0747777008
324,0.3739033201,-0.4486885964,-0.0747852763
325,0.3584723451,-0.4332643776,-0.0747920325
326,0.3440531985,-0.4188512692,-0.0747980707
327,0.3305591096,-0.4053625880,-0.0748034784
328,0.3179123902,-0.3927207215,-0.0748083313
329,0.3060433378,-0.3808560330,-0.0748126952
330,0.2948892847,-0.3697059119,-0.0748166272
331,0.2843937743,-0.3592139512,-0.0748201769
332,0.2745058443,-0.3493292319,-0.0748233875
333,0.2651794034,-0.3400057003,-0.0748262969
334,0.2563726869,-0.3312016248,-0.0748289380
335,0.2480477816,-0.3228791213,-0.0748313397
336,0.2401702093,-0.3150037369,-0.0748335276
337,0.2327085615,-0.3075440853,-0.0748355239
338,0.2256341776,-0.3004715258,-0.0748373483
339,0.2189208625,-0.2937598807,-0.0748390182
340,0.2125446365,-0.2873851856,-0.0748405491
341,0.2064835141,-0.2813254687,-0.0748419546
342,0.2007173085,-0.2755605552,-0.0748432467
343,0.1952274574,-0.2700718937,-0.0748444363
344,0.1899968688,-0.2648424018,-0.0748455330
345,0.1850097828,-0.2598563281,-0.0748465453
346,0.1802516489,-0.2550991299,-0.0748474810
347,0.1757090163,-0.2505573631,-0.0748483468
348,0.1713694347,-0.2462185837,-0.0748491490
349,0.1672213669,-0.2420712599,-0.0748498930
350,0.1632541087,-0.2381046926,-0.0748505839
351,0.1594577178,-0.2343089441,-0.0748512262
352,0.1558229497,-0.2306747736,-0.0748518239
353,0.1523411991,-0.2271935798,-0.0748523807
354,0.1490044478,-0.2238573477,-0.0748528999
355,0.1458052169,-0.2206586014,-0.0748533844
356,0.1427365240,-0.2175903612,-0.0748538371
357,0.1397918439,-0.2146461043,-0.0748542604
358,0.1369650729,-0.2118197295,-0.0748546566
359,0.1342504971,-0.2091055248,-0.0748550277
360,0.1316427623,-0.2064981379,-0.0748553756
361,0.1291368472,-0.2039925492,-0.0748557020
362,0.1267280393,-0.2015840478,-0.0748560085
363,0.1244119119,-0.1992682084,-0.0748562966
364,0.1221843039,-0.1970408713,-0.0748565674
365,0.1200413009,-0.1948981232,-0.0748568223
366,0.1179792179,-0.1928362802,-0.0748570623
367,0.1159945833,-0.1908518718,-0.0748572885
368,0.1140841246,-0.1889416264,-0.0748575018
369,0.1122447546,-0.1871024577,-0.0748577030
370,0.1104735595,-0.1853314526,-0.0748578930
371,0.1087677870,-0.1836258596,-0.0748580725
372,0.1071248362,-0.1819830784,-0.0748582422
373,0.1055422476,-0.1804006503,-0.0748584026
374,0.1040176942,-0.1788762487,-0.0748585545
375,0.1025489732,-0.1774076714,-0.0748586982
376,0.1011339984,-0.1759928327,-0.0748588343
377,0.0997707927,-0.1746297560,-0.0748589634
378,0.0984574819,-0.1733165675,-0.0748590857
379,0.0971922883,-0.1720514900,-0.0748592017
380,0.0959735251,-0.1708328369,-0.0748593118
381,0.0947995911,-0.1696590073,-0.0748594162
382,0.0936689654,-0.1685284809,-0.0748595155
383,0.0925802035,-0.1674398133,-0.0748596097
384,0.0915319323,-0.1663916316,-0.0748596993
385,0.0905228466,-0.1653826310,-0.0748597844
386,0.0895517049,-0.1644115703,-0.0748598654
387,0.0886173265,-0.1634772688,-0.0748599424
388,0.0877185877,-0.1625786033,-0.0748600156
389,0.0868544192,-0.1617145045,-0.0748600853
390,0.0860238028,-0.1608839544,-0.0748601516
391,0.0852257692,-0.1600859839,-0.0748602147
392,0.0844593951,-0.1593196699,-0.0748602748
393,0.0837238013,-0.1585841333,-0.0748603320
394,0.0830181500,-0.1578785365,-0.0748603865
395,0.0823416431,-0.1572020815,-0.0748604384
396,0.0816935204,-0.1565540081,-0.0748604878
397,0.0810730572,-0.1559335920,-0.0748605348
398,0.0804795634,-0.1553401429,-0.0748605796
399,0.0799123811,-0.1547730033,-0.0748606222
400,0.0793708838,-0.1542315466,-0.0748606628
401,0.0788544746,-0.1537151761,-0.0748607014
402,0.0783625849,-0.1532233232,-0.0748607382
403,0.0778946734,-0.1527554466,-0.0748607732
404,0.0774502247,-0.1523110311,-0.0748608065
405,0.0770287480,-0.1518895861,-0.0748608381
406,0.0766297768,-0.1514906449,-0.0748608681
407,0.0762528671,-0.1511137638,-0.0748608967
408,0.0758975971,-0.1507585208,-0.0748609238
409,0.0755635658,-0.1504245152,-0.0748609494
410,0.0752503928,-0.1501113666,-0.0748609738
411,0.0749577169,-0.1498187138,-0.0748609968
412,0.0746851961,-0.1495462147,-0.0748610187
413,0.0744325061,-0.1492935453,-0.0748610393
414,0.0741993403,-0.1490603990,-0.0748610587
415,0.0739854092,-0.1488464862,-0.0748610770
416,0.0737904392,-0.1486515334,-0.0748610943
417,0.0736141729,-0.1484752833,-0.0748611105
418,0.0734563681,-0.1483174937,-0.0748611256
419,0.0733167975,-0.1481779373,-0.0748611398
420,0.0731952482,-0.1480564012,-0.0748611530
421,0.0730915215,-0.1479526867,-0.0748611652
422,0.0730054322,-0.1478666088,-0.0748611766
423,0.0729368084,-0.1477979955,-0.0748611870
424,0.0728854915,-0.1477466881,-0.0748611966
425,0.0728513353,-0.1477125406,-0.0748612054
426,0.0728342061,-0.1476954194,-0.0748612133
427,0.0728339825,-0.1476952029,-0.0748612203
428,0.0728505550,-0.1477117816,-0.0748612266
429,0.0728838257,-0.1477450578,-0.0748612321
430,0.0729337084,-0.1477949451,-0.0748612368
431,0.0730001281,-0.1478613688,-0.0748612407
432,0.0730830213,-0.1479442651,-0.0748612439
433,0.0731823352,-0.1480435815,-0.0748612463
434,0.0732980283,-0.1481592762,-0.0748612479
435,0.0734300697,-0.1482913186,-0.0748612489
436,0.0735784394,-0.1484396884,-0.0748612491
437,0.0737431281,-0.1486043766,-0.0748612485
438,0.0739241370,-0.1487853843,-0.0748612472
439,0.0741214783,-0.1489827235,-0.0748612452
440,0.0743351743,-0.1491964168,-0.0748612425
441,0.0745652582,-0.1494264973,-0.0748612390
442,0.0748117739,-0.1496730087,-0.0748612349
443,0.0750747757,-0.1499360056,-0.0748612299
444,0.0753543286,-0.1502155529,-0.0748612242
445,0.0756505087,-0.1505117265,-0.0748612178
446,0.0759634025,-0.1508246131,-0.0748612106
447,0.0762931077,-0.1511543104,-0.0748612027
448,0.0766397329,-0.1515009269,-0.0748611940
449,0.0770033981,-0.1518645826,-0.0748611845
450,0.0773842343,-0.1522454085,-0.0748611742
451,0.0777823843,-0.1526435474,-0.0748611631
452,0.0781980023,-0.1530591535,-0.0748611512
453,0.0786312547,-0.1534923932,-0.0748611385
454,0.0790823198,-0.1539434446,-0.0748611248
455,0.0795513882,-0.1544124986,-0.0748611104
456,0.0800386632,-0.1548997582,-0.0748610950
457,0.0805443611,-0.1554054398,-0.0748610787
458,0.0810687112,-0.1559297727,-0.0748610615
459,0.0816119565,-0.1564729998,-0.0748610433
460,0.0821743538,-0.1570353779,-0.0748610241
461,0.0827561742,-0.1576171780,-0.0748610039
462,0.0833577034,-0.1582186860,-0.0748609826
463,0.0839792423,-0.1588402026,-0.0748609603
464,0.0846211075,-0.1594820443,-0.0748609368
465,0.0852836313,-0.1601445435,-0.0748609122
466,0.0859671629,-0.1608280494,-0.0748608864
467,0.0866720686,-0.1615329280,-0.0748608594
468,0.0873987323,-0.1622595634,-0.0748608311
469,0.0881475563,-0.1630083577,-0.0748608014
470,0.0889189620,-0.1637797324,-0.0748607704
471,0.0897133906,-0.1645741285,-0.0748607380
472,0.0905313034,-0.1653920075,-0.0748607040
473,0.0913731836,-0.1662338522,-0.0748606686
474,0.0922395359,-0.1671001674,-0.0748606315
475,0.0931308885,-0.1679914813,-0.0748605927
476,0.0940477933,-0.1689083456,-0.0748605522
477,0.0949908273,-0.1698513372,-0.0748605099
478,0.0959605935,-0.1708210592,-0.0748604657
479,0.0969577220,-0.1718181416,-0.0748604195
480,0.0979828715,-0.1728432428,-0.0748603713
481,0.0990367303,-0.1738970511,-0.0748603208
482,0.1001200175,-0.1749802856,-0.0748602681
483,0.1012334849,-0.1760936979,-0.0748602130
484,0.1023779182,-0.1772380737,-0.0748601554
485,0.1035541388,-0.1784142341,-0.0748600952
486,0.1047630055,-0.1796230378,-0.0748600323
487,0.1060054159,-0.1808653824,-0.0748599665
488,0.1072823093,-0.1821422070,-0.0748598977
489,0.1085946679,-0.1834544935,-0.0748598256
490,0.1099435192,-0.1848032695,-0.0748597503
491,0.1113299390,-0.1861896103,-0.0748596714
492,0.1127550529,-0.1876146416,-0.0748595888
493,0.1142200398,-0.1890795420,-0.0748595022
494,0.1157261345,-0.1905855461,-0.0748594116
495,0.1172746305,-0.1921339471,-0.0748593166
496,0.1188668838,-0.1937261007,-0.0748592169
497,0.1205043158,-0.1953634282,-0.0748591125
498,0.1221884175,-0.1970474203,-0.0748590028
499,0.1239207534,-0.1987796411,-0.0748588877
500,0.1257029654,-0.2005617323,-0.0748587669
501,0.1275367781,-0.2023954180,-0.0748586399
502,0.1294240031,-0.2042825095,-0.0748585064
503,0.1313665445,-0.2062249105,-0.0748583661
504,0.1333664045,-0.2082246229,-0.0748582184
505,0.1354256898,-0.2102837528,-0.0748580630
506,0.1375466178,-0.2124045171,-0.0748578993
507,0.1397315238,-0.2145892505,-0.0748577267
508,0.1419828686,-0.2168404134,-0.0748575448
509,0.1443032466,-0.2191605995,-0.0748573529
510,0.1466953949,-0.2215525453,-0.0748571503
511,0.1491622027,-0.2240191391,-0.0748569363
512,0.1517067215,-0.2265634317,-0.0748567102
513,0.1543321766,-0.2291886476,-0.0748564710
514,0.1570419789,-0.2318981967,-0.0748562178
515,0.1598397381,-0.2346956878,-0.0748559496
516,0.1627292773,-0.2375849428,-0.0748556654
517,0.1657146479,-0.2405700119,-0.0748553640
518,0.1688001468,-0.2436551909,-0.0748550441
519,0.1719903348,-0.2468450390,-0.0748547042
520,0.1752900561,-0.2501443990,-0.0748543429
521,0.1787044607,-0.2535584192,-0.0748539585
522,0.1822390277,-0.2570925768,-0.0748535491
523,0.1858995915,-0.2607527043,-0.0748531128
524,0.1896923704,-0.2645450178,-0.0748526474
525,0.1936239975,-0.2684761478,-0.0748521504
526,0.1977015552,-0.2725531744,-0.0748516192
527,0.2019326128,-0.2767836637,-0.0748510509
528,0.2063252679,-0.2811757103,-0.0748504424
529,0.2108881921,-0.2857379821,-0.0748497900
530,0.2156306811,-0.2904797710,-0.0748490899
531,0.2205627106,-0.2954110483,-0.0748483378
532,0.2256949979,-0.3005425267,-0.0748475288
533,0.2310390697,-0.3058857275,-0.0748466577
534,0.2366073385,-0.3114530571,-0.0748457186
535,0.2424131859,-0.3172578908,-0.0748447049
536,0.2484710570,-0.3233146663,-0.0748436093
537,0.2547965644,-0.3296389880,-0.0748424236
538,0.2614066052,-0.3362477439,-0.0748411387
539,0.2683194915,-0.3431592358,-0.0748397443
540,0.2755550965,-0.3503933255,-0.0748382290
541,0.2831350192,-0.3579715989,-0.0748365798
542,0.2910827690,-0.3659175511,-0.0748347821
543,0.2994239744,-0.3742567939,-0.0748328195
544,0.3081866178,-0.3830172913,-0.0748306734
545,0.3174013022,-0.3922296250,-0.0748283228
546,0.3271015524,-0.4019272962,-0.0748257438
547,0.3373241585,-0.4121470675,-0.0748229090
548,0.3481095651,-0.4229293527,-0.0748197876
549,0.3595023171,-0.4343186612,-0.0748163441
550,0.3715515673,-0.4463641054,-0.0748125381
551,0.3843116592,-0.4591199823,-0.0748083231
552,0.3978427946,-0.4726464403,-0.0748036457
553,0.4122118014,-0.4870102461,-0.0747984447
554,0.4274930186,-0.5022856679,-0.0747926493
555,0.4437693160,-0.5185554939,-0.0747861779
556,0.4611332739,-0.5359122103,-0.0747789364
557,0.4796885478,-0.5544593634,-0.0747708156
558,0.4995514498,-0.5743131391,-0.0747616893
559,0.5208527813,-0.5956041931,-0.0747514118
560,0.5437399595,-0.6184797739,-0.0747398143
561,0.5683794806,-0.6431061831,-0.0747267025
562,0.5949597700,-0.6696716229,-0.0747118529
563,0.6236944697,-0.6983894805,-0.0746950108
564,0.6548262099,-0.7295020980,-0.0746758881
565,0.6886308992,-0.7632850635,-0.0746541643
566,0.7254225419,-0.8000520445,-0.0746295026
567,0.7655585328,-0.8401600518,-0.0746015190
568,0.8094452795,-0.8840151544,-0.0745698749
569,0.8575438153,-0.9320781003,-0.0745342850
570,0.9103747458,-0.9848693665,-0.0744946206
571,0.9685213078,-1.0429723821,-0.0744510743
572,1.0326283588,-1.1070328044,-0.0744044456
573,1.1033934563,-1.1777500915,-0.0743566352
574,1.1815433490,-1.2558548449,-0.0743114959
575,1.2677843409,-1.3420606327,-0.0742762918
576,1.3627066890,-1.4369708858,-0.0742641968
577,1.4666091405,-1.5409076795,-0.0742985389
578,1.5791862968,-1.6536062123,-0.0744199155
579,1.6989838897,-1.7736816560,-0.0746977663
580,1.8224711924,-1.8977192464,-0.0752480540
581,1.9425116206,-2.0187681899,-0.0762565692
582,2.0459792157,-2.1239768293,-0.0779976136
583,2.1104473954,-2.1912537956,-0.0808064001
584,2.1007787551,-2.1856637845,-0.0848850293
585,1.9691869298,-2.0588839381,-0.0896970083
586,1.6680987316,-1.7608810180,-0.0927822864
587,1.1902797327,-1.2793736527,-0.0890939200
588,0.6343723527,-0.7094086364,-0.0750362837
589,0.2281791925,-0.2867618914,-0.0585826989
590,0.2008237448,-0.2579425960,-0.0571188512
591,0.5716899927,-0.6441268733,-0.0724368806
592,1.1301563833,-1.2178587981,-0.0877024148
593,1.6362481838,-1.7290523436,-0.0928041598
594,1.9717519245,-2.0620834888,-0.0903315643
595,2.1329551555,-2.2185074312,-0.0855522756
596,2.1649312508,-2.2462359716,-0.0813047208
597,2.1167182612,-2.1950354350,-0.0783171738
598,2.0254511112,-2.1018937670,-0.0764426559
599,1.9152099377,-1.9905566719,-0.0753467341
600,1.8002516842,-1.8749943035,-0.0747426193
601,1.6884237349,-1.7628563204,-0.0744325855
602,1.5836855007,-1.6579776726,-0.0742921719
603,1.4877453129,-1.5619918185,-0.0742465056
604,1.4010593772,-1.4753110588,-0.0742516816
605,1.3234207460,-1.3977031492,-0.0742824033
606,1.2542985098,-1.3286228466,-0.0743243368
607,1.1930289638,-1.2673984983,-0.0743695344
608,1.1389204537,-1.2133341921,-0.0744137384
609,1.0913084798,-1.1657632831,-0.0744548033
610,1.0495824940,-1.1240742706,-0.0744917767
611,1.0131968716,-1.0877212356,-0.0745243640
612,0.9816732910,-1.0562259096,-0.0745526185
613,0.9545986899,-1.0291754527,-0.0745767628
614,0.9316211809,-1.0062182674,-0.0745970865
615,0.9124452675,-0.9870591569,-0.0746138894
616,0.8968270986,-0.9714545491,-0.0746274505
617,0.8845701542,-0.9592081656,-0.0746380114
618,0.8755215553,-0.9501673244,-0.0746457691
619,0.8695690863,-0.9442199585,-0.0746508723
620,0.8666389587,-0.9412923790,-0.0746534203
621,0.8666943211,-0.9413477846,-0.0746534635
622,0.8697345097,-0.9443855121,-0.0746510025
623,0.8757950349,-0.9504410238,-0.0746459889
624,0.8849483048,-0.9595866299,-0.0746383251
625,0.8973050892,-0.9719329531,-0.0746278639
626,0.9130167297,-0.9876311397,-0.0746144100
627,0.9322780929,-1.0068758158,-0.0745977229
628,0.9553312379,-1.0299087624,-0.0745775245
629,0.9824697160,-1.0570232306,-0.0745535147
630,1.0140433119,-1.0885687137,-0.0745254018
631,1.0504628479,-1.1249558061,-0.0744929583
632,1.0922043283,-1.1666604486,-0.0744561203
633,1.1398111160,-1.2142262785,-0.0744151625
634,1.1938918100,-1.2682628119,-0.0743710019
635,1.2551097470,-1.3294354677,-0.0743257208
636,1.3241570450,-1.3984405131,-0.0742834682
637,1.4017009693,-1.4759529737,-0.0742520043
638,1.4882816236,-1.5625269667,-0.0742453431
639,1.5841251194,-1.6584133581,-0.0742882387
640,1.6888117036,-1.7632353939,-0.0744236902
641,1.8006988962,-1.8754239939,-0.0747250978
642,1.9159418323,-1.9912564882,-0.0753146559
643,2.0268848412,-2.1032718464,-0.0763870051
644,2.1195748375,-2.1978008292,-0.0782259917
645,2.1703685515,-2.2515359125,-0.0811673610
646,2.1426363181,-2.2280116073,-0.0853752892
647,1.9875885231,-2.0777650503,-0.0901765272
648,1.6593004378,-1.7521345197,-0.0928340819
649,1.1583174305,-1.2464390704,-0.0881216400
650,0.5976047823,-0.6707480873,-0.0731433050
651,0.2144763351,-0.2719297947,-0.0574534596
652,0.2253466981,-0.2834806602,-0.0581339621
653,0.6212070548,-0.6955583332,-0.0743512784
654,1.1770472226,-1.2658156227,-0.0887684001
655,1.6612076845,-1.7540330619,-0.0928253775
656,1.9698013330,-2.0596859554,-0.0898846224
657,2.1073487348,-2.1924179945,-0.0850692597
658,2.1209198683,-2.2018604238,-0.0809405555
659,2.0587111503,-2.1367940180,-0.0780828677
660,1.9564145477,-2.0327210826,-0.0763065349
661,1.8368955897,-1.9121710860,-0.0752754963
662,1.7135717396,-1.7882834584,-0.0747117188
663,1.5937573381,-1.6681834457,-0.0744261076
664,1.4810860074,-1.5553864240,-0.0743004166
665,1.3770691100,-1.4513328820,-0.0742637719
666,1.2820422096,-1.3563169256,-0.0742747160
667,1.1957213046,-1.2700307205,-0.0743094160
668,1.1175222603,-1.1918766665,-0.0743544062
669,1.0467402131,-1.1211424679,-0.0744022548
670,0.9826474264,-1.0570964405,-0.0744490141
671,0.9245442001,-0.9990369300,-0.0744927299
672,0.8717830849,-0.9463156586,-0.0745325737
673,0.8237781836,-0.8983465212,-0.0745683376
674,0.7800063564,-0.8546064992,-0.0746001428
675,0.7400042512,-0.8146325229,-0.0746282717
676,0.7033633900,-0.7780164631,-0.0746530731
677,0.6697245562,-0.7443994661,-0.0746749099
678,0.6387721579,-0.7134662890,-0.0746941311
679,0.6102289116,-0.6849399703,-0.0747110587
680,0.5838510015,-0.6585769837,-0.0747259822
681,0.5594237653,-0.6341629233,-0.0747391580
682,0.5367579015,-0.6115087121,-0.0747508106
683,0.5156861626,-0.5904472983,-0.0747611357
684,0.4960604875,-0.5708307904,-0.0747703029
685,0.4777495233,-0.5525279824,-0.0747784590
686,0.4606364866,-0.5354222176,-0.0747857310
687,0.4446173191,-0.5194095476,-0.0747922285
688,0.4295990972,-0.5043971435,-0.0747980463
689,0.4154986592,-0.4903019258,-0.0748032666
690,0.4022414189,-0.4770493793,-0.0748079603
691,0.3897603397,-0.4645725291,-0.0748121893
692,0.3779950449,-0.4528110521,-0.0748160072
693,0.3668910458,-0.4417105064,-0.0748194606
694,0.3563990700,-0.4312216603,-0.0748225902
695,0.3464744763,-0.4212999081,-0.0748254318
696,0.3370767435,-0.4119047598,-0.0748280163
697,0.3281690232,-0.4029993944,-0.0748303712
698,0.3197177481,-0.3945502685,-0.0748325205
699,0.3116922870,-0.3865267723,-0.0748344853
700,0.3040646422,-0.3789009266,-0.0748362844
701,0.2968091817,-0.3716471159,-0.0748379342
702,0.2899024032,-0.3647418526,-0.0748394494
703,0.2833227242,-0.3581635672,-0.0748408430
704,0.2770502971,-0.3518924237,-0.0748421266
705,0.2710668438,-0.3459101541,-0.0748433103
706,0.2653555088,-0.3401999122,-0.0748444035
707,0.2599007280,-0.3347461422,-0.0748454142
708,0.2546881119,-0.3295344618,-0.0748463499
709,0.2497043407,-0.3245515577,-0.0748472170
710,0.2449370700,-0.3197850917,-0.0748480217
711,0.2403748468,-0.3152236159,-0.0748487691
712,0.2360070336,-0.3108564976,-0.0748494640
713,0.2318237394,-0.3066738503,-0.0748501109
714,0.2278157589,-0.3026664724,-0.0748507135
715,0.2239745162,-0.2988257917,-0.0748512755
716,0.2202920145,-0.2951438145,-0.0748518000
717,0.2167607903,-0.2916130803,-0.0748522900
718,0.2133738724,-0.2882266204,-0.0748527480
719,0.2101247437,-0.2849779203,-0.0748531766
720,0.2070073072,-0.2818608850,-0.0748535778
721,0.2040158550,-0.2788698088,-0.0748539537
722,0.2011450397,-0.2759993458,-0.0748543062
723,0.1983898481,-0.2732444849,-0.0748546368
724,0.1957455785,-0.2706005255,-0.0748549471
725,0.1932078177,-0.2680630562,-0.0748552385
726,0.1907724225,-0.2656279347,-0.0748555122
727,0.1884355002,-0.2632912697,-0.0748557695
728,0.1861933931,-0.2610494045,-0.0748560114
729,0.1840426623,-0.2588989013,-0.0748562389
730,0.1819800742,-0.2568365272,-0.0748564529
731,0.1800025872,-0.2548592415,-0.0748566543
732,0.1781073398,-0.2529641836,-0.0748568438
733,0.1762916400,-0.2511486622,-0.0748570222
734,0.1745529549,-0.2494101449,-0.0748571900
735,0.1728889013,-0.2477462492,-0.0748573479
736,0.1712972373,-0.2461547338,-0.0748574965
737,0.1697758544,-0.2446334907,-0.0748576362
738,0.1683227702,-0.2431805268,-0.0748577566
739,0.1669361213,-0.2417940013,-0.0748578801
740,0.1656141575,-0.2404721535,-0.0748579960
741,0.1643552360,-0.2392133408,-0.0748581048
742,0.1631578159,-0.2380160226,-0.0748582067
743,0.1620204533,-0.2368787556,-0.0748583022
744,0.1609417972,-0.2358001887,-0.0748583916
745,0.1599205847,-0.2347790596,-0.0748584749
746,0.1589556378,-0.2338141904,-0.0748585526
747,0.1580458594,-0.2329044843,-0.0748586249
748,0.1571902304,-0.2320489224,-0.0748586919
749,0.1563878068,-0.2312465607,-0.0748587539
750,0.1556377164,-0.2304965274,-0.0748588110
751,0.1549391573,-0.2297980207,-0.0748588634
752,0.1542913948,-0.2291503060,-0.0748589112
753,0.1536937599,-0.2285527144,-0.0748589546
754,0.1531456473,-0.2280046409,-0.0748589936
755,0.1526465138,-0.2275055422,-0.0748590284
756,0.1521958770,-0.2270549361,-0.0748590590
757,0.1517933140,-0.2266523996,-0.0748590856
758,0.1514384601,-0.2262975683,-0.0748591082
759,0.1511310083,-0.2259901351,-0.0748591268
760,0.1508707084,-0.2257298498,-0.0748591415
761,0.1506573661,-0.2255165184,-0.0748591523
762,0.1504908434,-0.2253500026,-0.0748591592
763,0.1503710573,-0.2252302196,-0.0748591623
764,0.1502979807,-0.2251571423,-0.0748591616
765,0.1502716417,-0.2251307987,-0.0748591569
766,0.1502921244,-0.2251512728,-0.0748591484
767,0.1503595686,-0.2252187046,-0.0748591360
768,0.1504741711,-0.2253332906,-0.0748591195
769,0.1506361859,-0.2254952849,-0.0748590990
770,0.1508459251,-0.2257049996,-0.0748590744
771,0.1511037602,-0.2259628058,-0.0748590456
772,0.1514101228,-0.2262691354,-0.0748590125
773,0.1517655067,-0.2266244818,-0.0748589751
774,0.1521704689,-0.2270294020,-0.0748589331
775,0.1526256316,-0.2274845180,-0.0748588864
776,0.1531316843,-0.2279905192,-0.0748588349
777,0.1536893857,-0.2285481642,-0.0748587784
778,0.1542995665,-0.2291582833,-0.0748587168
779,0.1549631319,-0.2298217817,-0.0748586498
780,0.1556810646,-0.2305396417,-0.0748585771
781,0.1564544279,-0.2313129266,-0.0748584987
782,0.1572843694,-0.2321427835,-0.0748584141
783,0.1581721250,-0.2330304481,-0.0748583231
784,0.1591190226,-0.2339772480,-0.0748582254
785,0.1601264870,-0.2349846076,-0.0748581206
786,0.1611960449,-0.2360540533,-0.0748580084
787,0.1623293300,-0.2371872183,-0.0748578883
788,0.1635280891,-0.2383858491,-0.0748577599
789,0.1647941883,-0.2396518111,-0.0748576228
790,0.1661296199,-0.2409870962,-0.0748574764
791,0.1675365096,-0.2423938297,-0.0748573201
792,0.1690171252,-0.2438742786,-0.0748571534
793,0.1705738848,-0.2454308603,-0.0748569755
794,0.1722093665,-0.2470661523,-0.0748567858
795,0.1739263189,-0.2487829024,-0.0748565835
796,0.1757276723,-0.2505840400,-0.0748563676
797,0.1776165508,-0.2524726882,-0.0748561374
798,0.1795962859,-0.2544521775,-0.0748558917
799,0.1816704305,-0.2565260600,-0.0748556295
800,0.1838427756,-0.2586981251,-0.0748553495
801,0.1861173667,-0.2609724172,-0.0748550505
802,0.1884985230,-0.2633532540,-0.0748547309
803,0.1909908581,-0.2658452475,-0.0748543894
804,0.1935993023,-0.2684533263,-0.0748540240
805,0.1963291274,-0.2711827603,-0.0748536330
806,0.1991859734,-0.2740391876,-0.0748532142
807,0.2021758788,-0.2770286442,-0.0748527654
808,0.2053053125,-0.2801575965,-0.0748522841
809,0.2085812098,-0.2834329773,-0.0748517675
810,0.2120110122,-0.2868622249,-0.0748512126
811,0.2156027103,-0.2904533264,-0.0748506161
812,0.2193648921,-0.2942148663,-0.0748499743
813,0.2233067959,-0.2981560788,-0.0748492830
814,0.2274383692,-0.3022869068,-0.0748485377
815,0.2317703335,-0.3066180668,-0.0748477333
816,0.2363142567,-0.3111611211,-0.0748468644
817,0.2410826333,-0.3159285579,-0.0748459246
818,0.2460889739,-0.3209338808,-0.0748449069
819,0.2513479046,-0.3261917083,-0.0748438037
820,0.2568752787,-0.3317178849,-0.0748426062
821,0.2626883009,-0.3375296056,-0.0748413047
822,0.2688056675,-0.3436455558,-0.0748398883
823,0.2752477223,-0.3500860779,-0.0748383556
824,0.2820366337,-0.3568733046,-0.0748366709
825,0.2891965927,-0.3640314222,-0.0748348295
826,0.2967540375,-0.3715868513,-0.0748328138
827,0.3047379069,-0.3795685107,-0.0748306037
828,0.3131799278,-0.3880081045,-0.0748281766
829,0.3221149412,-0.3969404480,-0.0748255067
830,0.3315812735,-0.4064038381,-0.0748225646
831,0.3416211594,-0.4164404761,-0.0748193167
832,0.3522812253,-0.4270969500,-0.0748157247
833,0.3636130421,-0.4384247865,-0.0748117445
834,0.3756737591,-0.4504810847,-0.0748073256
835,0.3885268327,-0.4633292429,-0.0748024102
836,0.4022428650,-0.4770397962,-0.0747969312
837,0.4169005701,-0.4916913817,-0.0747908117
838,0.4325878915,-0.5073718539,-0.0747839624
839,0.4494032930,-0.5241795734,-0.0747762805
840,0.4674572547,-0.5422249015,-0.0747676468
841,0.4868740059,-0.5616319295,-0.0747579236
842,0.5077935345,-0.5825404862,-0.0747469517
843,0.5303739145,-0.6051084620,-0.0747345475
844,0.5547940003,-0.6295145002,-0.0747204999
845,0.5812565348,-0.6559611023,-0.0747045675
846,0.6099917199,-0.6846781970,-0.0746864771
847,0.6412612871,-0.7159272102,-0.0746659231
848,0.6753630833,-0.7500056548,-0.0746425715
849,0.7126361425,-0.7872522125,-0.0746160700
850,0.7534661282,-0.8280521983,-0.0745860701
851,0.7982908759,-0.8728431452,-0.0745522693
852,0.8476054954,-0.9221199838,-0.0745144884
853,0.9019660222,-0.9764388313,-0.0744728090
854,0.9619897998,-1.0364176119,-0.0744278121
855,1.0283493851,-1.1027303767,-0.0743809916
856,1.1017544033,-1.1760898681,-0.0743354647
857,1.1829117172,-1.2572089068,-0.0742971896
858,1.2724473643,-1.3467244112,-0.0742770469
859,1.3707619880,-1.4450563669,-0.0742943789
860,1.4777718840,-1.5521548225,-0.0743829385
861,1.5924559427,-1.6670565958,-0.0746006531
862,1.7120801643,-1.7871250297,-0.0750448654
863,1.8309072834,-1.9067808830,-0.0758735996
864,1.9381475398,-2.0154746690,-0.0773271292
865,2.0149860849,-2.0947084787,-0.0797223938
866,2.0310976004,-2.1144318034,-0.0833342030
867,1.9430056739,-2.0309704348,-0.0879647609
868,1.7012694496,-1.7932276779,-0.0919582283
869,1.2797189541,-1.3708395036,-0.0911205495
870,0.7343756855,-0.8149609349,-0.0805852494
871,0.2518559534,-0.3153098420,-0.0634538886
872,0.0799665219,-0.1355824957,-0.0556159738
873,0.3233829274,-0.3898059298,-0.0664230024
874,0.8366412392,-0.9199054266,-0.0832641875
875,1.3700141723,-1.4619004493,-0.0918862770
876,1.7603376453,-1.8517730150,-0.0914353697
877,1.9715229188,-2.0586188405,-0.0870959217
878,2.0375504083,-2.1201375106,-0.0825871023
879,2.0080993547,-2.0873033985,-0.0792040438
880,1.9243981313,-2.0014021343,-0.0770040030
881,1.8144563034,-1.8901416706,-0.0756853672
882,1.6953784408,-1.7703198632,-0.0749414224
883,1.5768466195,-1.6513944420,-0.0745478225
884,1.4639282036,-1.5382874933,-0.0743592897
885,1.3589697497,-1.4332567825,-0.0742870328
886,1.2627769455,-1.3370553950,-0.0742784496
887,1.1753194587,-1.2496224449,-0.0743029862
888,1.0961410113,-1.1704841981,-0.0743431868
889,1.0245928463,-1.0989821178,-0.0743892715
890,0.9599634156,-1.0343993347,-0.0744359191
891,0.9015478516,-0.9760282298,-0.0744803782
892,0.8486828976,-0.9232042593,-0.0745213617
893,0.8007623058,-0.8753207092,-0.0745584035
894,0.7572414321,-0.8318329152,-0.0745914831
895,0.7176360762,-0.7922568863,-0.0746208101
896,0.6815184617,-0.7561651614,-0.0746466996
897,0.6485119969,-0.7231815002,-0.0746695034
898,0.6182857200,-0.6929752914,-0.0746895714
899,0.5905489107,-0.6652561439,-0.0747072332
900,0.5650461006,-0.6397688889,-0.0747227884
901,0.5415525803,-0.6162890848,-0.0747365045
902,0.5198704222,-0.5946190395,-0.0747486173
903,0.4998249969,-0.5745843294,-0.0747593325
904,0.4812619438,-0.5560307730,-0.0747688292
905,0.4640445471,-0.5388218095,-0.0747772624
906,0.4480514698,-0.5228362360,-0.0747847662
907,0.4331747973,-0.5079662539,-0.0747914567
908,0.4193183506,-0.4941157846,-0.0747974341
909,0.4063962302,-0.4811990154,-0.0748027851
910,0.3943315589,-0.4691391438,-0.0748075849
911,0.3830553936,-0.4578672922,-0.0748118987
912,0.3725057843,-0.4473215671,-0.0748157828
913,0.3626269567,-0.4374462434,-0.0748192867
914,0.3533686028,-0.4281910559,-0.0748224531
915,0.3446852622,-0.4195105816,-0.0748253194
916,0.3365357833,-0.4113637017,-0.0748279184
917,0.3288828523,-0.4037131311,-0.0748302788
918,0.3216925806,-0.3965250063,-0.0748324257
919,0.3149341422,-0.3897685234,-0.0748343813
920,0.3085794561,-0.3834156211,-0.0748361650
921,0.3026029057,-0.3774406998,-0.0748377942
922,0.2969810912,-0.3718203752,-0.0748392840
923,0.2916926114,-0.3665332593,-0.0748406479
924,0.2867178693,-0.3615597672,-0.0748418980
925,0.2820389005,-0.3568819453,-0.0748430448
926,0.2776392206,-0.3524833185,-0.0748440979
927,0.2735036888,-0.3483487546,-0.0748450658
928,0.2696183868,-0.3444643427,-0.0748459559
929,0.2659705104,-0.3408172855,-0.0748467750
930,0.2625482726,-0.3373958019,-0.0748475293
931,0.2593408167,-0.3341890408,-0.0748482240
932,0.2563381386,-0.3311870028,-0.0748488642
933,0.2535310169,-0.3283804711,-0.0748494542
934,0.2509109498,-0.3257609476,-0.0748499979
935,0.2484700988,-0.3233205977,-0.0748504988
936,0.2462012377,-0.3210521980,-0.0748509603
937,0.2440977065,-0.3189490917,-0.0748513852
938,0.2421533700,-0.3170051461,-0.0748517761
939,0.2403625805,-0.3152147159,-0.0748521354
940,0.2387201437,-0.3135726089,-0.0748524651
941,0.2372212885,-0.3120740558,-0.0748527673
942,0.2358616391,-0.3107146827,-0.0748530437
943,0.2346371900,-0.3094904858,-0.0748532958
944,0.2335442840,-0.3083978090,-0.0748535250
945,0.2325795911,-0.3074333237,-0.0748537327
946,0.2317400907,-0.3065940107,-0.0748539199
947,0.2310230552,-0.3058771430,-0.0748540878
948,0.2304260345,-0.3052802717,-0.0748542372
949,0.2299468436,-0.3048012126,-0.0748543690
950,0.2295835500,-0.3044380338,-0.0748544838
951,0.2293344636,-0.3041890460,-0.0748545825
952,0.2291981272,-0.3040527926,-0.0748546654
953,0.2291733087,-0.3040280418,-0.0748547331
954,0.2292589932,-0.3041137793,-0.0748547860
955,0.2294543779,-0.3043092025,-0.0748548246
956,0.2297588663,-0.3046137153,-0.0748548490
957,0.2301720642,-0.3050269236,-0.0748548595
958,0.2306937763,-0.3055486326,-0.0748548562
959,0.2313240040,-0.3061788434,-0.0748548394
960,0.2320629434,-0.3069177523,-0.0748548090
961,0.2329109843,-0.3077657493,-0.0748547650
962,0.2338687108,-0.3087234182,-0.0748547074
963,0.2349369012,-0.3097915373,-0.0748546361
964,0.2361165301,-0.3109710810,-0.0748545509
965,0.2374087702,-0.3122632217,-0.0748544516
966,0.2388149956,-0.3136693335,-0.0748543379
967,0.2403367857,-0.3151909952,-0.0748542095
968,0.2419759300,-0.3168299959,-0.0748540660
969,0.2437344331,-0.3185883399,-0.0748539069
970,0.2456145218,-0.3204682535,-0.0748537317
971,0.2476186523,-0.3224721922,-0.0748535398
972,0.2497495184,-0.3246028490,-0.0748533306
973,0.2520100608,-0.3268631641,-0.0748531034
974,0.2544034779,-0.3292563351,-0.0748528572
975,0.2569332373,-0.3317858285,-0.0748525912
976,0.2596030887,-0.3344553931,-0.0748523043
977,0.2624170780,-0.3372690736,-0.0748519956
978,0.2653795629,-0.3402312266,-0.0748516637
979,0.2684952304,-0.3433465378,-0.0748513074
980,0.2717691155,-0.3466200406,-0.0748509251
981,0.2752066217,-0.3500571370,-0.0748505153
982,0.2788135438,-0.3536636201,-0.0748500763
983,0.2825960928,-0.3574456989,-0.0748496060
984,0.2865609228,-0.3614100254,-0.0748491025
985,0.2907151609,-0.3655637244,-0.0748485635
986,0.2950664395,-0.3699144259,-0.0748479864
987,0.2996229323,-0.3744703008,-0.0748473685
988,0.3043933929,-0.3792400997,-0.0748467068
989,0.3093871977,-0.3842331957,-0.0748459979
990,0.3146143930,-0.3894596314,-0.0748452383
991,0.3200857463,-0.3949301703,-0.0748444240
992,0.3258128026,-0.4006563532,-0.0748435506
993,0.3318079473,-0.4066505606,-0.0748426134
994,0.3380844739,-0.4129260807,-0.0748416069
995,0.3446566598,-0.4194971851,-0.0748405253
996,0.3515398495,-0.4263792118,-0.0748393623
997,0.3587505461,-0.4335886567,-0.0748381106
998,0.3663065133,-0.4411432757,-0.0748367624
999,0.3742268874,-0.4490621963,-0.0748353089
1000,0.3825323021,-0.4573660425,-0.0748337404
1001,0.3912450266,-0.4660770728,-0.0748320462
1002,0.4003891196,-0.4752193338,-0.0748302142
1003,0.4099906003,-0.4848188313,-0.0748282310
1004,0.4200776393,-0.4949037209,-0.0748260817
1005,0.4306807712,-0.5055045208,-0.0748237496
1006,0.4418331339,-0.5166543498,-0.0748212159
1007,0.4535707346,-0.5283891944,-0.0748184597
1008,0.4659327502,-0.5407482076,-0.0748154574
1009,0.4789618639,-0.5537740464,-0.0748121824
1010,0.4927046449,-0.5675132497,-0.0748086048
1011,0.5072119766,-0.5820166672,-0.0748046906
1012,0.5225395406,-0.5973399422,-0.0748004016
1013,0.5387483653,-0.6135440597,-0.0747956943
1014,0.5559054484,-0.6306959677,-0.0747905193
1015,0.5740844644,-0.6488692956,-0.0747848312
1016,0.5933665709,-0.6681451149,-0.0747785440
1017,0.6138413298,-0.6886129250,-0.0747715952
1018,0.6356077602,-0.7103716611,-0.0747639009
1019,0.6587755460,-0.7335309105,-0.0747553645
1020,0.6834664224,-0.7582122977,-0.0747458753
1021,0.7098157719,-0.7845510775,-0.0747353056
1022,0.7379744635,-0.8126979718,-0.0747235083
1023,0.7681109773,-0.8428212906,-0.0747103133
1024,0.8004138607,-0.8751093850,-0.0746955243
1025,0.8350945736,-0.9097734876,-0.0746789139
1026,0.8723907853,-0.9470510046,-0.0746602193
1027,0.9125701971,-0.9872093335,-0.0746391364
1028,0.9559349747,-1.0305502890,-0.0746153143
1029,1.0028268799,-1.0774152290,-0.0745883491
1030,1.0536331988,-1.1281909772,-0.0745577784
1031,1.1087935625,-1.1833166393,-0.0745230768
1032,1.1688077393,-1.2432913946,-0.0744836553
1033,1.2342444430,-1.3086833090,-0.0744388660
1034,1.3057511207,-1.3801391405,-0.0743880198
1035,1.3840645349,-1.4583949587,-0.0743304237
1036,1.4700216767,-1.5442871327,-0.0742654560
1037,1.5645700652,-1.6387627688,-0.0741927036
1038,1.6687756396,-1.7428878479,-0.0741122083
1039,1.7838249853,-1.8578498836,-0.0740248984
1040,1.9110161211,-1.9849494589,-0.0739333378
1041,2.0517277489,-2.1255707678,-0.0738430189
1042,2.2073494601,-2.2811140449,-0.0737645848
1043,2.3791427431,-2.4528603777,-0.0737176347
1044,2.5679811793,-2.6417183772,-0.0737371979
1045,2.7738824498,-2.8477670461,-0.0738845963
1046,2.9951871509,-3.0694523058,-0.0742651549
1047,3.2271532635,-3.3022086606,-0.0750553971
1048,3.4596278287,-3.5361672433,-0.0765394146
1049,3.6733953164,-3.7525355470,-0.0791402306
1050,3.8350369174,-3.9184245670,-0.0833876496
1051,3.8913824788,-3.9810391932,-0.0896567144
1052,3.7683895602,-3.8657468823,-0.0973573221
1053,3.3868073776,-3.4902407878,-0.1034334103
1054,2.7124975008,-2.8142567338,-0.1017592331
1055,1.8368519225,-1.9249183628,-0.0880664402
1056,1.0115295621,-1.0806952907,-0.0691657286
1057,0.5428311191,-0.6009852626,-0.0581541435
1058,0.6151665225,-0.6749644665,-0.0597979440
1059,1.1999653903,-1.2736788420,-0.0737134517
1060,2.0679518928,-2.1605417095,-0.0925898167
1061,2.9095884941,-3.0128838411,-0.1032953471
1062,3.5105314795,-3.6128628341,-0.1023313546
1063,3.8188639895,-3.9142181135,-0.0953541239
1064,3.8874029589,-3.9752605732,-0.0878576144
1065,3.7972028317,-3.8793143246,-0.0821114929
1066,3.6174661944,-3.6958034393,-0.0783372450
1067,3.3958648479,-3.4719361785,-0.0760713306
1068,3.1616155613,-3.2364155401,-0.0747999788
1069,2.9311725745,-3.0053096356,-0.0741370610
1070,2.7130104679,-2.7868402702,-0.0738298023
1071,2.5109012274,-2.5846243648,-0.0737231374
1072,2.3259677595,-2.3996929774,-0.0737252179
1073,2.1579114717,-2.2316943119,-0.0737828402
1074,2.0057246811,-2.0795904417,-0.0738657607
1075,1.8680940777,-1.9420512443,-0.0739571666
1076,1.7436229153,-1.8176709380,-0.0740480227
1077,1.6309483669,-1.7050821214,-0.0741337545
1078,1.5287990394,-1.6030113539,-0.0742123145
1079,1.4360188897,-1.5103019477,-0.0742830579
1080,1.3515727513,-1.4259188431,-0.0743460917
1081,1.2745422258,-1.3489441266,-0.0744019007
1082,1.2041169350,-1.2785680701,-0.0744511350
1083,1.1395839345,-1.2140784263,-0.0744944918
1084,1.0803168187,-1.1548494710,-0.0745326523
1085,1.0257653132,-1.1003315634,-0.0745662502
1086,0.9754457276,-1.0500415861,-0.0745958585
1087,0.9289324089,-1.0035543950,-0.0746219861
1088,0.8858502045,-0.9604952844,-0.0746450799
1089,0.8458678793,-0.9205334090,-0.0746655297
1090,0.8086924012,-0.8833760749,-0.0746836737
1091,0.7740639977,-0.8487638027,-0.0746998049
1092,0.7417518884,-0.8164660650,-0.0747141766
1093,0.7115506046,-0.7862776124,-0.0747270077
1094,0.6832768150,-0.7580153026,-0.0747384876
1095,0.6567665860,-0.7315153659,-0.0747487799
1096,0.6318730152,-0.7066310417,-0.0747580265
1097,0.6084641845,-0.6832305351,-0.0747663507
1098,0.5864213863,-0.6611952455,-0.0747738592
1099,0.5656375846,-0.6404182298,-0.0747806452
1100,0.5460160766,-0.6208028664,-0.0747867898
1101,0.5274693270,-0.6022616909,-0.0747923639
1102,0.5099179501,-0.5847153798,-0.0747974296
1103,0.4932898204,-0.5680918508,-0.0748020304
1104,0.4775192919,-0.5523255279,-0.0748062360
1105,0.4625465137,-0.5373565912,-0.0748100775
1106,0.4483168270,-0.5231304191,-0.0748135921
1107,0.4347802342,-0.5095970468,-0.0748168127
1108,0.4218909287,-0.4967106969,-0.0748197682
1109,0.4096068805,-0.4844293650,-0.0748224845
1110,0.3978894669,-0.4727144514,-0.0748249845
1111,0.3867031458,-0.4615304343,-0.0748272886
1112,0.3760151639,-0.4508445789,-0.0748294150
1113,0.3657952976,-0.4406266776,-0.0748313800
1114,0.3560156205,-0.4308488186,-0.0748331981
1115,0.3466502961,-0.4214851785,-0.0748348824
1116,0.3376753917,-0.4125118363,-0.0748364446
1117,0.3290687116,-0.4039066068,-0.0748378952
1118,0.3208096468,-0.3956488905,-0.0748392437
1119,0.3128790398,-0.3877195385,-0.0748404987
1120,0.3052590630,-0.3801007308,-0.0748416679
1121,0.2979331081,-0.3727758664,-0.0748427583
1122,0.2908856871,-0.3657294633,-0.0748437762
1123,0.2841023417,-0.3589470691,-0.0748447275
1124,0.2775695616,-0.3524151788,-0.0748456172
1125,0.2712747102,-0.3461211604,-0.0748464502
1126,0.2652059572,-0.3400531880,-0.0748472308
1127,0.2593522167,-0.3342001796,-0.0748479630
1128,0.2537030915,-0.3285517417,-0.0748486502
1129,0.2482488218,-0.3230981177,-0.0748492959
1130,0.2429802381,-0.3178301412,-0.0748499031
1131,0.2378887190,-0.3127391934,-0.0748504744
1132,0.2329661514,-0.3078171638,-0.0748510124
1133,0.2282048948,-0.3030564143,-0.0748515195
1134,0.2235977484,-0.2984497462,-0.0748519978
1135,0.2191379205,-0.2939903697,-0.0748524492
1136,0.2148190009,-0.2896718764,-0.0748528755
1137,0.2106349349,-0.2854882134,-0.0748532785
1138,0.2065799998,-0.2814336595,-0.0748536597
1139,0.2026487832,-0.2775028036,-0.0748540204
1140,0.1988361623,-0.2736905243,-0.0748543620
1141,0.1951372859,-0.2699919716,-0.0748546857
1142,0.1915475566,-0.2664025493,-0.0748549926
1143,0.1880626153,-0.2629178992,-0.0748552839
1144,0.1846783260,-0.2595338863,-0.0748555603
1145,0.1813907620,-0.2562465850,-0.0748558229
1146,0.1781961938,-0.2530522664,-0.0748560725
1147,0.1750910765,-0.2499473864,-0.0748563099
1148,0.1720720392,-0.2469285749,-0.0748565357
1149,0.1691358745,-0.2439926251,-0.0748567506
1150,0.1662795293,-0.2411364847,-0.0748569553
1151,0.1635000956,-0.2383572460,-0.0748571504
1152,0.1607948022,-0.2356521386,-0.0748573364
1153,0.1581610072,-0.2330185210,-0.0748575138
1154,0.1555961906,-0.2304538736,-0.0748576831
1155,0.1530979474,-0.2279557921,-0.0748578447
1156,0.1506639816,-0.2255219807,-0.0748579991
1157,0.1482921002,-0.2231502467,-0.0748581466
1158,0.1459802072,-0.2208384948,-0.0748582876
1159,0.1437262993,-0.2185847217,-0.0748584224
1160,0.1415284601,-0.2163870116,-0.0748585515
1161,0.1393848561,-0.2142435311,-0.0748586750
1162,0.1372937324,-0.2121525257,-0.0748587933
1163,0.1352534083,-0.2101123148,-0.0748589066
1164,0.1332622739,-0.2081212890,-0.0748590151
1165,0.1313187863,-0.2061779055,-0.0748591192
1166,0.1294214664,-0.2042806855,-0.0748592190
1167,0.1275688958,-0.2024282106,-0.0748593148
1168,0.1257597134,-0.2006191201,-0.0748594067
1169,0.1239926133,-0.1988521082,-0.0748594949
1170,0.1222663414,-0.1971259210,-0.0748595796
1171,0.1205796936,-0.1954393546,-0.0748596610
1172,0.1189315130,-0.1937912522,-0.0748597392
1173,0.1173206878,-0.1921805022,-0.0748598144
1174,0.1157461493,-0.1906060360,-0.0748598867
1175,0.1142068697,-0.1890668260,-0.0748599563
1176,0.1127018605,-0.1875618837,-0.0748600232
1177,0.1112301706,-0.1860902582,-0.0748600876
1178,0.1097908844,-0.1846510340,-0.0748601496
1179,0.1083831207,-0.1832433300,-0.0748602093
1180,0.1070060308,-0.1818662976,-0.0748602668
1181,0.1056587971,-0.1805191193,-0.0748603222
1182,0.1043406318,-0.1792010074,-0.0748603756
1183,0.1030507760,-0.1779112031,-0.0748604271
1184,0.1017884977,-0.1766489744,-0.0748604767
1185,0.1005530913,-0.1754136159,-0.0748605246
1186,0.0993438762,-0.1742044470,-0.0748605708
1187,0.0981601959,-0.1730208113,-0.0748606154
1188,0.0970014170,-0.1718620753,-0.0748606584
1189,0.0958669279,-0.1707276278,-0.0748606999
1190,0.0947561386,-0.1696168786,-0.0748607400
1191,0.0936684791,-0.1685292578,-0.0748607787
1192,0.0926033992,-0.1674642153,-0.0748608161
1193,0.0915603673,-0.1664212195,-0.0748608522
1194,0.0905388699,-0.1653997570,-0.0748608871
1195,0.0895384107,-0.1643993316,-0.0748609209
1196,0.0885585103,-0.1634194639,-0.0748609535
1197,0.0875987052,-0.1624596902,-0.0748609850
1198,0.0866585472,-0.1615195627,-0.0748610155
1199,0.0857376030,-0.1605986480,-0.0748610450
1200,0.0848354537,-0.1596965272,-0.0748610736
1201,0.0839516940,-0.1588127952,-0.0748611012
1202,0.0830859320,-0.1579470598,-0.0748611279
1203,0.0822377883,-0.1570989420,-0.0748611537
1204,0.0814068962,-0.1562680749,-0.0748611787
1205,0.0805929006,-0.1554541035,-0.0748612029
1206,0.0797954578,-0.1546566841,-0.0748612263
1207,0.0790142354,-0.1538754844,-0.0748612490
1208,0.0782489114,-0.1531101824,-0.0748612710
1209,0.0774991744,-0.1523604666,-0.0748612922
1210,0.0767647226,-0.1516260354,-0.0748613128
1211,0.0760452641,-0.1509065968,-0.0748613327
1212,0.0753405161,-0.1502018682,-0.0748613520
1213,0.0746502051,-0.1495115758,-0.0748613707
1214,0.0739740658,-0.1488354547,-0.0748613888
1215,0.0733118418,-0.1481732482,-0.0748614064
1216,0.0726632846,-0.1475247079,-0.0748614233
1217,0.0720281535,-0.1468895933,-0.0748614398
1218,0.0714062157,-0.1462676714,-0.0748614557
1219,0.0707972456,-0.1456587167,-0.0748614712
1220,0.0702010248,-0.1450625109,-0.0748614861
1221,0.0696173421,-0.1444788427,-0.0748615006
1222,0.0690459927,-0.1439075073,-0.0748615146
1223,0.0684867786,-0.1433483068,-0.0748615281
1224,0.0679395081,-0.1428010494,-0.0748615413
1225,0.0674039956,-0.1422655496,-0.0748615540
1226,0.0668800617,-0.1417416280,-0.0748615663
1227,0.0663675326,-0.1412291108,-0.0748615782
1228,0.0658662404,-0.1407278301,-0.0748615897
1229,0.0653760226,-0.1402376235,-0.0748616009
1230,0.0648967222,-0.1397583339,-0.0748616117
1231,0.0644281873,-0.1392898094,-0.0748616221
1232,0.0639702712,-0.1388319034,-0.0748616322
1233,0.0635228322,-0.1383844741,-0.0748616419
1234,0.0630857334,-0.1379473847,-0.0748616513
1235,0.0626588425,-0.1375205030,-0.0748616604
1236,0.0622420322,-0.1371037014,-0.0748616692
1237,0.0618351794,-0.1366968571,-0.0748616777
1238,0.0614381656,-0.1362998514,-0.0748616858
1239,0.0610508764,-0.1359125701,-0.0748616937
1240,0.0606732019,-0.1355349032,-0.0748617013
1241,0.0603050362,-0.1351667448,-0.0748617086
1242,0.0599462774,-0.1348079931,-0.0748617157
1243,0.0595968277,-0.1344585501,-0.0748617224
1244,0.0592565930,-0.1341183220,-0.0748617289
1245,0.0589254834,-0.1337872186,-0.0748617352
1246,0.0586034123,-0.1334651535,-0.0748617411
1247,0.0582902971,-0.1331520440,-0.0748617469
1248,0.0579860588,-0.1328478111,-0.0748617524
1249,0.0576906217,-0.1325523793,-0.0748617576
1250,0.0574039140,-0.1322656766,-0.0748617626
1251,0.0571258671,-0.1319876345,-0.0748617674
1252,0.0568564160,-0.1317181879,-0.0748617719
1253,0.0565954989,-0.1314572751,-0.0748617762
1254,0.0563430574,-0.1312048377,-0.0748617803
1255,0.0560990364,-0.1309608206,-0.0748617842
1256,0.0558633841,-0.1307251719,-0.0748617878
1257,0.0556360518,-0.1304978430,-0.0748617912
1258,0.0554169941,-0.1302787885,-0.0748617944
1259,0.0552061687,-0.1300679661,-0.0748617974
1260,0.0550035365,-0.1298653367,-0.0748618002
1261,0.0548090615,-0.1296708643,-0.0748618027
1262,0.0546227108,-0.1294845159,-0.0748618051
1263,0.0544444546,-0.1293062618,-0.0748618072
1264,0.0542742660,-0.1291360751,-0.0748618091
1265,0.0541121215,-0.1289739323,-0.0748618108
1266,0.0539580003,-0.1288198127,-0.0748618123
1267,0.0538118850,-0.1286736986,-0.0748618136
1268,0.0536737608,-0.1285355755,-0.0748618147
1269,0.0535436165,-0.1284054321,-0.0748618156
1270,0.0534214434,-0.1282832597,-0.0748618163
1271,0.0533072363,-0.1281690530,-0.0748618167
1272,0.0532009928,-0.1280628098,-0.0748618170
1273,0.0531027137,-0.1279645307,-0.0748618170
1274,0.0530124028,-0.1278742196,-0.0748618169
1275,0.0529300671,-0.1277918835,-0.0748618165
1276,0.0528557167,-0.1277175325,-0.0748618159
1277,0.0527893648,-0.1276511799,-0.0748618151
1278,0.0527310279,-0.1275928420,-0.0748618140
1279,0.0526807257,-0.1275425385,-0.0748618128
1280,0.0526384810,-0.1275002922,-0.0748618113
1281,0.0526043199,-0.1274661295,-0.0748618096
1282,0.0525782720,-0.1274400797,-0.0748618076
1283,0.0525603702,-0.1274221757,-0.0748618055
1284,0.0525506506,-0.1274124537,-0.0748618031
1285,0.0525491531,-0.1274109535,-0.0748618004
1286,0.0525559208,-0.1274177183,-0.0748617976
1287,0.0525710005,-0.1274327949,-0.0748617944
1288,0.0525944427,-0.1274562338,-0.0748617910
1289,0.0526263015,-0.1274880889,-0.0748617874
1290,0.0526666348,-0.1275284074,-0.0748617725
1291,0.0527155043,-0.1275772727,-0.0748617684
1292,0.0527729757,-0.1276347397,-0.0748617639
1293,0.0528391186,-0.1277008779,-0.0748617592
1294,0.0529140068,-0.1277757610,-0.0748617542
1295,0.0529977181,-0.1278594670,-0.0748617489
1296,0.0530903348,-0.1279520781,-0.0748617434
1297,0.0531919433,-0.1280536808,-0.0748617375
1298,0.0533026349,-0.1281643661,-0.0748617313
1299,0.0534225050,-0.1282842298,-0.0748617247
1300,0.0535516542,-0.1284133721,-0.0748617179
1301,0.0536901876,-0.1285518983,-0.0748617107
1302,0.0538382154,-0.1286999186,-0.0748617032
1303,0.0539958530,-0.1288575483,-0.0748616953
1304,0.0541632209,-0.1290249079,-0.0748616870
1305,0.0543404452,-0.1292021236,-0.0748616783
1306,0.0545276575,-0.1293893268,-0.0748616693
1307,0.0547249950,-0.1295866549,-0.0748616598
1308,0.0549326012,-0.1297942512,-0.0748616500
1309,0.0551506254,-0.1300122651,-0.0748616397
1310,0.0553792233,-0.1302408522,-0.0748616290
1311,0.0556185571,-0.1304801749,-0.0748616178
1312,0.0558687960,-0.1307304021,-0.0748616061
1313,0.0561301158,-0.1309917097,-0.0748615939
1314,0.0564026997,-0.1312642809,-0.0748615813
1315,0.0566867383,-0.1315483064,-0.0748615681
1316,0.0569824301,-0.1318439844,-0.0748615543
1317,0.0572899814,-0.1321515214,-0.0748615400
1318,0.0576096068,-0.1324711319,-0.0748615251
1319,0.0579415297,-0.1328030393,-0.0748615096
1320,0.0582859823,-0.1331474757,-0.0748614934
1321,0.0586432059,-0.1335046826,-0.0748614766
1322,0.0590134518,-0.1338749110,-0.0748614591
1323,0.0593969811,-0.1342584220,-0.0748614409
1324,0.0597940651,-0.1346554871,-0.0748614220
1325,0.0602049862,-0.1350663885,-0.0748614023
1326,0.0606300379,-0.1354914197,-0.0748613818
1327,0.0610695254,-0.1359308859,-0.0748613605
1328,0.0615237663,-0.1363851045,-0.0748613382
1329,0.0619930905,-0.1368544056,-0.0748613151
1330,0.0624778415,-0.1373391325,-0.0748612911
1331,0.0629783763,-0.1378396423,-0.0748612660
1332,0.0634950665,-0.1383563064,-0.0748612399
1333,0.0640282987,-0.1388895114,-0.0748612128
1334,0.0645784750,-0.1394396595,-0.0748611845
1335,0.0651460141,-0.1400071691,-0.0748611550
1336,0.0657313517,-0.1405924760,-0.0748611243
1337,0.0663349414,-0.1411960337,-0.0748610923
1338,0.0669572555,-0.1418183145,-0.0748610590
1339,0.0675987861,-0.1424598104,-0.0748610243
1340,0.0682600455,-0.1431210335,-0.0748609881
1341,0.0689415676,-0.1438025179,-0.0748609503
1342,0.0696439089,-0.1445048198,-0.0748609109
1343,0.0703676494,-0.1452285192,-0.0748608698
1344,0.0711133940,-0.1459742209,-0.0748608269
1345,0.0718817733,-0.1467425555,-0.0748607822
1346,0.0726734455,-0.1475341809,-0.0748607354
1347,0.0734890972,-0.1483497838,-0.0748606866
1348,0.0743294452,-0.1491900808,-0.0748606356
1349,0.0751952381,-0.1500558204,-0.0748605823
1350,0.0760872576,-0.1509477842,-0.0748605266
1351,0.0770063205,-0.1518667888,-0.0748604683
1352,0.0779532805,-0.1528136879,-0.0748604073
1353,0.0789290304,-0.1537893739,-0.0748603436
1354,0.0799345037,-0.1547947805,-0.0748602768
1355,0.0809706773,-0.1558308841,-0.0748602068
1356,0.0820385738,-0.1568987073,-0.0748601336
1357,0.0831392638,-0.1579993206,-0.0748600568
1358,0.0842738690,-0.1591338452,-0.0748599763
1359,0.0854435648,-0.1603034566,-0.0748598918
1360,0.0866495835,-0.1615093867,-0.0748598032
1361,0.0878932178,-0.1627529279,-0.0748597101
1362,0.0891758240,-0.1640354364,-0.0748596124
1363,0.0904988261,-0.1653583358,-0.0748595097
1364,0.0918637197,-0.1667231214,-0.0748594018
1365,0.0932720765,-0.1681313647,-0.0748592882
1366,0.0947255490,-0.1695847177,-0.0748591687
1367,0.0962258752,-0.1710849180,-0.0748590429
1368,0.0977748844,-0.1726337947,-0.0748589103
1369,0.0993745029,-0.1742332734,-0.0748587706
1370,0.1010267601,-0.1758853833,-0.0748586232
1371,0.1027337955,-0.1775922632,-0.0748584677
1372,0.1044978656,-0.1793561692,-0.0748583035
1373,0.1063213522,-0.1811794823,-0.0748581301
1374,0.1082067703,-0.1830647170,-0.0748579467
1375,0.1101567776,-0.1850145304,-0.0748577527
1376,0.1121741845,-0.1870317319,-0.0748575474
1377,0.1142619643,-0.1891192942,-0.0748573299
1378,0.1164232652,-0.1912803646,-0.0748570994
1379,0.1186614228,-0.1935182777,-0.0748568549
1380,0.1209799735,-0.1958365690,-0.0748565954
1381,0.1233826697,-0.1982389895,-0.0748563198
1382,0.1258734957,-0.2007295225,-0.0748560268
1383,0.1284566851,-0.2033124002,-0.0748557151
1384,0.1311367404,-0.2059921236,-0.0748553832
1385,0.1339184533,-0.2087734829,-0.0748550296
1386,0.1368069283,-0.2116615807,-0.0748546525
1387,0.1398076068,-0.2146618567,-0.0748542499
1388,0.1429262949,-0.2177801148,-0.0748538199
1389,0.1461691936,-0.2210225537,-0.0748533601
1390,0.1495429312,-0.2243957992,-0.0748528679
1391,0.1530545997,-0.2279069404,-0.0748523407
1392,0.1567117946,-0.2315635699,-0.0748517753
1393,0.1605226587,-0.2353738271,-0.0748511684
1394,0.1644959306,-0.2393464467,-0.0748505162
1395,0.1686409980,-0.2434908126,-0.0748498146
1396,0.1729679571,-0.2478170161,-0.0748490590
1397,0.1774876779,-0.2523359223,-0.0748482444
1398,0.1822118773,-0.2570592424,-0.0748473651
1399,0.1871531998,-0.2619996146,-0.0748464147
1400,0.1923253076,-0.2671706940,-0.0748453864
1401,0.1977429809,-0.2725872532,-0.0748442723
1402,0.2034222304,-0.2782652940,-0.0748430636
1403,0.2093804225,-0.2842221731,-0.0748417506
1404,0.2156364204,-0.2904767425,-0.0748403221
1405,0.2222107412,-0.2970495072,-0.0748387659
1406,0.2291257345,-0.3039628026,-0.0748370680
1407,0.2364057818,-0.3112409945,-0.0748352127
1408,0.2440775228,-0.3189107048,-0.0748331821
1409,0.2521701106,-0.3270010668,-0.0748309561
1410,0.2607155020,-0.3355440139,-0.0748285119
1411,0.2697487855,-0.3445746088,-0.0748258234
1412,0.2793085557,-0.3541314167,-0.0748228610
1413,0.2894373400,-0.3642569308,-0.0748195908
1414,0.3001820855,-0.3749980598,-0.0748159742
1415,0.3115947166,-0.3864066834,-0.0748119669
1416,0.3237327742,-0.3985402920,-0.0748075178
1417,0.3366601507,-0.4114627193,-0.0748025686
1418,0.3504479357,-0.4252449873,-0.0747970517
1419,0.3651753907,-0.4399662801,-0.0747908894
1420,0.3809310766,-0.4557150683,-0.0747839917
1421,0.3978141557,-0.4725904106,-0.0747762550
1422,0.4159359012,-0.4907034601,-0.0747675589
1423,0.4354214459,-0.5101792104,-0.0747577645
1424,0.4564118090,-0.5311585203,-0.0747467113
1425,0.4790662451,-0.5538004591,-0.0747342140
1426,0.5035649614,-0.5782850212,-0.0747200598
1427,0.5301122529,-0.6048162584,-0.0747040055
1428,0.5589401018,-0.6336258776,-0.0746857758
1429,0.5903122795,-0.6649773427,-0.0746650633
1430,0.6245289625,-0.6991704950,-0.0746415324
1431,0.6619318319,-0.7365466624,-0.0746148305
1432,0.7029095305,-0.7774941407,-0.0745846102
1433,0.7479031979,-0.8224537718,-0.0745505739
1434,0.7974115205,-0.8719240740,-0.0745125535
1435,0.8519942471,-0.9264648996,-0.0744706525
1436,0.9122722892,-0.9866977822,-0.0744254931
1437,0.9789210882,-1.0532997314,-0.0743786432
1438,1.0526514872,-1.1269848376,-0.0743333503
1439,1.1341681513,-1.2084639509,-0.0742957996
1440,1.2240884441,-1.2983657073,-0.0742772633
1441,1.3227925633,-1.3970903172,-0.0742977539
1442,1.4301555326,-1.5045476924,-0.0743921597
1443,1.5450789084,-1.6196992002,-0.0746202918
1444,1.6646903653,-1.7397728641,-0.0750824988
1445,1.7830146798,-1.8589559060,-0.0759412262
1446,1.8888712158,-1.9663132921,-0.0774420763
1447,1.9628483465,-2.0427530473,-0.0799047008
1448,1.9738317496,-2.0574239085,-0.0835921589
1449,1.8776353531,-1.9658880858,-0.0882527326
1450,1.6250935242,-1.7171941488,-0.0921006245
1451,1.1930796176,-1.2838713690,-0.0907917514
1452,0.6447038068,-0.7243350314,-0.0796312246
1453,0.1739838617,-0.2365138315,-0.0625299698
1454,0.0264485172,-0.0822194125,-0.0557708953
1455,0.2921866585,-0.3596497608,-0.0674631023
1456,0.8133080723,-0.8973978402,-0.0840897679
1457,1.3410081158,-1.4330795312,-0.0920714154
1458,1.7202264905,-1.8114597739,-0.0912332834
1459,1.9210451356,-2.0078516843,-0.0868065488
1460,1.9796311726,-2.0619786090,-0.0823474365
1461,1.9455685188,-2.0246092539,-0.0790407351
1462,1.8593054428,-1.9362088721,-0.0769034293
1463,1.7480986406,-1.8237261200,-0.0756274794
1464,1.6285087373,-1.7034188964,-0.0749101591
1465,1.5098691690,-1.5844015501,-0.0745323811
1466,1.3970376920,-1.4713906344,-0.0743529424
1467,1.2922401296,-1.3665258809,-0.0742857513
1468,1.1962152917,-1.2704951686,-0.0742798769
1469,1.1088976090,-1.1832033753,-0.0743057663
1470,1.0298137423,-1.1041602955,-0.0743465532
1471,0.9583080855,-1.0327008865,-0.0743928010
1472,0.8936678090,-0.9681071963,-0.0744393873
1473,0.8351896539,-0.9096733284,-0.0744836744
1474,0.7822133383,-0.8567377782,-0.0745244399
1475,0.7341361020,-0.8086973549,-0.0745612528
1476,0.6904168388,-0.7650109507,-0.0745941119
1477,0.6505746970,-0.7251979326,-0.0746232356
1478,0.6141849491,-0.6888338922,-0.0746489430
1479,0.5808737130,-0.6555452996,-0.0746715866
1480,0.5503123967,-0.6250039123,-0.0746915155
1481,0.5222123285,-0.5969213862,-0.0747090577
1482,0.4963197957,-0.5710443066,-0.0747245109
1483,0.4724115829,-0.5471497235,-0.0747381407
1484,0.4502910244,-0.5250412053,-0.0747501809
1485,0.4297845499,-0.5045453855,-0.0747608356
1486,0.4107386798,-0.4855089623,-0.0747702825
1487,0.3930174249,-0.4677961000,-0.0747786751
1488,0.3765000391,-0.4512861856,-0.0747861465
1489,0.3610790807,-0.4358718924,-0.0747928117
1490,0.3466587401,-0.4214575102,-0.0747987701
1491,0.3331533962,-0.4079575038,-0.0748041077
1492,0.3204863694,-0.3952952684,-0.0748088990
1493,0.3085888436,-0.3834020522,-0.0748132086
1494,0.2973989318,-0.3722160245,-0.0748170927
1495,0.2868608659,-0.3616814659,-0.0748206000
1496,0.2769242923,-0.3517480654,-0.0748237731
1497,0.2675436584,-0.3423703075,-0.0748266491
1498,0.2586776774,-0.3335069380,-0.0748292606
1499,0.2502888609,-0.3251204969,-0.0748316360
1500,0.2423431083,-0.3171769087,-0.0748338004
1501,0.2348093477,-0.3096451234,-0.0748357757
1502,0.2276592192,-0.3024968006,-0.0748375814
1503,0.2208667961,-0.2957060307,-0.0748392346
1504,0.2144083390,-0.2892490894,-0.0748407504
1505,0.2082620775,-0.2831042199,-0.0748421424
1506,0.2024080178,-0.2772514402,-0.0748434224
1507,0.1968277708,-0.2716723720,-0.0748446012
1508,0.1915044001,-0.2663500882,-0.0748456881
1509,0.1864222856,-0.2612689772,-0.0748466916
1510,0.1815670026,-0.2564146219,-0.0748476193
1511,0.1769252131,-0.2517736912,-0.0748484780
1512,0.1724845690,-0.2473338428,-0.0748492738
1513,0.1682336243,-0.2430836364,-0.0748500121
1514,0.1641617573,-0.2390124551,-0.0748506978
1515,0.1602590997,-0.2351104352,-0.0748513355
1516,0.1565164736,-0.2313684025,-0.0748519290
1517,0.1529253332,-0.2277778152,-0.0748524820
1518,0.1494777140,-0.2243307118,-0.0748529978
1519,0.1461661849,-0.2210196643,-0.0748534794
1520,0.1429838062,-0.2178377356,-0.0748539294
1521,0.1399240908,-0.2147784411,-0.0748543503
1522,0.1369809689,-0.2118357133,-0.0748547444
1523,0.1341487562,-0.2090038698,-0.0748551136
1524,0.1314221248,-0.2062775847,-0.0748554599
1525,0.1287960763,-0.2036518613,-0.0748557849
1526,0.1262659181,-0.2011220084,-0.0748560902
1527,0.1238272404,-0.1986836177,-0.0748563772
1528,0.1214758966,-0.1963325438,-0.0748566472
1529,0.1192079841,-0.1940648855,-0.0748569014
1530,0.1170198276,-0.1918769685,-0.0748571409
1531,0.1149079630,-0.1897653297,-0.0748573667
1532,0.1128691234,-0.1877267031,-0.0748575797
1533,0.1109002255,-0.1857580063,-0.0748577808
1534,0.1089983573,-0.1838563280,-0.0748579707
1535,0.1071607670,-0.1820189172,-0.0748581503
1536,0.1053848524,-0.1802431724,-0.0748583201
1537,0.1036681514,-0.1785266322,-0.0748584808
1538,0.1020083330,-0.1768669659,-0.0748586330
1539,0.1004031891,-0.1752619662,-0.0748587771
1540,0.0988506267,-0.1737095405,-0.0748589138
1541,0.0973486612,-0.1722077046,-0.0748590434
1542,0.0958954093,-0.1707545757,-0.0748591664
1543,0.0944890832,-0.1693483664,-0.0748592832
1544,0.0931279851,-0.1679873792,-0.0748593941
1545,0.0918105015,-0.1666700009,-0.0748594995
1546,0.0905350985,-0.1653946981,-0.0748595996
1547,0.0893003173,-0.1641600122,-0.0748596949
1548,0.0881047697,-0.1629645553,-0.0748597856
1549,0.0869471345,-0.1618070064,-0.0748598719
1550,0.0858261534,-0.1606861074,-0.0748599540
1551,0.0847406276,-0.1596006599,-0.0748600323
1552,0.0836894150,-0.1585495218,-0.0748601069
1553,0.0826714263,-0.1575316042,-0.0748601780
1554,0.0816856231,-0.1565458688,-0.0748602457
1555,0.0807310146,-0.1555913250,-0.0748603104
1556,0.0798066554,-0.1546670275,-0.0748603721
1557,0.0789116431,-0.1537720741,-0.0748604309
1558,0.0780451161,-0.1529056032,-0.0748604871
1559,0.0772062516,-0.1520667923,-0.0748605407
1560,0.0763942633,-0.1512548553,-0.0748605919
1561,0.0756084005,-0.1504690413,-0.0748606409
1562,0.0748479453,-0.1497086329,-0.0748606876
1563,0.0741122117,-0.1489729440,-0.0748607322
1564,0.0734005440,-0.1482613189,-0.0748607749
1565,0.0727123151,-0.1475731308,-0.0748608157
1566,0.0720469255,-0.1469077801,-0.0748608546
1567,0.0714038018,-0.1462646937,-0.0748608919
1568,0.0707823956,-0.1456433231,-0.0748609275
1569,0.0701821826,-0.1450431441,-0.0748609615
1570,0.0696026611,-0.1444636551,-0.0748609940
1571,0.0690433514,-0.1439043765,-0.0748610251
1572,0.0685037946,-0.1433648494,-0.0748610548
1573,0.0679835520,-0.1428446352,-0.0748610832
1574,0.0674822039,-0.1423433142,-0.0748611103
1575,0.0669993493,-0.1418604855,-0.0748611362
1576,0.0665346045,-0.1413957655,-0.0748611609
1577,0.0660876032,-0.1409487877,-0.0748611846
1578,0.0656579950,-0.1405192021,-0.0748612071
1579,0.0652454455,-0.1401066741,-0.0748612286
1580,0.0648496352,-0.1397108843,-0.0748612491
1581,0.0644702593,-0.1393315279,-0.0748612687
1582,0.0641070269,-0.1389683141,-0.0748612873
1583,0.0637596606,-0.1386209656,-0.0748613050
1584,0.0634278961,-0.1382892180,-0.0748613219
1585,0.0631114818,-0.1379728196,-0.0748613379
1586,0.0628101780,-0.1376715311,-0.0748613531
1587,0.0625237572,-0.1373851247,-0.0748613675
1588,0.0622520029,-0.1371133841,-0.0748613812
1589,0.0619947101,-0.1368561042,-0.0748613941
1590,0.0617516841,-0.1366130905,-0.0748614064
1591,0.0615227410,-0.1363841589,-0.0748614179
1592,0.0613077068,-0.1361691355,-0.0748614287
1593,0.0611064175,-0.1359678565,-0.0748614389
1594,0.0609187187,-0.1357801672,-0.0748614485
1595,0.0607444655,-0.1356059229,-0.0748614574
1596,0.0605835218,-0.1354449875,-0.0748614657
1597,0.0604357607,-0.1352972342,-0.0748614735
1598,0.0603010641,-0.1351625447,-0.0748614806
1599,0.0601793224,-0.1350408096,-0.0748614871
1600,0.0600704343,-0.1349319275,-0.0748614931
1601,0.0599743069,-0.1348358055,-0.0748614986
1602,0.0598908554,-0.1347523588,-0.0748615035
1603,0.0598200028,-0.1346815106,-0.0748615078
1604,0.0597616802,-0.1346231918,-0.0748615116
1605,0.0597158264,-0.1345773413,-0.0748615149
1606,0.0596823878,-0.1345439055,-0.0748615177
1607,0.0596613184,-0.1345228384,-0.0748615200
1608,0.0596525798,-0.1345141015,-0.0748615217
1609,0.0596561410,-0.1345176640,-0.0748615229
1610,0.0596719785,-0.1345335022,-0.0748615237
1611,0.0597000760,-0.1345615999,-0.0748615239
1612,0.0597404246,-0.1346019483,-0.0748615236
1613,0.0597930229,-0.1346545458,-0.0748615229
1614,0.0598578766,-0.1347193982,-0.0748615216
1615,0.0599349988,-0.1347965186,-0.0748615198
1616,0.0600244100,-0.1348859276,-0.0748615175
1617,0.0601261380,-0.1349876528,-0.0748615147
1618,0.0602402180,-0.1351017294,-0.0748615114
1619,0.0603666926,-0.1352282002,-0.0748615076
1620,0.0605056119,-0.1353671152,-0.0748615033
1621,0.0606570337,-0.1355185321,-0.0748614984
1622,0.0608210232,-0.1356825162,-0.0748614930
1623,0.0609976536,-0.1358591406,-0.0748614871
1624,0.0611870056,-0.1360484862,-0.0748614806
1625,0.0613891681,-0.1362506417,-0.0748614735
1626,0.0616042380,-0.1364657040,-0.0748614659
1627,0.0618323203,-0.1366937781,-0.0748614577
1628,0.0620735285,-0.1369349774,-0.0748614490
1629,0.0623279843,-0.1371894239,-0.0748614396
1630,0.0625958184,-0.1374572480,-0.0748614296
1631,0.0628771702,-0.1377385892,-0.0748614190
1632,0.0631721882,-0.1380335960,-0.0748614078
1633,0.0634810302,-0.1383424260,-0.0748613958
1634,0.0638038634,-0.1386652467,-0.0748613833
1635,0.0641408649,-0.1390022349,-0.0748613700
1636,0.0644922218,-0.1393535777,-0.0748613560
1637,0.0648581313,-0.1397194725,-0.0748613412
1638,0.0652388015,-0.1401001273,-0.0748613258
1639,0.0656344513,-0.1404957608,-0.0748613095
1640,0.0660453108,-0.1409066032,-0.0748612924
1641,0.0664716219,-0.1413328964,-0.0748612745
1642,0.0669136382,-0.1417748939,-0.0748612557
1643,0.0673716261,-0.1422328621,-0.0748612360
1644,0.0678458645,-0.1427070799,-0.0748612154
1645,0.0683366457,-0.1431978396,-0.0748611939
1646,0.0688442761,-0.1437054474,-0.0748611713
1647,0.0693690758,-0.1442302235,-0.0748611477
1648,0.0699113802,-0.1447725033,-0.0748611231
1649,0.0704715399,-0.1453326373,-0.0748610973
1650,0.0710499217,-0.1459109921,-0.0748610704
1651,0.0716469087,-0.1465079510,-0.0748610422
1652,0.0722629018,-0.1471239146,-0.0748610128
1653,0.0728983195,-0.1477593016,-0.0748609821
1654,0.0735535994,-0.1484145494,-0.0748609500
1655,0.0742291987,-0.1490901152,-0.0748609165
1656,0.0749255950,-0.1497864764,-0.0748608815
1657,0.0756432873,-0.1505041322,-0.0748608449
1658,0.0763827970,-0.1512436037,-0.0748608067
1659,0.0771446690,-0.1520054357,-0.0748607668
1660,0.0779294723,-0.1527901973,-0.0748607251
1661,0.0787378017,-0.1535984832,-0.0748606815
1662,0.0795702789,-0.1544309149,-0.0748606359
1663,0.0804275537,-0.1552881420,-0.0748605883
1664,0.0813103051,-0.1561708436,-0.0748605385
1665,0.0822192432,-0.1570797297,-0.0748604865
1666,0.0831551108,-0.1580155429,-0.0748604321
1667,0.0841186845,-0.1589790596,-0.0748603751
1668,0.0851107770,-0.1599710925,-0.0748603155
1669,0.0861322384,-0.1609924916,-0.0748602531
1670,0.0871839590,-0.1620441468,-0.0748601878
1671,0.0882668706,-0.1631269900,-0.0748601194
1672,0.0893819491,-0.1642419969,-0.0748600478
1673,0.0905302171,-0.1653901897,-0.0748599727
1674,0.0917127459,-0.1665726399,-0.0748598940
1675,0.0929306590,-0.1677904704,-0.0748598114
1676,0.0941851343,-0.1690448591,-0.0748597248
1677,0.0954774077,-0.1703370416,-0.0748596339
1678,0.0968087761,-0.1716683145,-0.0748595385
1679,0.0981806012,-0.1730400394,-0.0748594382
1680,0.0995943134,-0.1744536463,-0.0748593329
1681,0.1010514157,-0.1759106378,-0.0748592221
1682,0.1025534880,-0.1774125936,-0.0748591056
1683,0.1041021922,-0.1789611752,-0.0748589830
1684,0.1056992771,-0.1805581310,-0.0748588540
1685,0.1073465836,-0.1822053016,-0.0748587180
1686,0.1090460509,-0.1839046256,-0.0748585747
1687,0.1107997226,-0.1856581463,-0.0748584236
1688,0.1126097538,-0.1874680180,-0.0748582642
1689,0.1144784178,-0.1893365137,-0.0748580959
1690,0.1164081147,-0.1912660329,-0.0748579181
1691,0.1184013796,-0.1932591098,-0.0748577302
1692,0.1204608916,-0.1953184231,-0.0748575315
1693,0.1225894844,-0.1974468056,-0.0748573212
1694,0.1247901563,-0.1996472548,-0.0748570985
1695,0.1270660827,-0.2019229452,-0.0748568624
1696,0.1294206282,-0.2042772404,-0.0748566122
1697,0.1318573607,-0.2067137072,-0.0748563465
1698,0.1343800662,-0.2092361307,-0.0748560645
1699,0.1369927653,-0.2118485300,-0.0748557647
1700,0.1396997309,-0.2145551767,-0.0748554458
1701,0.1425055073,-0.2173606137,-0.0748551064
1702,0.1454149317,-0.2202696765,-0.0748547448
1703,0.1484331571,-0.2232875164,-0.0748543592
1704,0.1515656777,-0.2264196255,-0.0748539478
1705,0.1548183563,-0.2296718646,-0.0748535083
1706,0.1581974548,-0.2330504933,-0.0748530385
1707,0.1617096678,-0.2365622036,-0.0748525357
1708,0.1653621586,-0.2402141558,-0.0748519972
1709,0.1691626001,-0.2440140199,-0.0748514198
1710,0.1731192188,-0.2479700189,-0.0748508001
1711,0.1772408441,-0.2520909784,-0.0748501343
1712,0.1815369627,-0.2563863808,-0.0748494181
1713,0.1860177778,-0.2608664248,-0.0748486470
1714,0.1906942767,-0.2655420923,-0.0748478156
1715,0.1955783037,-0.2704252221,-0.0748469184
1716,0.2006826427,-0.2755285916,-0.0748459489
1717,0.2060211086,-0.2808660084,-0.0748448998
1718,0.2116086489,-0.2864524123,-0.0748437634
1719,0.2174614581,-0.2923039886,-0.0748425305
1720,0.2235971048,-0.2984382962,-0.0748411913
1721,0.2300346749,-0.3048744095,-0.0748397345
1722,0.2367949320,-0.3116330795,-0.0748381475
1723,0.2439004980,-0.3187369140,-0.0748364160
1724,0.2513760567,-0.3262105806,-0.0748345239
1725,0.2592485837,-0.3340810369,-0.0748324532
1726,0.2675476064,-0.3423777896,-0.0748301832
1727,0.2763054991,-0.3511331897,-0.0748276905
1728,0.2855578179,-0.3603827665,-0.0748249486
1729,0.2953436816,-0.3701656088,-0.0748219272
1730,0.3057062070,-0.3805247986,-0.0748185916
1731,0.3166930053,-0.3915079077,-0.0748149024
1732,0.3283567515,-0.4031675655,-0.0748108140
1733,0.3407558366,-0.4155621111,-0.0748062744
1734,0.3539551184,-0.4287563421,-0.0748012237
1735,0.3680267852,-0.4428223780,-0.0747955927
1736,0.3830513536,-0.4578406554,-0.0747893018
1737,0.3991188201,-0.4739010788,-0.0747822587
1738,0.4163299948,-0.4911043518,-0.0747743570
1739,0.4347980465,-0.5095635198,-0.0747654733
1740,0.4546502943,-0.5294057593,-0.0747554650
1741,0.4760302848,-0.5507744520,-0.0747441672
1742,0.4991002010,-0.5738315905,-0.0747313895
1743,0.5240436497,-0.5987605631,-0.0747169134
1744,0.5510688790,-0.6257693679,-0.0747004889
1745,0.5804124728,-0.6550943059,-0.0746818331
1746,0.6123435611,-0.6870041914,-0.0746606304
1747,0.6471685569,-0.7218050936,-0.0746365367
1748,0.6852363835,-0.7598455748,-0.0746091913
1749,0.7269440581,-0.8015222990,-0.0745782408
1750,0.7727423309,-0.8472857177,-0.0745433868
1751,0.8231407769,-0.8976452477,-0.0745044708
1752,0.8787112237,-0.9531728496,-0.0744616259
1753,0.9400875011,-1.0145030423,-0.0744155412
1754,1.0079579701,-1.0823258890,-0.0743679189
1755,1.0830446571,-1.1573669184,-0.0743222613
1756,1.1660583208,-1.2403435433,-0.0742852224
1757,1.2576110878,-1.3318800090,-0.0742689212
1758,1.3580552462,-1.4323501254,-0.0742948791
1759,1.4671949896,-1.5415956260,-0.0744006365
1760,1.5837826384,-1.6584332155,-0.0746505771
1761,1.7046576783,-1.7798103481,-0.0751526697
1762,1.8233191979,-1.8994004229,-0.0760812250
1763,1.9276776844,-2.0053753725,-0.0776976882
1764,1.9968600304,-2.0771945444,-0.0803345140
1765,1.9976880261,-2.0819250628,-0.0842370367
1766,1.8838385409,-1.9728736198,-0.0890350789
1767,1.6060260234,-1.6986518711,-0.0926258477
1768,1.1474968718,-1.2377543558,-0.0902574840
1769,0.5880207806,-0.6655903713,-0.0775695908
1770,0.1405066400,-0.2009030692,-0.0603964292
1771,0.0476165221,-0.1036677971,-0.0560512750
1772,0.3669899795,-0.4368197876,-0.0698298080
1773,0.9112116463,-0.9973043745,-0.0860927281
1774,1.4313757646,-1.5240611481,-0.0926853835
1775,1.7892820509,-1.8802250460,-0.0909429951
1776,1.9687610994,-2.0550160788,-0.0862549794
1777,2.0114395383,-2.0932928960,-0.0818533578
1778,1.9672791216,-2.0459644120,-0.0786852904
1779,1.8753724490,-1.9520450415,-0.0766725924
1780,1.7614903612,-1.8369763434,-0.0754859822
1781,1.6410545502,-1.7158813891,-0.0748268388
1782,1.5226346068,-1.5971197354,-0.0744851286
1783,1.4106087649,-1.4849361793,-0.0743274144
1784,1.3069133527,-1.3811863885,-0.0742730358
1785,1.2121174487,-1.2863920088,-0.0742745601
1786,1.1260589264,-1.2003635289,-0.0743046025
1787,1.0482117664,-1.1225593819,-0.0743476155
1788,0.9778936161,-1.0522885735,-0.0743949574
1789,0.9143799919,-0.9888219745,-0.0744419826
1790,0.8569645785,-0.9314509169,-0.0744863384
1791,0.8049887659,-0.8795157378,-0.0745269719
1792,0.7578539083,-0.8324174610,-0.0745635526
1793,0.7150241201,-0.7896202576,-0.0745961375
1794,0.6760241101,-0.7506490885,-0.0746249784
1795,0.6404346267,-0.7150850392,-0.0746504125
1796,0.6078869556,-0.6825597573,-0.0746728016
1797,0.5780572628,-0.6527497617,-0.0746924989
1798,0.5506611896,-0.6253710226,-0.0747098330
1799,0.5254488967,-0.6001739979,-0.0747251012
1800,0.5022006274,-0.5769391946,-0.0747385672
1801,0.4807227950,-0.5554732580,-0.0747504629
1802,0.4608445663,-0.5356055568,-0.0747609905
1803,0.4424148957,-0.5171852099,-0.0747703142
1804,0.4252999601,-0.5000785680,-0.0747786080
1805,0.4093809451,-0.4841669371,-0.0747859920
1806,0.3945521362,-0.4693447160,-0.0747925798
1807,0.3807192723,-0.4555177416,-0.0747984693
1808,0.3677981259,-0.4426018714,-0.0748037455
1809,0.3557132764,-0.4305217580,-0.0748084817
1810,0.3443970496,-0.4192097911,-0.0748127416
1811,0.3337885992,-0.4086051797,-0.0748165805
1812,0.3238331100,-0.3986531567,-0.0748200466
1813,0.3144811051,-0.3893042870,-0.0748231818
1814,0.3056878429,-0.3805138657,-0.0748260228
1815,0.2974127909,-0.3722413925,-0.0748286016
1816,0.2896191656,-0.3644501119,-0.0748309462
1817,0.2822735296,-0.3571066110,-0.0748330815
1818,0.2753454377,-0.3501804666,-0.0748350290
1819,0.2688071260,-0.3436439338,-0.0748368079
1820,0.2626332377,-0.3374716728,-0.0748384351
1821,0.2568005810,-0.3316405066,-0.0748399256
1822,0.2512879152,-0.3261292079,-0.0748412927
1823,0.2460757608,-0.3209183089,-0.0748425481
1824,0.2411462310,-0.3159899333,-0.0748437024
1825,0.2364828822,-0.3113276469,-0.0748447647
1826,0.2320705802,-0.3069163239,-0.0748457436
1827,0.2278953814,-0.3027420279,-0.0748466465
1828,0.2239444261,-0.2987919061,-0.0748474800
1829,0.2202058432,-0.2950540933,-0.0748482501
1830,0.2166686649,-0.2915176272,-0.0748489622
1831,0.2133227500,-0.2881723712,-0.0748496212
1832,0.2101587146,-0.2850089459,-0.0748502313
1833,0.2071678702,-0.2820186668,-0.0748507966
1834,0.2043421680,-0.2791934885,-0.0748513205
1835,0.2016741476,-0.2765259539,-0.0748518063
1836,0.1991568920,-0.2740091489,-0.0748522569
1837,0.1967839861,-0.2716366609,-0.0748526749
1838,0.1945494790,-0.2694025417,-0.0748530626
1839,0.1924478507,-0.2673012730,-0.0748534223
1840,0.1904739807,-0.2653277366,-0.0748537558
1841,0.1886231205,-0.2634771856,-0.0748540651
1842,0.1868908682,-0.2617452198,-0.0748543516
1843,0.1852731453,-0.2601277622,-0.0748546169
1844,0.1837661762,-0.2586210384,-0.0748548622
1845,0.1823664685,-0.2572215574,-0.0748550889
1846,0.1810707966,-0.2559260946,-0.0748552979
1847,0.1798761854,-0.2547316757,-0.0748554904
1848,0.1787798960,-0.2536355631,-0.0748556672
1849,0.1777794133,-0.2526352424,-0.0748558291
1850,0.1768724339,-0.2517284108,-0.0748559768
1851,0.1760568558,-0.2509129669,-0.0748561112
1852,0.1753307683,-0.2501870009,-0.0748562326
1853,0.1746924442,-0.2495487860,-0.0748563418
1854,0.1741403316,-0.2489967707,-0.0748564391
1855,0.1736730469,-0.2485295720,-0.0748565250
1856,0.1732893695,-0.2481459694,-0.0748565999
1857,0.1729882353,-0.2478448994,-0.0748566641
1858,0.1727687331,-0.2476254510,-0.0748567179
1859,0.1726301000,-0.2474868615,-0.0748567615
1860,0.1725717182,-0.2474285134,-0.0748567951
1861,0.1725931124,-0.2474499313,-0.0748568189
1862,0.1726939471,-0.2475507801,-0.0748568330
1863,0.1728740257,-0.2477308631,-0.0748568374
1864,0.1731332890,-0.2479901212,-0.0748568322
1865,0.1734718146,-0.2483286319,-0.0748568174
1866,0.1738898173,-0.2487466102,-0.0748567929
1867,0.1743876496,-0.2492444082,-0.0748567587
1868,0.1749658025,-0.2498225171,-0.0748567146
1869,0.1756249077,-0.2504815682,-0.0748566606
1870,0.1763657394,-0.2512223356,-0.0748565963
1871,0.1771892175,-0.2520457500,-0.0748565325
1872,0.1780964108,-0.2529528578,-0.0748564470
1873,0.1790885412,-0.2539448916,-0.0748563504
1874,0.1801669884,-0.2550232308,-0.0748562424
1875,0.1813332953,-0.2561894178,-0.0748561225
1876,0.1825891742,-0.2574451645,-0.0748559902
1877,0.1839365137,-0.2587923587,-0.0748558450
1878,0.1853773864,-0.2602330727,-0.0748556863
1879,0.1869140578,-0.2617695711,-0.0748555134
1880,0.1885489953,-0.2634043208,-0.0748553255
1881,0.1902848798,-0.2651400016,-0.0748551218
1882,0.1921246164,-0.2669795179,-0.0748549015
1883,0.1940713480,-0.2689260115,-0.0748546635
1884,0.1961284694,-0.2709828761,-0.0748544067
1885,0.1982996431,-0.2731537729,-0.0748541299
1886,0.2005888162,-0.2754426479,-0.0748538317
1887,0.2030002400,-0.2778537507,-0.0748535107
1888,0.2055384903,-0.2803916557,-0.0748531654
1889,0.2082084909,-0.2830612847,-0.0748527938
1890,0.2110155384,-0.2858679325,-0.0748523941
1891,0.2139653304,-0.2888172944,-0.0748519640
1892,0.2170639959,-0.2919154972,-0.0748515013
1893,0.2203181293,-0.2951691326,-0.0748510034
1894,0.2237348273,-0.2985852945,-0.0748504672
1895,0.2273217305,-0.3021716202,-0.0748498897
1896,0.2310870682,-0.3059363356,-0.0748492673
1897,0.2350397093,-0.3098883055,-0.0748485962
1898,0.2391892175,-0.3140370893,-0.0748478719
1899,0.2435459129,-0.3183930026,-0.0748470897
1900,0.2481209411,-0.3229671853,-0.0748462442
1901,0.2529263485,-0.3277716781,-0.0748453296
1902,0.2579751678,-0.3328195069,-0.0748443391
1903,0.2632815120,-0.3381247774,-0.0748432655
1904,0.2688606800,-0.3437027804,-0.0748421003
1905,0.2747292749,-0.3495701094,-0.0748408345
1906,0.2809053354,-0.3557447930,-0.0748394576
1907,0.2874084849,-0.3622464428,-0.0748379579
1908,0.2942600976,-0.3690964200,-0.0748363223
1909,0.3014834863,-0.3763180224,-0.0748345361
1910,0.3091041140,-0.3839366964,-0.0748325824
1911,0.3171498330,-0.3919802755,-0.0748304425
1912,0.3256511557,-0.4004792506,-0.0748280948
1913,0.3346415620,-0.4094670771,-0.0748255151
1914,0.3441578480,-0.4189805235,-0.0748226755
1915,0.3542405241,-0.4290600685,-0.0748195444
1916,0.3649342684,-0.4397503542,-0.0748160858
1917,0.3762884457,-0.4511007039,-0.0748122582
1918,0.3883577022,-0.4631657164,-0.0748080142
1919,0.4012026475,-0.4760059469,-0.0748032994
1920,0.4148906401,-0.4896886910,-0.0747980509
1921,0.4294966918,-0.5042888883,-0.0747921965
1922,0.4451045117,-0.5198901643,-0.0747856526
1923,0.4618077140,-0.5365860367,-0.0747783227
1924,0.4797112151,-0.5544813102,-0.0747700950
1925,0.4989328539,-0.5736936945,-0.0747608406
1926,0.5196052700,-0.5943556796,-0.0747504097
1927,0.5418780822,-0.6166167119,-0.0747386297
1928,0.5659204129,-0.6406457145,-0.0747253016
1929,0.5919238082,-0.6666340050,-0.0747101968
1930,0.6201056029,-0.6947986579,-0.0746930550
1931,0.6507127780,-0.7253863604,-0.0746735824
1932,0.6840263414,-0.7586777948,-0.0746514534
1933,0.7203662321,-0.7949925484,-0.0746263162
1934,0.7600966873,-0.8346944957,-0.0745978084
1935,0.8036318961,-0.8781974826,-0.0745655865
1936,0.8514415627,-0.9259709459,-0.0745293832
1937,0.9040556451,-0.9785447547,-0.0744891096
1938,0.9620669207,-1.0365119568,-0.0744450362
1939,1.0261289747,-1.1005270808,-0.0743981061
1940,1.0969453878,-1.1712958662,-0.0743504784
1941,1.1752427916,-1.2495492517,-0.0743064601
1942,1.2617151273,-1.3359892348,-0.0742741075
1943,1.3569173571,-1.4311853203,-0.0742679632
1944,1.4610715019,-1.5353852027,-0.0743137008
1945,1.5737223898,-1.6481782726,-0.0744558829
1946,1.6931399163,-1.7679104054,-0.0747704891
1947,1.8153055806,-1.8906893257,-0.0753837451
1948,1.9322532844,-2.0087491876,-0.0764959033
1949,2.0295184535,-2.1079149370,-0.0783964834
1950,2.0827014416,-2.1641214549,-0.0814200133
1951,2.0542701613,-2.1399724999,-0.0857023386
1952,1.8949352386,-1.9854107947,-0.0904755561
1953,1.5601402257,-1.6529634517,-0.0928232261
1954,1.0558454329,-1.1432810239,-0.0874355910
1955,0.5042298675,-0.5761664929,-0.0719366254
1956,0.1476201470,-0.2044807869,-0.0568606399
1957,0.1928280202,-0.2517237649,-0.0588957447
1958,0.6129033871,-0.6884527961,-0.0755494090
1959,1.1753241369,-1.2646901357,-0.0893659988
1960,1.6547260265,-1.7475111736,-0.0927851472
1961,1.9561887291,-2.0457718406,-0.0895831116
1962,2.0890112708,-2.1737737826,-0.0847625118
1963,2.1012562504,-2.1819694118,-0.0807131614
1964,2.0405011859,-2.1184372826,-0.0779360968
1965,1.9415310456,-2.0177498571,-0.0762188115
1966,1.8264791678,-1.9017048879,-0.0752257201
1967,1.7082728206,-1.7829575034,-0.0746846828
1968,1.5939272696,-1.6683393126,-0.0744120430
1969,1.4869046890,-1.5611980692,-0.0742933802
1970,1.3886240603,-1.4628843110,-0.0742602507
1971,1.2993756710,-1.3736483389,-0.0742726680
1972,1.2188576620,-1.2931653302,-0.0743076682
1973,1.1464837407,-1.2208360325,-0.0743522918
1974,1.0815557459,-1.1559551442,-0.0743993983
1975,1.0233575740,-1.0978027794,-0.0744452054
1976,0.9712038680,-1.0456917191,-0.0744878511
1977,0.9244630114,-0.9989895672,-0.0745265558
1978,0.8825657908,-0.9571269263,-0.0745611355
1979,0.8450063010,-0.9195980215,-0.0745917206
1980,0.8113388721,-0.8859574662,-0.0746185941
1981,0.7811731684,-0.8558152686,-0.0746421002
1982,0.7541686546,-0.8288312486,-0.0746625940
1983,0.7300290807,-0.8047094955,-0.0746804148
1984,0.7084973120,-0.7831931852,-0.0746958732
1985,0.6893506547,-0.7640599012,-0.0747092464
1986,0.6723967240,-0.7471175011,-0.0747207771
1987,0.6574698481,-0.7322005232,-0.0747306751
1988,0.6444279756,-0.7191670955,-0.0747391199
1989,0.6331500413,-0.7078963046,-0.0747462633
1990,0.6235337430,-0.6982859757,-0.0747522327
1991,0.6154936850,-0.6902508181,-0.0747571331
1992,0.6089598470,-0.6837208969,-0.0747610499
1993,0.6038763433,-0.6786403939,-0.0747640506
1994,0.6002004434,-0.6749666299,-0.0747661865
1995,0.5979018300,-0.6726693236,-0.0747674936
1996,0.5969620757,-0.6717300698,-0.0747679941
1997,0.5973743270,-0.6721420230,-0.0747676960
1998,0.5991431861,-0.6739097802,-0.0747665942
1999,0.6022847882,-0.6770494580,-0.0747646699
2000,0.6068270769,-0.6815889671,-0.0747618902
2001,0.6128102831,-0.6875684905,-0.0747582074
2002,0.6202876197,-0.6950411775,-0.0747535579
2003,0.6293262093,-0.7040740699,-0.0747478605
2004,0.6400082667,-0.7147492818,-0.0747410151
2005,0.6524325637,-0.7271654635,-0.0747328998
2006,0.6667162106,-0.7414395796,-0.0747233690
2007,0.6829967927,-0.7577090429,-0.0747122502
2008,0.7014349050,-0.7761342467,-0.0746993418
2009,0.7222171308,-0.7969015407,-0.0746844099
2010,0.7455595083,-0.8202266958,-0.0746671875
2011,0.7717115179,-0.8463588922,-0.0746473743
2012,0.8009606007,-0.8755852423,-0.0746246416
2013,0.8336371679,-0.9082358110,-0.0745986432
2014,0.8701199700,-0.9446890098,-0.0745690398
2015,0.9108415297,-0.9853770745,-0.0745355448
2016,0.9562930517,-1.0307910584,-0.0744980068
2017,1.0070277220,-1.0814842790,-0.0744565570
2018,1.0636604472,-1.1380723117,-0.0744118645
2019,1.1268606018,-1.2012261794,-0.0743655776
2020,1.1973318265,-1.2716529088,-0.0743210822
2021,1.2757685897,-1.3500533909,-0.0742848012
2022,1.3627718532,-1.4370402674,-0.0742684142
2023,1.4586936959,-1.5329863248,-0.0742926289
2024,1.5633599186,-1.6377534257,-0.0743935071
2025,1.6755860056,-1.7502188080,-0.0746328025
2026,1.7923510307,-1.8674649827,-0.0751139520
2027,1.9074290419,-1.9834329505,-0.0760039086
2028,2.0092325484,-2.0867861458,-0.0775535974
2029,2.0777352581,-2.1578202285,-0.0800849703
2030,2.0810224305,-2.1648701941,-0.0838477636
2031,1.9742193180,-2.0627518672,-0.0885325492
2032,1.7085408865,-1.8007597670,-0.0922188805
2033,1.2641311722,-1.3545499888,-0.0904188166
2034,0.7113893190,-0.7900341465,-0.0786448275
2035,0.2514559804,-0.3130970515,-0.0616410711
2036,0.1267319785,-0.1827289291,-0.0559969505
2037,0.4123199861,-0.4808355847,-0.0685155986
2038,0.9385659323,-1.0234400695,-0.0848741372
2039,1.4583211436,-1.5505397530,-0.0922186094
2040,1.8247088534,-1.9157234487,-0.0910145953
2041,2.0137322740,-2.1002458969,-0.0865136229
2042,2.0635470957,-2.1456553333,-0.0821082376
2043,2.0235626843,-2.1024405167,-0.0788778324
2044,1.9334342133,-2.0102363948,-0.0768021815
2045,1.8196743062,-1.8952422245,-0.0755679184
2046,1.6983109761,-1.7731875176,-0.0748765415
2047,1.5783374526,-1.6528516368,-0.0745141843
2048,1.4644070176,-1.5387506490,-0.0743436314
2049,1.3586274402,-1.4329088583,-0.0742814182
2050,1.2616717521,-1.3359499876,-0.0742782355
2051,1.1734392993,-1.2477448003,-0.0743055010
2052,1.0934392960,-1.1677862149,-0.0743469189
2053,1.0210086105,-1.0954019961,-0.0743933855
2054,0.9554323115,-1.0298722823,-0.0744399709
2055,0.8960078704,-0.9704920178,-0.0744841475
2056,0.8420770913,-0.9166018465,-0.0745247552
2057,0.7930398314,-0.8676012290,-0.0745613976
2058,0.7483576834,-0.8229517749,-0.0745940915
2059,0.7075523461,-0.7821754106,-0.0746230645
2060,0.6702013863,-0.7448500256,-0.0746486392
2061,0.6359329216,-0.7106040905,-0.0746711689
2062,0.6044200641,-0.6791110662,-0.0746910021
2063,0.5753755692,-0.6500840341,-0.0747084649
2064,0.5485469008,-0.6232707544,-0.0747238536
2065,0.5237117989,-0.5984492306,-0.0747374317
2066,0.5006743615,-0.5754237928,-0.0747494313
2067,0.4792616165,-0.5540216716,-0.0747600551
2068,0.4593205424,-0.5340900214,-0.0747694790
2069,0.4407154886,-0.5154933441,-0.0747778555
2070,0.4233259467,-0.4981112633,-0.0747853166
2071,0.4070446284,-0.4818366048,-0.0747919764
2072,0.3917758066,-0.4665737399,-0.0747979334
2073,0.3774338831,-0.4522371561,-0.0748032730
2074,0.3639421524,-0.4387502215,-0.0748080691
2075,0.3512317313,-0.4260441171,-0.0748123859
2076,0.3392406320,-0.4140569110,-0.0748162790
2077,0.3279129579,-0.4027327548,-0.0748197969
2078,0.3171982042,-0.3920211860,-0.0748229818
2079,0.3070506489,-0.3818765196,-0.0748258707
2080,0.2974288210,-0.3722573169,-0.0748284959
2081,0.2882950361,-0.3631259217,-0.0748308855
2082,0.2796149890,-0.3544480537,-0.0748330647
2083,0.2713573959,-0.3461924509,-0.0748350551
2084,0.2634936801,-0.3383305561,-0.0748368761
2085,0.2559976947,-0.3308362394,-0.0748385447
2086,0.2488454778,-0.3236855539,-0.0748400761
2087,0.2420150356,-0.3168565192,-0.0748414836
2088,0.2354861505,-0.3103289297,-0.0748427792
2089,0.2292402103,-0.3040841836,-0.0748439733
2090,0.2232600566,-0.2981051321,-0.0748450755
2091,0.2175298492,-0.2923759434,-0.0748460942
2092,0.2120349453,-0.2868819822,-0.0748470369
2093,0.2067617915,-0.2816097019,-0.0748479104
2094,0.2016978267,-0.2765465474,-0.0748487207
2095,0.1968313953,-0.2716808686,-0.0748494733
2096,0.1921516690,-0.2670018422,-0.0748501732
2097,0.1876485763,-0.2624994010,-0.0748508247
2098,0.1833127393,-0.2581641711,-0.0748514318
2099,0.1791354160,-0.2539874142,-0.0748519982
2100,0.1751084488,-0.2499609759,-0.0748525271
2101,0.1712242174,-0.2460772390,-0.0748530216
2102,0.1674755963,-0.2423290805,-0.0748534842
2103,0.1638559159,-0.2387098335,-0.0748539175
2104,0.1603589278,-0.2352132516,-0.0748543238
2105,0.1569787722,-0.2318334771,-0.0748547049
2106,0.1537099492,-0.2285650121,-0.0748550629
2107,0.1505472918,-0.2254026912,-0.0748553993
2108,0.1474859419,-0.2223416578,-0.0748557159
2109,0.1445213277,-0.2193773416,-0.0748560139
2110,0.1416491434,-0.2165054380,-0.0748562946
2111,0.1388653304,-0.2137218898,-0.0748565594
2112,0.1361660605,-0.2110228698,-0.0748568092
2113,0.1335477196,-0.2084047648,-0.0748570452
2114,0.1310068934,-0.2058641615,-0.0748572682
2115,0.1285403539,-0.2033978330,-0.0748574791
2116,0.1261450475,-0.2010027262,-0.0748576786
2117,0.1238180830,-0.1986759506,-0.0748578676
2118,0.1215567214,-0.1964147681,-0.0748580467
2119,0.1193583662,-0.1942165827,-0.0748582165
2120,0.1172205543,-0.1920789320,-0.0748583777
2121,0.1151409479,-0.1899994785,-0.0748585306
2122,0.1131173263,-0.1879760023,-0.0748586760
2123,0.1111475793,-0.1860063934,-0.0748588141
2124,0.1092297001,-0.1840886456,-0.0748589455
2125,0.1073617794,-0.1822208499,-0.0748590705
2126,0.1055419995,-0.1804011890,-0.0748591895
2127,0.1037686290,-0.1786279319,-0.0748593029
2128,0.1020400178,-0.1768994288,-0.0748594110
2129,0.1003545924,-0.1752141065,-0.0748595140
2130,0.0987108518,-0.1735704641,-0.0748596124
2131,0.0971073629,-0.1719670691,-0.0748597062
2132,0.0955427575,-0.1704025534,-0.0748597959
2133,0.0940157281,-0.1688756096,-0.0748598815
2134,0.0925250248,-0.1673849882,-0.0748599634
2135,0.0910694524,-0.1659294941,-0.0748600417
2136,0.0896478672,-0.1645079839,-0.0748601166
2137,0.0882591746,-0.1631193629,-0.0748601884
2138,0.0869023260,-0.1617625830,-0.0748602570
2139,0.0855763171,-0.1604366399,-0.0748603228
2140,0.0842801851,-0.1591405710,-0.0748603859
2141,0.0830130070,-0.1578734534,-0.0748604464
2142,0.0817738972,-0.1566344016,-0.0748605044
2143,0.0805620059,-0.1554225659,-0.0748605600
2144,0.0793765174,-0.1542371308,-0.0748606134
2145,0.0782166481,-0.1530773128,-0.0748606647
2146,0.0770816452,-0.1519423592,-0.0748607140
2147,0.0759707854,-0.1508315468,-0.0748607614
2148,0.0748833730,-0.1497441799,-0.0748608069
2149,0.0738187389,-0.1486795896,-0.0748608507
2150,0.0727762396,-0.1476371324,-0.0748608928
2151,0.0717552554,-0.1466161887,-0.0748609333
2152,0.0707551899,-0.1456161622,-0.0748609723
2153,0.0697754685,-0.1446364784,-0.0748610099
2154,0.0688155379,-0.1436765840,-0.0748610461
2155,0.0678748645,-0.1427359455,-0.0748610810
2156,0.0669529341,-0.1418140487,-0.0748611146
2157,0.0660492509,-0.1409103979,-0.0748611470
2158,0.0651633364,-0.1400245147,-0.0748611782
2159,0.0642947292,-0.1391559376,-0.0748612084
2160,0.0634429835,-0.1383042210,-0.0748612375
2161,0.0626076694,-0.1374689350,-0.0748612656
2162,0.0617883714,-0.1366496641,-0.0748612927
2163,0.0609846881,-0.1358460070,-0.0748613189
2164,0.0601962318,-0.1350575760,-0.0748613442
2165,0.0594226276,-0.1342839962,-0.0748613686
2166,0.0586635132,-0.1335249055,-0.0748613923
2167,0.0579185381,-0.1327799533,-0.0748614151
2168,0.0571873634,-0.1320488006,-0.0748614372
2169,0.0564696610,-0.1313311196,-0.0748614586
2170,0.0557651135,-0.1306265927,-0.0748614793
2171,0.0550734136,-0.1299349128,-0.0748614993
2172,0.0543942637,-0.1292557824,-0.0748615186
2173,0.0537273758,-0.1285889132,-0.0748615374
2174,0.0530724707,-0.1279340262,-0.0748615556
2175,0.0524292778,-0.1272908510,-0.0748615732
2176,0.0517975351,-0.1266591253,-0.0748615902
2177,0.0511769884,-0.1260385951,-0.0748616067
2178,0.0505673914,-0.1254290141,-0.0748616227
2179,0.0499685051,-0.1248301434,-0.0748616383
2180,0.0493800978,-0.1242417511,-0.0748616533
2181,0.0488019445,-0.1236636124,-0.0748616679
2182,0.0482338272,-0.1230955092,-0.0748616821
2183,0.0476755339,-0.1225372297,-0.0748616958
2184,0.0471268592,-0.1219885683,-0.0748617091
2185,0.0465876033,-0.1214493254,-0.0748617221
2186,0.0460575725,-0.1209193071,-0.0748617346
2187,0.0455365784,-0.1203983252,-0.0748617468
2188,0.0450244380,-0.1198861967,-0.0748617587
2189,0.0445209737,-0.1193827439,-0.0748617702
2190,0.0440260126,-0.1188877940,-0.0748617814
2191,0.0435393868,-0.1184011790,-0.0748617922
2192,0.0430609331,-0.1179227359,-0.0748618028
2193,0.0425904926,-0.1174523057,-0.0748618131
2194,0.0421279111,-0.1169897232,-0.0748618121
2195,0.0416730383,-0.1165348601,-0.0748618218
2196,0.0412257282,-0.1160875594,-0.0748618312
2197,0.0407858387,-0.1156476790,-0.0748618404
2198,0.0403532313,-0.1152150806,-0.0748618493
2199,0.0399277715,-0.1147896295,-0.0748618580
2200,0.0395093282,-0.1143711946,-0.0748618664
2201,0.0390977738,-0.1139596485,-0.0748618746
2202,0.0386929842,-0.1135548668,-0.0748618826
2203,0.0382948382,-0.1131567286,-0.0748618904
2204,0.0379032181,-0.1127651161,-0.0748618980
2205,0.0375180091,-0.1123799145,-0.0748619054
2206,0.0371390993,-0.1120010119,-0.0748619126
2207,0.0367663798,-0.1116282994,-0.0748619196
2208,0.0363997444,-0.1112616708,-0.0748619264
2209,0.0360390895,-0.1109010226,-0.0748619331
2210,0.0356843144,-0.1105462540,-0.0748619396
2211,0.0353353206,-0.1101972665,-0.0748619459
2212,0.0349920124,-0.1098539644,-0.0748619520
2213,0.0346542960,-0.1095162541,-0.0748619580
2214,0.0343220805,-0.1091840444,-0.0748619639
2215,0.0339952769,-0.1088572465,-0.0748619696
2216,0.0336737985,-0.1085357736,-0.0748619751
2217,0.0333575605,-0.1082195410,-0.0748619805
2218,0.0330464806,-0.1079084664,-0.0748619858
2219,0.0327404780,-0.1076024690,-0.0748619910
2220,0.0324394744,-0.1073014704,-0.0748619960
2221,0.0321433928,-0.1070053937,-0.0748620009
2222,0.0318521586,-0.1067141643,-0.0748620057
2223,0.0315656986,-0.1064277089,-0.0748620103
2224,0.0312839415,-0.1061459563,-0.0748620149
2225,0.0310068176,-0.1058688369,-0.0748620193
2226,0.0307342590,-0.1055962827,-0.0748620237
2227,0.0304661994,-0.1053282273,-0.0748620279
2228,0.0302025738,-0.1050646058,-0.0748620320
2229,0.0299433191,-0.1048053551,-0.0748620361
2230,0.0296883733,-0.1045504133,-0.0748620400
2231,0.0294376762,-0.1042997200,-0.0748620438
2232,0.0291911687,-0.1040532163,-0.0748620476
2233,0.0289487933,-0.1038108446,-0.0748620512
2234,0.0287104937,-0.1035725485,-0.0748620548
2235,0.0284762150,-0.1033382733,-0.0748620583
2236,0.0282459034,-0.1031079651,-0.0748620617
2237,0.0280195064,-0.1028815715,-0.0748620650
2238,0.0277969730,-0.1026590412,-0.0748620683
2239,0.0275782528,-0.1024403243,-0.0748620715
2240,0.0273632971,-0.1022253716,-0.0748620746
2241,0.0271520579,-0.1020141355,-0.0748620776
2242,0.0269444886,-0.1018065692,-0.0748620806
2243,0.0267405435,-0.1016026269,-0.0748620834
2244,0.0265401780,-0.1014022642,-0.0748620863
2245,0.0263433484,-0.1012054374,-0.0748620890
2246,0.0261500121,-0.1010121038,-0.0748620917
2247,0.0259601275,-0.1008222219,-0.0748620943
2248,0.0257736539,-0.1006357508,-0.0748620969
2249,0.0255905515,-0.1004526509,-0.0748620994
2250,0.0254107813,-0.1002728832,-0.0748621019
2251,0.0252343055,-0.1000964098,-0.0748621043
2252,0.0250610868,-0.0999231934,-0.0748621066
2253,0.0248910890,-0.0997531979,-0.0748621089
2254,0.0247242765,-0.0995863876,-0.0748621111
2255,0.0245606147,-0.0994227281,-0.0748621133
2256,0.0244000698,-0.0992621853,-0.0748621154
2257,0.0242426086,-0.0991047262,-0.0748621175
2258,0.0240881988,-0.0989503183,-0.0748621196
2259,0.0239368087,-0.0987989303,-0.0748621215
2260,0.0237884075,-0.0986505310,-0.0748621235
2261,0.0236429649,-0.0985050903,-0.0748621254
2262,0.0235004516,-0.0983625788,-0.0748621272
2263,0.0233608386,-0.0982229676,-0.0748621290
2264,0.0232240979,-0.0980862287,-0.0748621308
2265,0.0230902019,-0.0979523344,-0.0748621325
2266,0.0229591238,-0.0978212580,-0.0748621342
2267,0.0228308373,-0.0976929732,-0.0748621358
2268,0.0227053170,-0.0975674544,-0.0748621374
2269,0.0225825377,-0.0974446767,-0.0748621390
2270,0.0224624750,-0.0973246155,-0.0748621405
2271,0.0223451051,-0.0972072471,-0.0748621420
2272,0.0222304048,-0.0970925483,-0.0748621435
2273,0.0221183513,-0.0969804962,-0.0748621449
2274,0.0220089225,-0.0968710688,-0.0748621463
2275,0.0219020968,-0.0967642444,-0.0748621476
2276,0.0217978530,-0.0966600019,-0.0748621489
2277,0.0216961707,-0.0965583209,-0.0748621502
2278,0.0215970297,-0.0964591811,-0.0748621514
2279,0.0215004105,-0.0963625632,-0.0748621527
2280,0.0214062941,-0.0962684479,-0.0748621538
2281,0.0213146618,-0.0961768168,-0.0748621550
2282,0.0212254957,-0.0960876518,-0.0748621561
2283,0.0211387780,-0.0960009352,-0.0748621572
2284,0.0210544916,-0.0959166499,-0.0748621583
2285,0.0209726198,-0.0958347791,-0.0748621593
2286,0.0208931464,-0.0957553067,-0.0748621603
2287,0.0208160555,-0.0956782168,-0.0748621613
2288,0.0207413318,-0.0956034940,-0.0748621622
2289,0.0206689602,-0.0955311234,-0.0748621632
2290,0.0205989264,-0.0954610905,-0.0748621641
2291,0.0205312162,-0.0953933811,-0.0748621649
2292,0.0204658158,-0.0953279816,-0.0748621658
2293,0.0204027120,-0.0952648786,-0.0748621666
2294,0.0203418920,-0.0952040594,-0.0748621674
2295,0.0202833431,-0.0951455113,-0.0748621681
2296,0.0202270534,-0.0950892223,-0.0748621689
2297,0.0201730111,-0.0950351807,-0.0748621696
2298,0.0201212048,-0.0949833751,-0.0748621703
2299,0.0200716236,-0.0949337946,-0.0748621710
2300,0.0200242570,-0.0948864286,-0.0748621716
2301,0.0199790946,-0.0948412668,-0.0748621722
2302,0.0199361266,-0.0947982995,-0.0748621728
2303,0.0198953436,-0.0947575170,-0.0748621734
2304,0.0198567364,-0.0947189104,-0.0748621740
2305,0.0198202962,-0.0946824707,-0.0748621745
2306,0.0197860146,-0.0946481896,-0.0748621750
2307,0.0197538835,-0.0946160590,-0.0748621755
2308,0.0197238951,-0.0945860710,-0.0748621760
2309,0.0196960420,-0.0945582184,-0.0748621764
2310,0.0196703172,-0.0945324941,-0.0748621768
2311,0.0196467140,-0.0945088912,-0.0748621772
2312,0.0196252258,-0.0944874035,-0.0748621776
2313,0.0196058468,-0.0944680248,-0.0748621780
2314,0.0195885710,-0.0944507493,-0.0748621783
2315,0.0195733932,-0.0944355718,-0.0748621786
2316,0.0195603081,-0.0944224871,-0.0748621789
2317,0.0195493111,-0.0944114903,-0.0748621792
2318,0.0195403977,-0.0944025772,-0.0748621795
2319,0.0195335637,-0.0943957434,-0.0748621797
2320,0.0195288054,-0.0943909853,-0.0748621799
2321,0.0195261192,-0.0943882993,-0.0748621801
2322,0.0195255019,-0.0943876822,-0.0748621803
2323,0.0195269507,-0.0943891312,-0.0748621805
2324,0.0195304630,-0.0943926436,-0.0748621806
2325,0.0195360366,-0.0943982173,-0.0748621807
2326,0.0195436695,-0.0944058503,-0.0748621808
2327,0.0195533601,-0.0944155410,-0.0748621809
2328,0.0195651071,-0.0944272881,-0.0748621810
2329,0.0195789095,-0.0944410905,-0.0748621810
2330,0.0195947665,-0.0944569475,-0.0748621810
2331,0.0196126778,-0.0944748588,-0.0748621810
2332,0.0196326433,-0.0944948243,-0.0748621810
2333,0.0196546632,-0.0945168441,-0.0748621810
2334,0.0196787380,-0.0945409190,-0.0748621809
2335,0.0197048687,-0.0945670495,-0.0748621808
2336,0.0197330563,-0.0945952370,-0.0748621807
2337,0.0197633023,-0.0946254830,-0.0748621806
2338,0.0197956085,-0.0946577890,-0.0748621805
2339,0.0198299770,-0.0946921574,-0.0748621803
2340,0.0198664102,-0.0947285904,-0.0748621802
2341,0.0199049108,-0.0947670907,-0.0748621800
2342,0.0199454817,-0.0948076615,-0.0748621798
2343,0.0199881265,-0.0948503060,-0.0748621795
2344,0.0200328486,-0.0948950279,-0.0748621793
2345,0.0200796522,-0.0949418312,-0.0748621790
2346,0.0201285415,-0.0949907202,-0.0748621787
2347,0.0201795211,-0.0950416995,-0.0748621784
2348,0.0202325960,-0.0950947741,-0.0748621780
2349,0.0202877715,-0.0951499492,-0.0748621777
2350,0.0203450532,-0.0952072305,-0.0748621773
2351,0.0204044470,-0.0952666238,-0.0748621769
2352,0.0204659591,-0.0953281356,-0.0748621765
2353,0.0205295962,-0.0953917723,-0.0748621760
2354,0.0205953653,-0.0954575409,-0.0748621756
2355,0.0206632737,-0.0955254487,-0.0748621751
2356,0.0207333288,-0.0955955034,-0.0748621746
2357,0.0208055389,-0.0956677129,-0.0748621740
2358,0.0208799121,-0.0957420856,-0.0748621735
2359,0.0209564572,-0.0958186301,-0.0748621729
2360,0.0210351832,-0.0958973555,-0.0748621723
2361,0.0211160996,-0.0959782713,-0.0748621717
2362,0.0211992161,-0.0960613872,-0.0748621710
2363,0.0212845429,-0.0961467133,-0.0748621703
2364,0.0213720905,-0.0962342602,-0.0748621696
2365,0.0214618699,-0.0963240388,-0.0748621689
2366,0.0215538922,-0.0964160604,-0.0748621682
2367,0.0216481692,-0.0965103366,-0.0748621674
2368,0.0217447130,-0.0966068796,-0.0748621666
2369,0.0218435360,-0.0967057018,-0.0748621658
2370,0.0219446512,-0.0968068161,-0.0748621649
2371,0.0220480718,-0.0969102358,-0.0748621641
2372,0.0221538115,-0.0970159746,-0.0748621631
2373,0.0222618845,-0.0971240467,-0.0748621622
2374,0.0223723053,-0.0972344665,-0.0748621613
2375,0.0224850889,-0.0973472492,-0.0748621603
2376,0.0226002508,-0.0974624101,-0.0748621593
2377,0.0227178069,-0.0975799651,-0.0748621582
2378,0.0228377734,-0.0976999306,-0.0748621571
2379,0.0229601673,-0.0978223234,-0.0748621560
2380,0.0230850058,-0.0979471607,-0.0748621549
2381,0.0232123067,-0.0980744604,-0.0748621537
2382,0.0233420881,-0.0982042407,-0.0748621525
2383,0.0234743690,-0.0983365202,-0.0748621513
2384,0.0236091684,-0.0984713184,-0.0748621500
2385,0.0237465062,-0.0986086549,-0.0748621487
2386,0.0238864027,-0.0987485501,-0.0748621474
2387,0.0240288787,-0.0988910247,-0.0748621460
2388,0.0241739555,-0.0990361001,-0.0748621446
2389,0.0243216551,-0.0991837983,-0.0748621431
2390,0.0244720000,-0.0993341416,-0.0748621417
2391,0.0246250131,-0.0994871533,-0.0748621401
2392,0.0247807182,-0.0996428568,-0.0748621386
2393,0.0249391396,-0.0998012766,-0.0748621370
2394,0.0251003019,-0.0999624373,-0.0748621354
2395,0.0252642308,-0.1001263645,-0.0748621337
2396,0.0254309523,-0.1002930843,-0.0748621319
2397,0.0256004932,-0.1004626234,-0.0748621302
2398,0.0257728809,-0.1006350093,-0.0748621284
2399,0.0259481435,-0.1008102700,-0.0748621265
2400,0.0261263097,-0.1009884343,-0.0748621246
2401,0.0263074091,-0.1011695318,-0.0748621227
2402,0.0264914719,-0.1013535926,-0.0748621207
2403,0.0266785290,-0.1015406476,-0.0748621186
2404,0.0268686121,-0.1017307286,-0.0748621165
2405,0.0270617537,-0.1019238681,-0.0748621144
2406,0.0272579871,-0.1021200992,-0.0748621122
2407,0.0274573462,-0.1023194561,-0.0748621099
2408,0.0276598661,-0.1025219737,-0.0748621076
2409,0.0278655823,-0.1027276876,-0.0748621052
2410,0.0280745316,-0.1029366344,-0.0748621028
2411,0.0282867514,-0.1031488517,-0.0748621003
2412,0.0285022800,-0.1033643778,-0.0748620978
2413,0.0287211569,-0.1035832521,-0.0748620952
2414,0.0289434222,-0.1038055147,-0.0748620925
2415,0.0291691172,-0.1040312070,-0.0748620898
2416,0.0293982842,-0.1042603711,-0.0748620870
2417,0.0296309663,-0.1044930504,-0.0748620841
2418,0.0298672079,-0.1047292890,-0.0748620811
2419,0.0301070544,-0.1049691325,-0.0748620781
2420,0.0303505522,-0.1052126272,-0.0748620750
2421,0.0305977490,-0.1054598209,-0.0748620719
2422,0.0308486935,-0.1057107621,-0.0748620686
2423,0.0311034358,-0.1059655011,-0.0748620653
2424,0.0313620270,-0.1062240888,-0.0748620619
2425,0.0316245195,-0.1064865888,-0.0748620693
2426,0.0318909671,-0.1067530328,-0.0748620657
2427,0.0321614248,-0.1070234869,-0.0748620621
2428,0.0324359491,-0.1072980074,-0.0748620583
2429,0.0327145978,-0.1075766523,-0.0748620544
2430,0.0329974302,-0.1078594806,-0.0748620505
2431,0.0332845069,-0.1081465532,-0.0748620464
2432,0.0335758902,-0.1084379324,-0.0748620422
2433,0.0338716439,-0.1087336818,-0.0748620379
2434,0.0341718335,-0.1090338670,-0.0748620335
2435,0.0344765260,-0.1093385550,-0.0748620290
2436,0.0347857901,-0.1096478145,-0.0748620244
2437,0.0350996964,-0.1099617161,-0.0748620197
2438,0.0354183172,-0.1102803320,-0.0748620148
2439,0.0357417266,-0.1106037365,-0.0748620098
2440,0.0360700008,-0.1109320055,-0.0748620047
2441,0.0364032177,-0.1112652172,-0.0748619995
2442,0.0367414574,-0.1116034515,-0.0748619941
2443,0.0370848021,-0.1119467906,-0.0748619885
2444,0.0374333360,-0.1122953188,-0.0748619828
2445,0.0377871456,-0.1126491226,-0.0748619770
2446,0.0381463198,-0.1130082908,-0.0748619710
2447,0.0385109496,-0.1133729144,-0.0748619648
2448,0.0388811287,-0.1137430872,-0.0748619585
2449,0.0392569531,-0.1141189050,-0.0748619520
2450,0.0396385214,-0.1145004667,-0.0748619453
2451,0.0400259350,-0.1148878734,-0.0748619384
2452,0.0404192980,-0.1152812293,-0.0748619314
2453,0.0408187172,-0.1156806413,-0.0748619241
2454,0.0412243026,-0.1160862192,-0.0748619166
2455,0.0416361669,-0.1164980759,-0.0748619090
2456,0.0420544263,-0.1169163274,-0.0748619011
2457,0.0424792000,-0.1173410929,-0.0748618929
2458,0.0429106105,-0.1177724951,-0.0748618846
2459,0.0433487840,-0.1182106600,-0.0748618760
2460,0.0437938500,-0.1186557171,-0.0748618671
2461,0.0442459419,-0.1191077999,-0.0748618580
2462,0.0447051968,-0.1195670455,-0.0748618487
2463,0.0451717559,-0.1200335949,-0.0748618390
2464,0.0456457644,-0.1205075935,-0.0748618291
2465,0.0461273717,-0.1209891905,-0.0748618188
2466,0.0466167316,-0.1214785399,-0.0748618083
2467,0.0471140027,-0.1219758001,-0.0748617974
2468,0.0476193479,-0.1224811342,-0.0748617862
2469,0.0481329354,-0.1229947101,-0.0748617747
2470,0.0486549382,-0.1235167010,-0.0748617628
2471,0.0491855345,-0.1240472851,-0.0748617505
2472,0.0497249082,-0.1245866461,-0.0748617379
2473,0.0502732488,-0.1251349736,-0.0748617248
2474,0.0508307514,-0.1256924628,-0.0748617114
2475,0.0513976175,-0.1262593150,-0.0748616975
2476,0.0519740547,-0.1268357379,-0.0748616831
2477,0.0525602773,-0.1274219457,-0.0748616683
2478,0.0531565064,-0.1280181595,-0.0748616531
2479,0.0537629702,-0.1286246074,-0.0748616373
2480,0.0543799040,-0.1292415250,-0.0748616210
2481,0.0550075512,-0.1298691553,-0.0748616041
2482,0.0556461627,-0.1305077494,-0.0748615867
2483,0.0562959981,-0.1311575668,-0.0748615687
2484,0.0569573254,-0.1318188755,-0.0748615501
2485,0.0576304215,-0.1324919523,-0.0748615308
2486,0.0583155728,-0.1331770837,-0.0748615109
2487,0.0590130754,-0.1338745656,-0.0748614903
2488,0.0597232353,-0.1345847042,-0.0748614689
2489,0.0604463695,-0.1353078163,-0.0748614468
2490,0.0611828055,-0.1360442295,-0.0748614240
2491,0.0619328828,-0.1367942831,-0.0748614003
2492,0.0626969525,-0.1375583282,-0.0748613757
2493,0.0634753784,-0.1383367286,-0.0748613503
2494,0.0642685372,-0.1391298610,-0.0748613239
2495,0.0650768193,-0.1399381158,-0.0748612965
2496,0.0659006295,-0.1407618976,-0.0748612681
2497,0.0667403871,-0.1416016258,-0.0748612387
2498,0.0675965274,-0.1424577356,-0.0748612081
2499,0.0684695017,-0.1433306781,-0.0748611764
2500,0.0693597784,-0.1442209218,-0.0748611434
2501,0.0702678436,-0.1451289528,-0.0748611092
2502,0.0711942023,-0.1460552759,-0.0748610736
2503,0.0721393787,-0.1470004153,-0.0748610366
2504,0.0731039179,-0.1479649160,-0.0748609981
2505,0.0740883860,-0.1489493441,-0.0748609581
2506,0.0750933719,-0.1499542883,-0.0748609164
2507,0.0761194881,-0.1509803611,-0.0748608731
2508,0.0771673717,-0.1520281996,-0.0748608279
2509,0.0782376861,-0.1530984670,-0.0748607809
2510,0.0793311217,-0.1541918536,-0.0748607319
2511,0.0804483980,-0.1553090788,-0.0748606808
2512,0.0815902643,-0.1564508918,-0.0748606275
2513,0.0827575021,-0.1576180740,-0.0748605719
2514,0.0839509260,-0.1588114399,-0.0748605139
2515,0.0851713861,-0.1600318394,-0.0748604533
2516,0.0864197693,-0.1612801593,-0.0748603900
2517,0.0876970017,-0.1625573256,-0.0748603239
2518,0.0890040509,-0.1638643056,-0.0748602547
2519,0.0903419275,-0.1652021099,-0.0748601824
2520,0.0917116885,-0.1665717952,-0.0748601067
2521,0.0931144391,-0.1679744666,-0.0748600275
2522,0.0945513357,-0.1694112802,-0.0748599445
2523,0.0960235892,-0.1708834468,-0.0748598576
2524,0.0975324676,-0.1723922340,-0.0748597664
2525,0.0990792995,-0.1739389703,-0.0748596708
2526,0.1006654779,-0.1755250484,-0.0748595705
2527,0.1022924639,-0.1771519290,-0.0748594652
2528,0.1039617907,-0.1788211453,-0.0748593546
2529,0.1056750684,-0.1805343067,-0.0748592383
2530,0.1074339882,-0.1822931042,-0.0748591160
2531,0.1092403279,-0.1840993152,-0.0748589874
2532,0.1110959570,-0.1859548089,-0.0748588519
2533,0.1130028430,-0.1878615523,-0.0748587093
2534,0.1149630575,-0.1898216164,-0.0748585589
2535,0.1169787827,-0.1918371831,-0.0748584003
2536,0.1190523195,-0.1939105525,-0.0748582330
2537,0.1211860945,-0.1960441508,-0.0748580563
2538,0.1233826691,-0.1982405387,-0.0748578696
2539,0.1256447487,-0.2005024210,-0.0748576722
2540,0.1279751926,-0.2028326560,-0.0748574634
2541,0.1303770247,-0.2052342670,-0.0748572423
2542,0.1328534452,-0.2077104532,-0.0748570080
2543,0.1354078436,-0.2102646032,-0.0748567596
2544,0.1380438121,-0.2129003082,-0.0748564961
2545,0.1407651609,-0.2156213772,-0.0748562163
2546,0.1435759344,-0.2184318533,-0.0748559189
2547,0.1464804287,-0.2213360313,-0.0748556026
2548,0.1494832114,-0.2243384774,-0.0748552660
2549,0.1525891424,-0.2274440498,-0.0748549074
2550,0.1558033971,-0.2306579222,-0.0748545251
2551,0.1591314916,-0.2339856086,-0.0748541171
2552,0.1625793103,-0.2374329916,-0.0748536813
2553,0.1661531365,-0.2410063519,-0.0748532154
2554,0.1698596854,-0.2447124022,-0.0748527169
2555,0.1737061405,-0.2485583234,-0.0748521828
2556,0.1777001946,-0.2525518049,-0.0748516103
2557,0.1818500934,-0.2567010891,-0.0748509957
2558,0.1861646849,-0.2610150203,-0.0748503353
2559,0.1906534735,-0.2655030986,-0.0748496250
2560,0.1953266799,-0.2701755401,-0.0748488602
2561,0.2001953074,-0.2750433429,-0.0748480356
2562,0.2052712157,-0.2801183612,-0.0748471455
2563,0.2105672030,-0.2854133866,-0.0748461836
2564,0.2160970970,-0.2909422399,-0.0748451428
2565,0.2218758570,-0.2967198722,-0.0748440152
2566,0.2279196874,-0.3027624792,-0.0748427918
2567,0.2342461648,-0.3090876276,-0.0748414628
2568,0.2408743811,-0.3157143980,-0.0748400169
2569,0.2478251031,-0.3226635448,-0.0748384417
2570,0.2551209533,-0.3299576762,-0.0748367229
2571,0.2627866126,-0.3376214571,-0.0748348446
2572,0.2708490495,-0.3456818382,-0.0748327887
2573,0.2793377798,-0.3541683146,-0.0748305348
2574,0.2882851607,-0.3631132203,-0.0748280596
2575,0.2977267243,-0.3725520611,-0.0748253367
2576,0.3077015583,-0.3825238944,-0.0748223361
2577,0.3182527387,-0.3930717620,-0.0748190232
2578,0.3294278254,-0.4042431843,-0.0748153589
2579,0.3412794284,-0.4160907264,-0.0748112980
2580,0.3538658588,-0.4286726475,-0.0748067887
2581,0.3672518752,-0.4420536467,-0.0748017715
2582,0.3815095446,-0.4563057223,-0.0747961778
2583,0.3967192342,-0.4715091626,-0.0747899284
2584,0.4129707585,-0.4877536904,-0.0747829320
2585,0.4303647047,-0.5051397874,-0.0747750827
2586,0.4490139694,-0.5237802278,-0.0747662584
2587,0.4690455385,-0.5438018561,-0.0747563175
2588,0.4906025508,-0.5653476476,-0.0747450968
2589,0.5138466886,-0.5885790963,-0.0747324077
2590,0.5389609428,-0.6136789768,-0.0747180340
2591,0.5661528021,-0.6408545308,-0.0747017287
2592,0.5956579112,-0.6703411237,-0.0746832124
2593,0.6277442348,-0.7024064089,-0.0746621741
2594,0.6627167348,-0.7373550103,-0.0746382755
2595,0.7009225223,-0.7755336851,-0.0746111628
2596,0.7427563426,-0.8173368346,-0.0745804920
2597,0.7886660900,-0.8632120657,-0.0745459758
2598,0.8391577393,-0.9136652091,-0.0745074698
2599,0.8947985721,-0.9692636964,-0.0744651243
2600,0.9562166765,-1.0306363249,-0.0744196484
2601,1.0240931754,-1.0984659412,-0.0743727658
2602,1.0991410242,-1.1734690226,-0.0743279984
2603,1.1820597494,-1.2563517687,-0.0742920193
2604,1.2734478862,-1.3477247878,-0.0742769016
2605,1.3736419886,-1.4479460652,-0.0743040765
2606,1.4824296179,-1.5568404297,-0.0744108118
2607,1.5985491355,-1.6732099933,-0.0746608578
2608,1.7188372560,-1.7939980733,-0.0751608173
2609,1.8368199507,-1.9129021812,-0.0760822305
2610,1.9405013481,-2.0181826699,-0.0776813218
2611,2.0092363921,-2.0895182764,-0.0802818843
2612,2.0103124068,-2.0944310546,-0.0841186478
2613,1.8982025071,-1.9870230406,-0.0888205335
2614,1.6246261693,-1.7169540793,-0.0923279100
2615,1.1732422437,-1.2632587475,-0.0900165038
2616,0.6219354842,-0.6995790178,-0.0776435336
2617,0.1786586497,-0.2394644315,-0.0608057818
2618,0.0818331761,-0.1381396302,-0.0563064540
2619,0.3912480219,-0.4608369489,-0.0695889270
2620,0.9261974477,-1.0118260031,-0.0856285554
2621,1.4418980504,-1.5342390629,-0.0923410125
2622,1.7997093135,-1.8905011696,-0.0907918561
2623,1.9813091351,-2.0675377097,-0.0862285746
2624,2.0266577883,-2.1085379126,-0.0818801243
2625,1.9849227677,-2.0636482202,-0.0787254525
2626,1.8949613232,-1.9716712952,-0.0767099720
2627,1.7825568891,-1.8580729301,-0.0755160410
2628,1.6632214122,-1.7380710031,-0.0748495909
2629,1.5456211972,-1.6201231270,-0.0745019299
2630,1.4342148264,-1.5085545687,-0.0743397423
2631,1.3309991633,-1.4052812816,-0.0742821183
2632,1.2365868577,-1.3108681796,-0.0742813219
2633,1.1508464452,-1.2251561555,-0.0743097102
2634,1.0732732528,-1.1476247928,-0.0743515400
2635,1.0031997193,-1.0775977482,-0.0743980289
2636,0.9399115964,-1.0143560289,-0.0744444326
2637,0.8827096505,-0.9571979803,-0.0744883298
2638,0.8309401733,-0.9054687935,-0.0745286201
2639,0.7840079104,-0.8585728504,-0.0745649400
2640,0.7413793183,-0.8159766418,-0.0745973235
2641,0.7025807182,-0.7772067245,-0.0746260063
2642,0.6671939601,-0.7418452744,-0.0746513143
2643,0.6348510753,-0.7095246762,-0.0746736009
2644,0.6052287248,-0.6799219385,-0.0746932136
2645,0.5780428707,-0.6527533475,-0.0747104768
2646,0.5530438722,-0.6277695567,-0.0747256846
2647,0.5300120863,-0.6047511848,-0.0747390985
2648,0.5087539820,-0.5835049307,-0.0747509487
2649,0.4890987421,-0.5638601780,-0.0747614359
2650,0.4708953109,-0.5456660455,-0.0747707346
2651,0.4540098386,-0.5287888344,-0.0747789958
2652,0.4383234738,-0.5131098240,-0.0747863502
2653,0.4237304597,-0.4985233706,-0.0747929108
2654,0.4101364912,-0.4849352665,-0.0747987753
2655,0.3974572966,-0.4722613247,-0.0748040281
2656,0.3856174131,-0.4604261557,-0.0748087426
2657,0.3745491271,-0.4493621092,-0.0748129821
2658,0.3641915563,-0.4390083581,-0.0748168019
2659,0.3544898532,-0.4293101031,-0.0748202499
2660,0.3453945127,-0.4202178807,-0.0748233680
2661,0.3368607690,-0.4116869617,-0.0748261927
2662,0.3288480695,-0.4036768254,-0.0748287559
2663,0.3213196143,-0.3961507001,-0.0748310857
2664,0.3142419533,-0.3890751601,-0.0748332068
2665,0.3075846324,-0.3824197731,-0.0748351407
2666,0.3013198820,-0.3761567885,-0.0748369065
2667,0.2954223427,-0.3702608639,-0.0748385212
2668,0.2898688232,-0.3647088229,-0.0748399996
2669,0.2846380862,-0.3594794412,-0.0748413551
2670,0.2797106578,-0.3545532570,-0.0748425992
2671,0.2750686597,-0.3499124022,-0.0748437425
2672,0.2706956588,-0.3455404531,-0.0748447943
2673,0.2665765336,-0.3414222965,-0.0748457630
2674,0.2626973548,-0.3375440107,-0.0748466559
2675,0.2590452792,-0.3338927589,-0.0748474797
2676,0.2556084536,-0.3304566940,-0.0748482404
2677,0.2523759296,-0.3272248730,-0.0748489434
2678,0.2493375867,-0.3241871802,-0.0748495935
2679,0.2464840631,-0.3213342580,-0.0748501949
2680,0.2438066933,-0.3186574450,-0.0748507517
2681,0.2412974523,-0.3161487197,-0.0748512674
2682,0.2389489047,-0.3138006499,-0.0748517452
2683,0.2367541591,-0.3116063470,-0.0748521879
2684,0.2347068263,-0.3095594245,-0.0748525982
2685,0.2328009821,-0.3076539605,-0.0748529784
2686,0.2310311331,-0.3058844639,-0.0748533308
2687,0.2293921859,-0.3042458432,-0.0748536573
2688,0.2278794192,-0.3027333787,-0.0748539596
2689,0.2264884577,-0.3013426970,-0.0748542393
2690,0.2252152499,-0.3000697479,-0.0748544980
2691,0.2240560461,-0.2989107831,-0.0748547370
2692,0.2230073799,-0.2978623373,-0.0748549574
2693,0.2220660502,-0.2969212107,-0.0748551605
2694,0.2212291059,-0.2960844531,-0.0748553471
2695,0.2204938309,-0.2953493492,-0.0748555183
2696,0.2198577314,-0.2947134062,-0.0748556749
2697,0.2193185235,-0.2941743410,-0.0748558175
2698,0.2188741230,-0.2937300699,-0.0748559469
2699,0.2185226350,-0.2933786988,-0.0748560637
2700,0.2182623453,-0.2931185138,-0.0748561685
2701,0.2180917121,-0.2929479740,-0.0748562618
2702,0.2180093595,-0.2928657035,-0.0748563440
2703,0.2180140700,-0.2928704855,-0.0748564155
2704,0.2181047795,-0.2929612562,-0.0748564767
2705,0.2182805721,-0.2931370999,-0.0748565278
2706,0.2185406752,-0.2933972444,-0.0748565692
2707,0.2188844559,-0.2937410570,-0.0748566011
2708,0.2193114178,-0.2941680415,-0.0748566237
2709,0.2198211977,-0.2946778348,-0.0748566371
2710,0.2204135637,-0.2952702052,-0.0748566415
2711,0.2210884134,-0.2959450503,-0.0748566369
2712,0.2218457720,-0.2967023955,-0.0748566235
2713,0.2226857922,-0.2975423933,-0.0748566012
2714,0.2236087531,-0.2984653230,-0.0748565700
2715,0.2246150606,-0.2994715905,-0.0748565299
2716,0.2257052478,-0.3005617286,-0.0748564808
2717,0.2268799759,-0.3017363986,-0.0748564227
2718,0.2281400355,-0.3029963908,-0.0748563554
2719,0.2294863486,-0.3043426272,-0.0748562786
2720,0.2309199707,-0.3057761631,-0.0748561924
2721,0.2324420939,-0.3072981902,-0.0748560963
2722,0.2340540496,-0.3089100398,-0.0748559902
2723,0.2357573129,-0.3106131866,-0.0748558737
2724,0.2375535067,-0.3124092531,-0.0748557464
2725,0.2394444063,-0.3143000144,-0.0748556081
2726,0.2414319454,-0.3162874036,-0.0748554582
2727,0.2435182215,-0.3183735178,-0.0748552963
2728,0.2457055034,-0.3205606252,-0.0748551218
2729,0.2479962381,-0.3228511723,-0.0748549343
2730,0.2503930590,-0.3252477920,-0.0748547329
2731,0.2528987954,-0.3277533126,-0.0748545172
2732,0.2555164818,-0.3303707679,-0.0748542862
2733,0.2582493687,-0.3331034078,-0.0748540391
2734,0.2611009348,-0.3359547100,-0.0748537751
2735,0.2640748996,-0.3389283928,-0.0748534932
2736,0.2671752371,-0.3420284293,-0.0748531922
2737,0.2704061919,-0.3452590629,-0.0748528710
2738,0.2737722950,-0.3486248234,-0.0748525284
2739,0.2772783826,-0.3521305455,-0.0748521628
2740,0.2809296159,-0.3557813888,-0.0748517729
2741,0.2847315025,-0.3595828593,-0.0748513568
2742,0.2886899203,-0.3635408332,-0.0748509129
2743,0.2928111433,-0.3676615824,-0.0748504391
2744,0.2971018699,-0.3719518030,-0.0748499331
2745,0.3015692536,-0.3764186464,-0.0748493928
2746,0.3062209373,-0.3810697637,-0.0748488263
2747,0.3110650899,-0.3859132988,-0.0748482089
2748,0.3161104472,-0.3909579956,-0.0748475485
2749,0.3213663564,-0.3962131979,-0.0748468415
2750,0.3268428255,-0.4016889097,-0.0748460842
2751,0.3325505770,-0.4073958494,-0.0748452724
2752,0.3385011074,-0.4133455088,-0.0748444014
2753,0.3447067528,-0.4195502191,-0.0748434663
2754,0.3511807616,-0.4260232229,-0.0748424613
2755,0.3579373743,-0.4327787545,-0.0748413802
2756,0.3649919122,-0.4398321283,-0.0748402161
2757,0.3723608762,-0.4471998376,-0.0748389613
2758,0.3800620558,-0.4548996632,-0.0748376073
2759,0.3881146507,-0.4629507954,-0.0748361446
2760,0.3965394064,-0.4713739690,-0.0748345626
2761,0.4053587652,-0.4801916146,-0.0748328493
2762,0.4145970358,-0.4894280274,-0.0748309916
2763,0.4242805819,-0.4991095564,-0.0748289745
2764,0.4344380352,-0.5092648166,-0.0748267813
2765,0.4451005341,-0.5199249273,-0.0748243932
2766,0.4563019921,-0.5311237811,-0.0748217890
2767,0.4680794021,-0.5428983467,-0.0748189446
2768,0.4804731785,-0.5552890114,-0.0748158329
2769,0.4935275464,-0.5683399694,-0.0748124230
2770,0.5072909820,-0.5820996621,-0.0748086801
2771,0.5218167148,-0.5966212789,-0.0748045640
2772,0.5371632988,-0.6119633283,-0.0748000295
2773,0.5533952656,-0.6281902900,-0.0747950244
2774,0.5705838712,-0.6453733603,-0.0747894891
2775,0.5888079529,-0.6635913082,-0.0747833553
2776,0.6081549133,-0.6829314575,-0.0747765443
2777,0.6287218530,-0.7034908185,-0.0747689655
2778,0.6506168766,-0.7253773913,-0.0747605147
2779,0.6739606006,-0.7487116720,-0.0747510714
2780,0.6988878963,-0.7736283929,-0.0747404966
2781,0.7255499068,-0.8002785364,-0.0747286297
2782,0.7541163810,-0.8288316665,-0.0747152855
2783,0.7847783741,-0.8594786248,-0.0747002507
2784,0.8177513659,-0.8924346468,-0.0746832809
2785,0.8532788537,-0.9279429508,-0.0746640971
2786,0.8916364692,-0.9662788535,-0.0746423843
2787,0.9331366585,-1.0077544504,-0.0746177919
2788,0.9781339350,-1.0527238742,-0.0745899392
2789,1.0270306572,-1.1015890859,-0.0745584287
2790,1.0802831721,-1.1548060466,-0.0745228745
2791,1.1384079729,-1.2128909296,-0.0744829567
2792,1.2019871758,-1.2764256951,-0.0744385193
2793,1.2716720247,-1.3460617695,-0.0743897448
2794,1.3481821084,-1.4225195659,-0.0743374575
2795,1.4322962097,-1.5065798597,-0.0742836500
2796,1.5248276796,-1.5990600688,-0.0742323892
2797,1.6265720383,-1.7007634127,-0.0741913744
2798,1.7382056378,-1.8123802428,-0.0741746050
2799,1.8600991990,-1.9343061149,-0.0742069159
2800,1.9919850502,-2.0663166220,-0.0743315718
2801,2.1323769292,-2.2069995105,-0.0746225814
2802,2.2775825050,-2.3527858510,-0.0752033460
2803,2.4200795676,-2.4963502148,-0.0762706471
2804,2.5460031593,-2.6241147425,-0.0781115832
2805,2.6317170776,-2.7127823635,-0.0810652859
2806,2.6404956371,-2.7257901079,-0.0852944708
2807,2.5234283864,-2.6135339646,-0.0901055782
2808,2.2348218730,-2.3275239015,-0.0927020286
2809,1.7766531512,-1.8644339608,-0.0877808095
2810,1.2652229481,-1.3377382675,-0.0725153194
2811,0.9415567496,-0.9983522292,-0.0567954796
2812,1.0221066925,-1.0799180407,-0.0578113482
2813,1.4935031500,-1.5677639493,-0.0742607992
2814,2.1272618726,-2.2158238119,-0.0885619393
2815,2.6925028381,-2.7848875546,-0.0923847165
2816,3.0882578534,-3.1775457974,-0.0892879440
2817,3.3213949378,-3.4058204616,-0.0844255238
2818,3.4399516051,-3.5202979017,-0.0803462967
2819,3.4917389271,-3.5693909918,-0.0776520647
2820,3.5104878590,-3.5867075852,-0.0762197262
2821,3.5146735022,-3.5905143937,-0.0758408916
2822,3.5092385355,-3.5856835182,-0.0764449827
2823,3.4863122440,-3.5644537853,-0.0781415413
2824,3.4241156121,-3.5052649086,-0.0811492965
2825,3.2853913896,-3.3708960174,-0.0855046278
2826,3.0203233817,-3.1106121138,-0.0902887321
2827,2.5853193882,-2.6776598241,-0.0923404359
2828,1.9918578125,-2.0780699346,-0.0862121222
2829,1.3724166420,-1.4425300526,-0.0701134107
2830,0.9752486213,-1.0309949654,-0.0557463441
2831,0.9961692674,-1.0555481363,-0.0593788689
2832,1.3869917547,-1.4636060266,-0.0766142719
2833,1.9052706233,-1.9950973190,-0.0898266957
2834,2.3314523794,-2.4240116493,-0.0925592699
2835,2.5799866135,-2.6690538344,-0.0890672209
2836,2.6652827538,-2.7495230442,-0.0842402904
2837,2.6364144499,-2.7166998406,-0.0802853907
2838,2.5401407991,-2.6177507227,-0.0776099236
2839,2.4100518161,-2.4860248091,-0.0759729930
2840,2.2672505278,-2.3422878361,-0.0750373083
2841,2.1238991434,-2.1984352380,-0.0745360946
2842,1.9864714996,-2.0607627574,-0.0742912577
2843,1.8580475679,-1.9322400898,-0.0741925220
2844,1.7397706177,-1.8139448234,-0.0741742057
2845,1.6317251390,-1.7059232220,-0.0741980830
2846,1.5334496032,-1.6076918997,-0.0742422965
2847,1.4442290682,-1.5185236516,-0.0742945834
2848,1.3632581693,-1.4376064176,-0.0743482484
2849,1.2897289087,-1.3641287086,-0.0743997999
2850,1.2228753293,-1.2973229008,-0.0744475715
2851,1.1619938037,-1.2364847234,-0.0744909197
2852,1.1064498115,-1.1809795706,-0.0745297591
2853,1.0556774775,-1.1302417717,-0.0745642942
2854,1.0091754675,-1.0837703340,-0.0745948665
2855,0.9665012743,-1.0411231421,-0.0746218678
2856,0.9272650200,-1.0019107134,-0.0746456934
2857,0.8911233760,-0.9657900939,-0.0746667179
2858,0.8577738981,-0.9324591819,-0.0746852838
2859,0.8269499048,-0.9016516025,-0.0747016977
2860,0.7984159300,-0.8731321602,-0.0747162302
2861,0.7719637321,-0.8466928504,-0.0747291183
2862,0.7474088172,-0.8221493855,-0.0747405683
2863,0.7245874242,-0.7993381833,-0.0747507591
2864,0.7033539158,-0.7781137618,-0.0747598459
2865,0.6835785259,-0.7583464888,-0.0747679630
2866,0.6651454126,-0.7399206390,-0.0747752264
2867,0.6479509780,-0.7227327147,-0.0747817368
2868,0.6319024141,-0.7066899955,-0.0747875814
2869,0.6169164457,-0.6917092816,-0.0747928359
2870,0.6029182399,-0.6777158059,-0.0747975660
2871,0.5898404604,-0.6646422893,-0.0748018289
2872,0.5776224453,-0.6524281198,-0.0748056745
2873,0.5662094918,-0.6410186381,-0.0748091463
2874,0.5555522325,-0.6303645147,-0.0748122822
2875,0.5456060907,-0.6204212061,-0.0748151154
2876,0.5363308051,-0.6111484802,-0.0748176751
2877,0.5276900137,-0.6025100003,-0.0748199866
2878,0.5196508892,-0.5944729505,-0.0748220613
2879,0.5121838207,-0.5870077614,-0.0748239407
2880,0.5052621338,-0.5800877648,-0.0748256310
2881,0.4988618468,-0.5736889939,-0.0748271471
2882,0.4929614568,-0.5677899587,-0.0748285020
2883,0.4875417534,-0.5623714604,-0.0748297071
2884,0.4825856569,-0.5574164291,-0.0748307722
2885,0.4780780781,-0.5529097840,-0.0748317058
2886,0.4740057980,-0.5488383131,-0.0748325151
2887,0.4703573650,-0.5451905711,-0.0748332062
2888,0.4671230090,-0.5419567929,-0.0748337839
2889,0.4642945707,-0.5391288230,-0.0748342523
2890,0.4618654447,-0.5367000591,-0.0748346144
2891,0.4598305361,-0.5346654086,-0.0748348725
2892,0.4581862309,-0.5330212585,-0.0748350276
2893,0.4569303774,-0.5317654576,-0.0748350803
2894,0.4560622815,-0.5308973114,-0.0748350299
2895,0.4555827132,-0.5304175885,-0.0748348753
2896,0.4554939263,-0.5303285404,-0.0748346141
2897,0.4557996908,-0.5306339340,-0.0748342432
2898,0.4565053385,-0.5313390968,-0.0748337583
2899,0.4576178234,-0.5324509776,-0.0748331542
2900,0.4591457967,-0.5339782211,-0.0748324244
2901,0.4610996987,-0.5359312600,-0.0748315614
2902,0.4634918683,-0.5383224243,-0.0748305560
2903,0.4663366730,-0.5411660707,-0.0748293977
2904,0.4696506601,-0.5444787342,-0.0748280741
2905,0.4734527329,-0.5482793039,-0.0748265711
2906,0.4777643548,-0.5525892269,-0.0748248721
2907,0.4826097846,-0.5574327430,-0.0748229584
2908,0.4880163473,-0.5628371555,-0.0748208082
2909,0.4940147459,-0.5688331423,-0.0748183964
2910,0.5006394194,-0.5754551138,-0.0748156944
2911,0.5079289552,-0.5827416244,-0.0748126692
2912,0.5159265623,-0.5907358452,-0.0748092829
2913,0.5246806171,-0.5994861090,-0.0748054919
2914,0.5342452915,-0.6090465372,-0.0748012457
2915,0.5446812773,-0.6194777636,-0.0747964863
2916,0.5560566232,-0.6308477700,-0.0747911468
2917,0.5684477020,-0.6432328517,-0.0747851496
2918,0.5819403307,-0.6567187357,-0.0747784051
2919,0.5966310676,-0.6714018770,-0.0747708094
2920,0.6126287184,-0.6873909606,-0.0747622422
2921,0.6300560819,-0.7048086464,-0.0747525644
2922,0.6490519785,-0.7237935933,-0.0747416149
2923,0.6697736014,-0.7445028088,-0.0747292075
2924,0.6923992417,-0.7671143699,-0.0747151282
2925,0.7171314357,-0.7918305678,-0.0746991321
2926,0.7442005834,-0.8188815248,-0.0746809414
2927,0.7738690785,-0.8485293239,-0.0746602453
2928,0.8064359670,-0.8810726707,-0.0746367038
2929,0.8422421042,-0.9168520616,-0.0746099573
2930,0.8816756984,-0.9562553482,-0.0745796498
2931,0.9251779649,-0.9997234358,-0.0745454710
2932,0.9732483474,-1.0477555825,-0.0745072351
2933,1.0264482773,-1.1009132982,-0.0744650210
2934,1.0854016190,-1.1598210349,-0.0744194159
2935,1.1507885316,-1.2251604703,-0.0743719387
2936,1.2233270402,-1.2976528079,-0.0743257677
2937,1.3037324465,-1.3780194387,-0.0742869922
2938,1.3926375819,-1.4669043476,-0.0742667657
2939,1.4904448018,-1.5647297151,-0.0742849133
2940,1.5970603391,-1.6714364858,-0.0743761467
2941,1.7114286133,-1.7860287478,-0.0746001345
2942,1.8307336023,-1.9057909284,-0.0750573261
2943,1.9490677014,-2.0249787272,-0.0759110258
2944,2.0553153679,-2.1327250179,-0.0774096500
2945,2.1300845329,-2.2099645736,-0.0798800408
2946,2.1421300777,-2.2257305578,-0.0836004801
2947,2.0467789594,-2.1351224572,-0.0883434978
2948,1.7937478783,-1.8860862734,-0.0923383951
2949,1.3581648605,-1.4493455524,-0.0911806919
2950,0.8019238296,-0.8818952306,-0.0799714010
2951,0.3209353591,-0.3834206191,-0.0624852600
2952,0.1664240216,-0.2218139828,-0.0553899612
2953,0.4328499690,-0.5000977398,-0.0672477708
2954,0.9603665595,-1.0446102164,-0.0842436569
2955,1.4949429051,-1.5873195832,-0.0923766781
2956,1.8784123426,-1.9698964507,-0.0914841082
2957,2.0806813345,-2.1676330357,-0.0869517013
2958,2.1389173266,-2.2213294606,-0.0824121340
2959,2.1036535309,-2.1827132797,-0.0790597488
2960,2.0159225596,-2.0928232439,-0.0769006843
2961,1.9032689547,-1.9788850321,-0.0756160775
2962,1.7823686045,-1.8572650147,-0.0748964102
2963,1.6625851738,-1.7371041739,-0.0745190001
2964,1.5487700838,-1.6231109968,-0.0743409130
2965,1.4431299677,-1.5174052529,-0.0742752852
2966,1.3463821334,-1.4206530079,-0.0742708745
2967,1.2584413523,-1.3327393785,-0.0742980263
2968,1.1788177301,-1.2531575915,-0.0743398614
2969,1.1068422614,-1.1812292260,-0.0743869646
2970,1.0417914843,-1.1162257287,-0.0744342444
2971,0.9829537822,-1.0574328758,-0.0744790936
2972,0.9296623253,-1.0041826413,-0.0745203160
2973,0.8813092219,-0.9558667244,-0.0745575025
2974,0.8373493331,-0.9119400021,-0.0745906690
2975,0.7972986256,-0.8719186732,-0.0746200477
2976,0.7607298489,-0.8353758171,-0.0746459682
2977,0.7272671095,-0.8019359009,-0.0746687914
2978,0.6965802026,-0.7712690754,-0.0746888728
2979,0.6683791558,-0.7430857012,-0.0747065454
2980,0.6424092018,-0.7171313128,-0.0747221109
2981,0.6184462653,-0.6931821035,-0.0747358382
2982,0.5962929766,-0.6710409400,-0.0747479634
2983,0.5757751861,-0.6505338789,-0.0747586928
2984,0.5567389367,-0.6315071420,-0.0747682053
2985,0.5390478441,-0.6138245002,-0.0747766561
2986,0.5225808353,-0.5973650145,-0.0747841791
2987,0.5072301986,-0.5820210889,-0.0747908904
2988,0.4928999016,-0.5676967914,-0.0747968898
2989,0.4795041407,-0.5543064049,-0.0748022642
2990,0.4669660886,-0.5417731770,-0.0748070884
2991,0.4552168109,-0.5300282385,-0.0748114275
2992,0.4441943286,-0.5190096666,-0.0748153380
2993,0.4338428044,-0.5086616733,-0.0748188689
2994,0.4241118362,-0.4989338992,-0.0748220630
2995,0.4149558414,-0.4897807991,-0.0748249578
2996,0.4063335204,-0.4811611061,-0.0748275858
2997,0.3982073872,-0.4730373629,-0.0748299757
2998,0.3905433586,-0.4653755114,-0.0748321528
2999,0.3833103936,-0.4581445326,-0.0748341390
3000,0.3764801761,-0.4513161301,-0.0748359540
3001,0.3700268360,-0.4448644509,-0.0748376149
3002,0.3639267019,-0.4387658389,-0.0748391370
3003,0.3581580836,-0.4329986174,-0.0748405338
3004,0.3527010784,-0.4275428957,-0.0748418173
3005,0.3475373997,-0.4223803979,-0.0748429982
3006,0.3426502242,-0.4174943102,-0.0748440860
3007,0.3380240563,-0.4128691455,-0.0748450892
3008,0.3336446061,-0.4084906215,-0.0748460155
3009,0.3294986816,-0.4043455531,-0.0748468715
3010,0.3255740910,-0.4004217544,-0.0748476634
3011,0.3218595559,-0.3967079527,-0.0748483968
3012,0.3183446329,-0.3931937094,-0.0748490765
3013,0.3150196431,-0.3898693501,-0.0748497070
3014,0.3118756089,-0.3867259011,-0.0748502923
3015,0.3089041965,-0.3837550325,-0.0748508360
3016,0.3060976644,-0.3809490058,-0.0748513414
3017,0.3034488165,-0.3783006279,-0.0748518115
3018,0.3009509596,-0.3758032086,-0.0748522490
3019,0.2985978654,-0.3734505216,-0.0748526563
3020,0.2963837351,-0.3712367708,-0.0748530357
3021,0.2943031681,-0.3691565572,-0.0748533891
3022,0.2923511330,-0.3672048514,-0.0748537185
3023,0.2905229410,-0.3653769664,-0.0748540254
3024,0.2888142225,-0.3636685341,-0.0748543116
3025,0.2872209048,-0.3620754831,-0.0748545782
3026,0.2857391925,-0.3605940192,-0.0748548267
3027,0.2843655486,-0.3592206068,-0.0748550582
3028,0.2830966786,-0.3579519524,-0.0748552738
3029,0.2819295146,-0.3567849891,-0.0748554744
3030,0.2808612018,-0.3557168628,-0.0748556610
3031,0.2798890851,-0.3547449195,-0.0748558344
3032,0.2790106979,-0.3538666932,-0.0748559953
3033,0.2782237510,-0.3530798954,-0.0748561444
3034,0.2775261228,-0.3523824052,-0.0748562825
3035,0.2769158503,-0.3517722603,-0.0748564099
3036,0.2763911209,-0.3512476483,-0.0748565274
3037,0.2759502645,-0.3508068998,-0.0748566353
3038,0.2755917467,-0.3504484809,-0.0748567342
3039,0.2753141627,-0.3501709870,-0.0748568244
3040,0.2751162308,-0.3499731371,-0.0748569063
3041,0.2749967880,-0.3498537682,-0.0748569802
3042,0.2749547842,-0.3498118307,-0.0748570465
3043,0.2749892786,-0.3498463841,-0.0748571054
3044,0.2750994352,-0.3499565925,-0.0748571573
3045,0.2752845195,-0.3501417217,-0.0748572022
3046,0.2755438949,-0.3504011354,-0.0748572405
3047,0.2758770202,-0.3507342924,-0.0748572723
3048,0.2762834466,-0.3511407443,-0.0748572977
3049,0.2767628160,-0.3516201329,-0.0748573170
3050,0.2773148582,-0.3521721883,-0.0748573301
3051,0.2779393899,-0.3527967272,-0.0748573373
3052,0.2786363130,-0.3534936516,-0.0748573386
3053,0.2794056131,-0.3542629472,-0.0748573341
3054,0.2802473591,-0.3551046829,-0.0748573239
3055,0.2811617020,-0.3560190098,-0.0748573079
3056,0.2821488747,-0.3570061608,-0.0748572861
3057,0.2832091918,-0.3580664504,-0.0748572587
3058,0.2843430491,-0.3592002746,-0.0748572255
3059,0.2855509244,-0.3604081110,-0.0748571866
3060,0.2868333777,-0.3616905196,-0.0748571418
3061,0.2881910516,-0.3630481429,-0.0748570912
3062,0.2896246725,-0.3644817072,-0.0748570347
3063,0.2911350514,-0.3659920235,-0.0748569721
3064,0.2927230855,-0.3675799888,-0.0748569033
3065,0.2943897594,-0.3692465877,-0.0748568283
3066,0.2961361473,-0.3709928943,-0.0748567469
3067,0.2979634148,-0.3728200737,-0.0748566590
3068,0.2998728210,-0.3747293852,-0.0748565642
3069,0.3018657214,-0.3767221839,-0.0748564625
3070,0.3039435704,-0.3787999241,-0.0748563537
3071,0.3061079247,-0.3809641622,-0.0748562374
3072,0.3083604466,-0.3832165601,-0.0748561135
3073,0.3107029072,-0.3855588889,-0.0748559817
3074,0.3131371914,-0.3879930330,-0.0748558415
3075,0.3156653015,-0.3905209943,-0.0748556928
3076,0.3182893621,-0.3931448972,-0.0748555352
3077,0.3210116255,-0.3958669937,-0.0748553682
3078,0.3238344770,-0.3986896684,-0.0748551914
3079,0.3267604411,-0.4016154455,-0.0748550044
3080,0.3297921875,-0.4046469943,-0.0748548067
3081,0.3329325388,-0.4077871366,-0.0748545978
3082,0.3361844773,-0.4110388543,-0.0748543770
3083,0.3395511534,-0.4144052863,-0.0748541329
3084,0.3430358944,-0.4178897811,-0.0748538867
3085,0.3466422137,-0.4214958404,-0.0748536267
3086,0.3503738208,-0.4252271729,-0.0748533521
3087,0.3542346325,-0.4290876947,-0.0748530622
3088,0.3582287844,-0.4330815403,-0.0748527560
3089,0.3623606433,-0.4372130758,-0.0748524325
3090,0.3666348214,-0.4414869123,-0.0748520909
3091,0.3710561904,-0.4459079203,-0.0748517298
3092,0.3756298978,-0.4504812460,-0.0748513482
3093,0.3803613836,-0.4552123283,-0.0748509447
3094,0.3852563990,-0.4601069170,-0.0748505180
3095,0.3903210265,-0.4651710929,-0.0748500664
3096,0.3955617014,-0.4704112898,-0.0748495884
3097,0.4009852351,-0.4758343172,-0.0748490821
3098,0.4065988406,-0.4814473864,-0.0748485457
3099,0.4124101603,-0.4872581373,-0.0748479771
3100,0.4184272952,-0.4932746691,-0.0748473739
3101,0.4246588382,-0.4995055718,-0.0748467336
3102,0.4311139087,-0.5059599623,-0.0748460536
3103,0.4378021915,-0.5126475224,-0.0748453309
3104,0.4447339785,-0.5195785408,-0.0748445624
3105,0.4519202144,-0.5267639587,-0.0748437444
3106,0.4593725466,-0.5342154198,-0.0748428732
3107,0.4671033801,-0.5419453246,-0.0748419445
3108,0.4751259366,-0.5499668905,-0.0748409539
3109,0.4834543206,-0.5582942167,-0.0748398961
3110,0.4921035908,-0.5669423565,-0.0748387657
3111,0.5010898394,-0.5759273960,-0.0748375566
3112,0.5104302786,-0.5852665406,-0.0748362620
3113,0.5201433364,-0.5949782110,-0.0748348746
3114,0.5302487624,-0.6050821486,-0.0748333861
3115,0.5407677439,-0.6155995315,-0.0748317876
3116,0.5517230353,-0.6265531042,-0.0748300689
3117,0.5631391009,-0.6379673199,-0.0748282190
3118,0.5750422735,-0.6498684990,-0.0748262254
3119,0.5874609308,-0.6622850053,-0.0748240745
3120,0.6004256918,-0.6752474426,-0.0748217508
3121,0.6139696353,-0.6887888726,-0.0748192373
3122,0.6281285453,-0.7029450599,-0.0748165147
3123,0.6429411837,-0.7177547453,-0.0748135615
3124,0.6584495982,-0.7332599520,-0.0748103537
3125,0.6746994662,-0.7495063303,-0.0748068641
3126,0.6917404829,-0.7665435450,-0.0748030621
3127,0.7096267987,-0.7844257119,-0.0747989132
3128,0.7284175131,-0.8032118914,-0.0747943783
3129,0.7481772337,-0.8229666469,-0.0747894132
3130,0.7689767107,-0.8437606782,-0.0747839674
3131,0.7908935572,-0.8656715411,-0.0747779839
3132,0.8140130703,-0.8887844676,-0.0747713973
3133,0.8384291671,-0.9131933002,-0.0747641331
3134,0.8642454565,-0.9390015734,-0.0747561169
3135,0.8915764652,-0.9663236941,-0.0747472289
3136,0.9205490465,-0.9952864142,-0.0747373677
3137,0.9513040002,-1.0260304041,-0.0747264039
3138,0.9839979384,-1.0587121269,-0.0747141885
3139,1.0188054381,-1.0935059879,-0.0747005497
3140,1.0559215286,-1.1306068179,-0.0746852892
3141,1.0955645663,-1.1702327446,-0.0746681782
3142,1.1379795609,-1.2126285137,-0.0746489529
3143,1.1834420199,-1.2580693293,-0.0746273094
3144,1.2322623891,-1.3068652886,-0.0746028995
3145,1.2847911642,-1.3593664900,-0.0745753258
3146,1.3414247500,-1.4159688893,-0.0745441393
3147,1.4026121229,-1.4771209625,-0.0745088396
3148,1.4688623145,-1.5433311965,-0.0744688820
3149,1.5407526555,-1.6151763511,-0.0744236956
3150,1.6189375656,-1.6933102877,-0.0743727222
3151,1.7041574116,-1.7784729018,-0.0743154902
3152,1.7972464744,-1.8714982255,-0.0742517511
3153,1.8991382450,-1.9733199647,-0.0741817197
3154,2.0108648378,-2.0849713344,-0.0741064966
3155,2.1335448544,-2.2075736543,-0.0740287999
3156,2.2683498057,-2.3423040338,-0.0739542281
3157,2.4164319717,-2.4903254016,-0.0738934299
3158,2.5787842655,-2.6526500768,-0.0738658113
3159,2.7559819898,-2.8298877854,-0.0739057956
3160,2.9477225696,-3.0217957277,-0.0740731581
3161,3.1520272276,-3.2264965209,-0.0744692932
3162,3.3638983235,-3.4391585939,-0.0752602704
3163,3.5731648202,-3.6498661149,-0.0767012948
3164,3.7613151336,-3.8404501727,-0.0791350391
3165,3.8976856817,-3.9805612692,-0.0828755875
3166,3.9373565938,-4.0251281231,-0.0877715293
3167,3.8278852376,-3.9200762475,-0.0921910099
3168,3.5385140591,-3.6304212924,-0.0919072333
3169,3.1196016746,-3.2016939543,-0.0820922797
3170,2.7496468927,-2.8160689960,-0.0664221033
3171,2.6576601631,-2.7195055661,-0.0618454030
3172,2.9075243202,-2.9852450798,-0.0777207595
3173,3.2944425785,-3.3941207874,-0.0996782089
3174,3.5190033143,-3.6292108338,-0.1102075196
3175,3.4294440151,-3.5329074550,-0.1034634400
3176,3.1236769302,-3.2066143523,-0.0829374221
3177,2.8857264794,-2.9494848679,-0.0637583885
3178,2.9657600916,-3.0292869932,-0.0635269016
3179,3.3634092665,-3.4417545536,-0.0783452872
3180,3.8678253464,-3.9581527975,-0.0903274511
3181,4.2760971367,-4.3685306481,-0.0924335114
3182,4.5108876953,-4.5994560004,-0.0885683051
3183,4.5912235030,-4.6747243999,-0.0835008968
3184,4.5691083027,-4.6485056610,-0.0793973584
3185,4.4931407073,-4.5697840074,-0.0766433001
3186,4.3979106051,-4.4728983273,-0.0749877222
3187,4.3047809537,-4.3788799985,-0.0740990449
3188,4.2253382980,-4.2990764953,-0.0737381973
3189,4.1642644615,-4.2380507709,-0.0737863094
3190,4.1208354504,-4.1950746446,-0.0742391942
3191,4.0889759795,-4.1641813531,-0.0752053736
3192,4.0558961448,-4.1328032992,-0.0769071544
3193,3.9994399220,-4.0790873751,-0.0796474530
3194,3.8850039400,-3.9686358522,-0.0836319123
3195,3.6653071109,-3.7537242783,-0.0884171674
3196,3.2916014371,-3.3833982419,-0.0917968049
3197,2.7502869414,-2.8393047213,-0.0890177799
3198,2.1259878451,-2.2021083781,-0.0761205330
3199,1.6322878620,-1.6918569132,-0.0595690512
3200,1.5020383751,-1.5583212938,-0.0562829187
3201,1.7788077590,-1.8491106634,-0.0703029044
3202,2.2710218529,-2.3570325239,-0.0860106711
3203,2.7364422588,-2.8285708015,-0.0921285427
3204,3.0442518397,-3.1345328957,-0.0902810559
3205,3.1811757988,-3.2668654830,-0.0856896842
3206,3.1884729996,-3.2698940230,-0.0814210234
3207,3.1147200446,-3.1930788284,-0.0783587838
3208,2.9977238953,-3.0741409790,-0.0764170836
3209,2.8623376456,-2.9376128488,-0.0752752031
3210,2.7233866354,-2.7980305379,-0.0746439025
3211,2.5890627090,-2.6633825041,-0.0743197951
3212,2.4635024649,-2.5376759946,-0.0741735298
3213,2.3484835123,-2.4226103189,-0.0741268066
3214,2.2444677378,-2.3186012562,-0.0741335184
3215,2.1512195795,-2.2253865934,-0.0741670139
3216,2.0681634954,-2.1423756423,-0.0742121469
3217,1.9945861557,-2.0688466465,-0.0742604908
3218,1.9297477947,-2.0040553035,-0.0743075088
3219,1.8729410906,-1.9472919850,-0.0743508945
3220,1.8235201289,-1.8979097304,-0.0743896015
3221,1.7809126200,-1.8553358877,-0.0744232677
3222,1.7446230238,-1.8190749538,-0.0744519300
3223,1.7142310063,-1.7887067749,-0.0744757686
3224,1.6893877680,-1.7638828098,-0.0744950418
3225,1.6698116866,-1.7443216995,-0.0745100128
3226,1.6552840774,-1.7298049930,-0.0745209156
3227,1.6456455111,-1.7201734471,-0.0745279360
3228,1.6407929217,-1.7153241232,-0.0745312015
3229,1.6406776234,-1.7152083990,-0.0745307756
3230,1.6453043007,-1.7198309555,-0.0745266548
3231,1.6547310107,-1.7292497761,-0.0745187654
3232,1.6690702310,-1.7435771921,-0.0745069611
3233,1.6884909913,-1.7629820113,-0.0744910200
3234,1.7132221356,-1.7876927770,-0.0744706414
3235,1.7435567671,-1.8180022104,-0.0744454433
3236,1.7798579295,-1.8542728907,-0.0744149612
3237,1.8225655591,-1.8969442106,-0.0743786515
3238,1.8722046956,-1.9465405983,-0.0743359027
3239,1.9293948390,-2.0036808998,-0.0742860608
3240,1.9948601472,-2.0690886302,-0.0742284830
3241,2.0694398213,-2.1436024567,-0.0741626354
3242,2.1540974072,-2.2281856797,-0.0740882725
3243,2.2499266734,-2.3239324255,-0.0740057521
3244,2.3581498723,-2.4320664568,-0.0739165845
3245,2.4801010160,-2.5539253985,-0.0738243825
3246,2.6171813417,-2.6909178373,-0.0737364956
3247,2.7707647963,-2.8444316137,-0.0736668174
3248,2.9420154051,-3.0156559949,-0.0736405898
3249,3.1315513253,-3.2052538996,-0.0737025743
3250,3.3388452734,-3.4127760291,-0.0739307557
3251,3.5611784421,-3.6356371049,-0.0744586627
3252,3.7918569276,-3.8673664702,-0.0755095426
3253,4.0172667368,-4.0947083947,-0.0774416578
3254,4.2122741866,-4.2930597391,-0.0807855526
3255,4.3338075308,-4.4200023811,-0.0861948504
3256,4.3141477001,-4.4082323894,-0.0940846893
3257,4.0606021298,-4.1641025233,-0.1035003935
3258,3.4789952847,-3.5889050266,-0.1099097419
3259,2.5480157745,-2.6519452559,-0.1039294814
3260,1.4423189463,-1.5207355464,-0.0784166001
3261,0.5849223591,-0.6314084641,-0.0464861050
3262,0.4295742709,-0.4694241715,-0.0398499005
3263,1.0655532560,-1.1318516739,-0.0662984178
3264,2.1276130986,-2.2247155875,-0.0971024889
3265,3.1399439732,-3.2497612376,-0.1098172644
3266,3.8354542757,-3.9419794896,-0.1065252139
3267,4.1808951929,-4.2782740414,-0.0973788484
3268,4.2566632934,-4.3453698748,-0.0887065814
3269,4.1607846918,-4.2432178514,-0.0824331596
3270,3.9704895379,-4.0489274283,-0.0784378904
3271,3.7368617325,-3.8129421345,-0.0760804020
3272,3.4905126438,-3.5652837756,-0.0747711317
3273,3.2484532393,-3.3225464631,-0.0740932238
3274,3.0193640943,-3.0931453753,-0.0737812810
3275,2.8070712113,-2.8807459711,-0.0736747598
3276,2.6126836525,-2.6863629048,-0.0736792523
3277,2.4358589888,-2.5095992648,-0.0737402760
3278,2.2755338602,-2.3493607802,-0.0738269200
3279,2.1303365140,-2.2042585345,-0.0739220205
3280,1.9988135594,-2.0728299228,-0.0740163634
3281,1.8795495087,-1.9536548012,-0.0741052926
3282,1.7712251839,-1.8454119174,-0.0741867335
3283,1.6726418183,-1.7469018627,-0.0742600443
3284,1.5827263928,-1.6570517437,-0.0743253509
3285,1.5005271544,-1.5749103185,-0.0743831641
3286,1.4252044204,-1.4996385827,-0.0744341624
3287,1.3560195305,-1.4304986015,-0.0744790709
3288,1.2923235120,-1.3668421093,-0.0745185973
3289,1.2335462662,-1.3080996654,-0.0745533991
3290,1.1791866602,-1.2537707306,-0.0745840704
3291,1.1288036605,-1.2034147993,-0.0746111388
3292,1.0820085189,-1.1566435862,-0.0746350673
3293,1.0384579496,-1.1131142093,-0.0746562597
3294,0.9978482070,-1.0725232733,-0.0746750663
3295,0.9599099655,-1.0346017561,-0.0746917906
3296,0.9244038997,-0.9991105944,-0.0747066946
3297,0.8911168734,-0.9658368785,-0.0747200051
3298,0.8598586534,-0.9345905713,-0.0747319178
3299,0.8304590742,-0.9052016765,-0.0747426023
3300,0.8027655887,-0.8775177940,-0.0747522053
3301,0.7766411509,-0.8514020050,-0.0747608541
3302,0.7519623806,-0.8267310399,-0.0747686593
3303,0.7286179721,-0.8033936892,-0.0747757171
3304,0.7065073097,-0.7812894212,-0.0747821115
3305,0.6855392631,-0.7603271787,-0.0747879156
3306,0.6656311345,-0.7404243283,-0.0747931938
3307,0.6467077392,-0.7215057414,-0.0747980022
3308,0.6287005993,-0.7035029895,-0.0748023902
3309,0.6115472358,-0.6863536371,-0.0748064013
3310,0.5951905456,-0.6700006196,-0.0748100740
3311,0.5795782528,-0.6543916949,-0.0748134420
3312,0.5646624234,-0.6394789590,-0.0748165356
3313,0.5503990361,-0.6252184174,-0.0748193813
3314,0.5367476017,-0.6115696044,-0.0748220027
3315,0.5236708248,-0.5984952458,-0.0748244210
3316,0.5111343030,-0.5859609580,-0.0748266550
3317,0.4991062584,-0.5739349799,-0.0748287215
3318,0.4875572979,-0.5623879335,-0.0748306355
3319,0.4764601986,-0.5512926092,-0.0748324106
3320,0.4657897158,-0.5406237745,-0.0748340587
3321,0.4555224100,-0.5303580009,-0.0748355908
3322,0.4456364923,-0.5204735091,-0.0748370168
3323,0.4361116839,-0.5109500293,-0.0748383454
3324,0.4269290906,-0.5017686753,-0.0748395847
3325,0.4180710888,-0.4929118307,-0.0748407419
3326,0.4095212223,-0.4843630458,-0.0748418236
3327,0.4012641089,-0.4761069445,-0.0748428356
3328,0.3932853562,-0.4681291397,-0.0748437835
3329,0.3855714841,-0.4604161561,-0.0748446721
3330,0.3781098550,-0.4529553609,-0.0748455059
3331,0.3708886105,-0.4457348995,-0.0748462890
3332,0.3638966125,-0.4387436376,-0.0748470251
3333,0.3571233907,-0.4319711084,-0.0748477177
3334,0.3505590940,-0.4254074638,-0.0748483699
3335,0.3441944457,-0.4190434301,-0.0748489844
3336,0.3380207034,-0.4128702674,-0.0748495641
3337,0.3320296211,-0.4068797322,-0.0748501111
3338,0.3262134154,-0.4010640433,-0.0748506279
3339,0.3205647334,-0.3954158498,-0.0748511164
3340,0.3150766245,-0.3899282030,-0.0748515785
3341,0.3097425128,-0.3845945287,-0.0748520159
3342,0.3045561729,-0.3794086033,-0.0748524303
3343,0.2995117074,-0.3743645305,-0.0748528231
3344,0.2946035251,-0.3694567207,-0.0748531957
3345,0.2898263223,-0.3646798716,-0.0748535493
3346,0.2851750646,-0.3600289498,-0.0748538852
3347,0.2806449700,-0.3554991743,-0.0748542044
3348,0.2762314935,-0.3510859904,-0.0748544969
3349,0.2719303130,-0.3467850986,-0.0748547857
3350,0.2677373156,-0.3425923762,-0.0748550606
3351,0.2636485856,-0.3385039081,-0.0748553225
3352,0.2596603927,-0.3345159648,-0.0748555721
3353,0.2557691811,-0.3306249911,-0.0748558101
3354,0.2519715598,-0.3268275969,-0.0748560371
3355,0.2482642934,-0.3231205472,-0.0748562539
3356,0.2446442927,-0.3195007536,-0.0748564609
3357,0.2411086074,-0.3159652661,-0.0748566587
3358,0.2376544179,-0.3125112656,-0.0748568477
3359,0.2342790283,-0.3091360569,-0.0748570286
3360,0.2309798601,-0.3058370618,-0.0748572017
3361,0.2277544455,-0.3026118128,-0.0748573673
3362,0.2246004216,-0.2994579475,-0.0748575260
3363,0.2215155252,-0.2963732032,-0.0748576780
3364,0.2184975877,-0.2933554114,-0.0748578237
3365,0.2155445297,-0.2904024931,-0.0748579635
3366,0.2126543570,-0.2875124545,-0.0748580975
3367,0.2098251562,-0.2846833824,-0.0748582262
3368,0.2070550906,-0.2819134403,-0.0748583498
3369,0.2043423964,-0.2792008649,-0.0748584684
3370,0.2016853795,-0.2765439619,-0.0748585825
3371,0.1990824113,-0.2739411034,-0.0748586921
3372,0.1965319267,-0.2713907242,-0.0748587974
3373,0.1940324201,-0.2688913189,-0.0748588988
3374,0.1915824431,-0.2664414394,-0.0748589964
3375,0.1891806017,-0.2640396920,-0.0748590903
3376,0.1868255538,-0.2616847345,-0.0748591807
3377,0.1845160070,-0.2593752748,-0.0748592678
3378,0.1822507160,-0.2571100678,-0.0748593518
3379,0.1800284807,-0.2548879133,-0.0748594327
3380,0.1778481441,-0.2527076548,-0.0748595107
3381,0.1757085907,-0.2505681766,-0.0748595859
3382,0.1736087440,-0.2484684025,-0.0748596585
3383,0.1715475656,-0.2464072942,-0.0748597286
3384,0.1695240530,-0.2443838492,-0.0748597962
3385,0.1675372383,-0.2423970999,-0.0748598615
3386,0.1655861868,-0.2404461114,-0.0748599246
3387,0.1636699952,-0.2385299807,-0.0748599856
3388,0.1617877908,-0.2366478352,-0.0748600445
3389,0.1599387300,-0.2347988314,-0.0748601014
3390,0.1581219971,-0.2329821536,-0.0748601565
3391,0.1563368032,-0.2311970130,-0.0748602098
3392,0.1545823851,-0.2294426464,-0.0748602613
3393,0.1528580043,-0.2277183154,-0.0748603112
3394,0.1511629459,-0.2260233053,-0.0748603594
3395,0.1494965178,-0.2243569240,-0.0748604062
3396,0.1478580499,-0.2227185013,-0.0748604515
3397,0.1462468930,-0.2211073883,-0.0748604953
3398,0.1446624181,-0.2195229559,-0.0748605378
3399,0.1431040158,-0.2179645948,-0.0748605790
3400,0.1415710952,-0.2164317141,-0.0748606189
3401,0.1400630834,-0.2149237411,-0.0748606576
3402,0.1385794252,-0.2134401203,-0.0748606951
3403,0.1371195815,-0.2119803131,-0.0748607316
3404,0.1356830298,-0.2105437967,-0.0748607669
3405,0.1342692627,-0.2091300529,-0.0748607902
3406,0.1328777880,-0.2077386114,-0.0748608235
3407,0.1315081276,-0.2063689834,-0.0748608558
3408,0.1301598177,-0.2050207048,-0.0748608871
3409,0.1288324073,-0.2036933249,-0.0748609176
3410,0.1275254588,-0.2023864060,-0.0748609472
3411,0.1262385469,-0.2010995228,-0.0748609759
3412,0.1249712582,-0.1998322620,-0.0748610039
3413,0.1237231910,-0.1985842220,-0.0748610310
3414,0.1224939548,-0.1973550122,-0.0748610574
3415,0.1212831699,-0.1961442530,-0.0748610831
3416,0.1200904673,-0.1949515753,-0.0748611080
3417,0.1189154876,-0.1937766200,-0.0748611323
3418,0.1177578818,-0.1926190377,-0.0748611559
3419,0.1166173097,-0.1914784886,-0.0748611789
3420,0.1154934408,-0.1903546421,-0.0748612013
3421,0.1143859532,-0.1892471762,-0.0748612230
3422,0.1132945334,-0.1881557776,-0.0748612442
3423,0.1122188765,-0.1870801413,-0.0748612648
3424,0.1111586854,-0.1860199703,-0.0748612849
3425,0.1101136708,-0.1849749752,-0.0748613045
3426,0.1090835509,-0.1839448744,-0.0748613235
3427,0.1080680512,-0.1829293933,-0.0748613421
3428,0.1070669044,-0.1819282646,-0.0748613602
3429,0.1060798498,-0.1809412275,-0.0748613778
3430,0.1051066333,-0.1799680283,-0.0748613950
3431,0.1041470075,-0.1790084192,-0.0748614117
3432,0.1032007310,-0.1780621590,-0.0748614280
3433,0.1022675686,-0.1771290125,-0.0748614439
3434,0.1013472906,-0.1762087501,-0.0748614594
3435,0.1004396735,-0.1753011481,-0.0748614745
3436,0.0995444990,-0.1744059883,-0.0748614893
3437,0.0986615542,-0.1735230579,-0.0748615037
3438,0.0977906313,-0.1726521490,-0.0748615177
3439,0.0969315278,-0.1717930592,-0.0748615314
3440,0.0960840459,-0.1709455907,-0.0748615448
3441,0.0952479926,-0.1701095505,-0.0748615578
3442,0.0944231797,-0.1692847612,-0.0748615815
3443,0.0936094231,-0.1684710171,-0.0748615940
3444,0.0928065435,-0.1676681496,-0.0748616061
3445,0.0920143655,-0.1668759835,-0.0748616179
3446,0.0912327182,-0.1660943477,-0.0748616295
3447,0.0904614344,-0.1653230752,-0.0748616408
3448,0.0897003508,-0.1645620027,-0.0748616518
3449,0.0889493082,-0.1638109709,-0.0748616626
3450,0.0882081509,-0.1630698240,-0.0748616731
3451,0.0874767267,-0.1623384101,-0.0748616834
3452,0.0867548871,-0.1616165806,-0.0748616935
3453,0.0860424869,-0.1609041902,-0.0748617033
3454,0.0853393843,-0.1602010972,-0.0748617129
3455,0.0846454407,-0.1595071629,-0.0748617222
3456,0.0839605206,-0.1588222519,-0.0748617314
3457,0.0832844915,-0.1581462319,-0.0748617403
3458,0.0826172242,-0.1574789733,-0.0748617491
3459,0.0819585922,-0.1568203498,-0.0748617576
3460,0.0813084717,-0.1561702377,-0.0748617660
3461,0.0806667421,-0.1555285162,-0.0748617742
3462,0.0800332850,-0.1548950671,-0.0748617821
3463,0.0794079849,-0.1542697749,-0.0748617900
3464,0.0787907290,-0.1536525266,-0.0748617976
3465,0.0781814068,-0.1530432119,-0.0748618051
3466,0.0775799103,-0.1524417227,-0.0748618124
3467,0.0769861339,-0.1518479534,-0.0748618195
3468,0.0763999744,-0.1512618118,-0.0748618375
3469,0.0758213307,-0.1506831750,-0.0748618443
3470,0.0752501041,-0.1501119550,-0.0748618510
3471,0.0746861980,-0.1495480555,-0.0748618575
3472,0.0741295180,-0.1489913819,-0.0748618639
3473,0.0735799717,-0.1484418418,-0.0748618701
3474,0.0730374687,-0.1478993450,-0.0748618762
3475,0.0725019208,-0.1473638030,-0.0748618822
3476,0.0719732413,-0.1468351294,-0.0748618881
3477,0.0714513459,-0.1463132397,-0.0748618938
3478,0.0709361519,-0.1457980513,-0.0748618994
3479,0.0704275783,-0.1452894832,-0.0748619049
3480,0.0699255462,-0.1447874564,-0.0748619102
3481,0.0694299781,-0.1442918936,-0.0748619154
3482,0.0689407985,-0.1438027191,-0.0748619206
3483,0.0684579334,-0.1433198590,-0.0748619256
3484,0.0679813104,-0.1428432409,-0.0748619305
3485,0.0675108588,-0.1423727941,-0.0748619353
3486,0.0670465094,-0.1419084494,-0.0748619399
3487,0.0665881947,-0.1414501392,-0.0748619445
3488,0.0661358484,-0.1409977974,-0.0748619490
3489,0.0656894059,-0.1405513593,-0.0748619534
3490,0.0652488041,-0.1401107618,-0.0748619577
3491,0.0648139811,-0.1396759429,-0.0748619619
3492,0.0643848765,-0.1392468425,-0.0748619660
3493,0.0639614314,-0.1388234014,-0.0748619700
3494,0.0635435880,-0.1384055619,-0.0748619739
3495,0.0631312900,-0.1379932677,-0.0748619777
3496,0.0627244824,-0.1375864638,-0.0748619814
3497,0.0623231112,-0.1371850963,-0.0748619851
3498,0.0619271241,-0.1367891127,-0.0748619887
3499,0.0615364696,-0.1363984617,-0.0748619921
3500,0.0611510977,-0.1360130932,-0.0748619955
3501,0.0607709594,-0.1356329583,-0.0748619989
3502,0.0603960071,-0.1352580092,-0.0748620021
3503,0.0600261940,-0.1348881993,-0.0748620053
3504,0.0596614748,-0.1345234832,-0.0748620084
3505,0.0593018050,-0.1341638164,-0.0748620114
3506,0.0589471415,-0.1338091558,-0.0748620143
3507,0.0585974420,-0.1334594592,-0.0748620172
3508,0.0582526655,-0.1331146855,-0.0748620200
3509,0.0579127718,-0.1327747945,-0.0748620227
3510,0.0575777220,-0.1324397474,-0.0748620254
3511,0.0572474780,-0.1321095060,-0.0748620280
3512,0.0569220029,-0.1317840334,-0.0748620305
3513,0.0566012607,-0.1314632937,-0.0748620330
3514,0.0562852163,-0.1311472517,-0.0748620354
3515,0.0559738357,-0.1308358734,-0.0748620377
3516,0.0556670859,-0.1305291259,-0.0748620400
3517,0.0553649346,-0.1302269768,-0.0748620422
3518,0.0550673508,-0.1299293951,-0.0748620443
3519,0.0547743040,-0.1296363504,-0.0748620464
3520,0.0544857650,-0.1293478134,-0.0748620484
3521,0.0542017054,-0.1290637557,-0.0748620504
3522,0.0539220975,-0.1287841498,-0.0748620523
3523,0.0536469148,-0.1285089689,-0.0748620541
3524,0.0533761314,-0.1282381873,-0.0748620559
3525,0.0531097225,-0.1279717801,-0.0748620576
3526,0.0528476640,-0.1277097233,-0.0748620592
3527,0.0525899329,-0.1274519937,-0.0748620608
3528,0.0523365067,-0.1271985691,-0.0748620624
3529,0.0520873641,-0.1269494280,-0.0748620639
3530,0.0518424844,-0.1267045497,-0.0748620653
3531,0.0516018479,-0.1264639146,-0.0748620667
3532,0.0513654356,-0.1262275036,-0.0748620680
3533,0.0511332294,-0.1259952987,-0.0748620693
3534,0.0509052122,-0.1257672827,-0.0748620705
3535,0.0506813674,-0.1255434390,-0.0748620716
3536,0.0504616793,-0.1253237521,-0.0748620727
3537,0.0502461333,-0.1251082071,-0.0748620738
3538,0.0500347154,-0.1248967901,-0.0748620748
3539,0.0498274122,-0.1246894879,-0.0748620757
3540,0.0496242116,-0.1244862882,-0.0748620766
3541,0.0494251020,-0.1242871794,-0.0748620774
3542,0.0492300726,-0.1240921508,-0.0748620782
3543,0.0490391135,-0.1239011924,-0.0748620789
3544,0.0488522157,-0.1237142952,-0.0748620796
3545,0.0486693708,-0.1235314509,-0.0748620802
3546,0.0484905713,-0.1233526520,-0.0748620807
3547,0.0483158107,-0.1231778919,-0.0748620812
3548,0.0481450830,-0.1230071647,-0.0748620817
3549,0.0479783833,-0.1228404654,-0.0748620821
3550,0.0478157074,-0.1226777898,-0.0748620824
3551,0.0476570518,-0.1225191345,-0.0748620827
3552,0.0475024142,-0.1223644971,-0.0748620829
3553,0.0473517927,-0.1222138758,-0.0748620831
3554,0.0472051865,-0.1220672697,-0.0748620832
3555,0.0470625956,-0.1219246789,-0.0748620832
3556,0.0469240209,-0.1217861041,-0.0748620832
3557,0.0467894639,-0.1216515471,-0.0748620832
3558,0.0466589274,-0.1215210104,-0.0748620831
3559,0.0465324146,-0.1213944975,-0.0748620829
3560,0.0464099299,-0.1212720126,-0.0748620827
3561,0.0462914785,-0.1211535609,-0.0748620824
3562,0.0461770665,-0.1210391485,-0.0748620820
3563,0.0460667008,-0.1209287824,-0.0748620816
3564,0.0459603894,-0.1208224705,-0.0748620811
3565,0.0458581410,-0.1207202216,-0.0748620806
3566,0.0457599653,-0.1206220454,-0.0748620800
3567,0.0456658732,-0.1205279526,-0.0748620794
3568,0.0455758762,-0.1204379548,-0.0748620786
3569,0.0454899870,-0.1203520648,-0.0748620778
3570,0.0454082191,-0.1202702960,-0.0748620770
3571,0.0453305871,-0.1201926631,-0.0748620761
3572,0.0452571067,-0.1201191817,-0.0748620751
3573,0.0451877944,-0.1200498684,-0.0748620740
3574,0.0451226679,-0.1199847408,-0.0748620729
3575,0.0450617461,-0.1199238177,-0.0748620717
3576,0.0450050485,-0.1198671189,-0.0748620704
3577,0.0449525962,-0.1198146653,-0.0748620691
3578,0.0449044112,-0.1197664788,-0.0748620676
3579,0.0448605165,-0.1197225826,-0.0748620661
3580,0.0448209365,-0.1196830011,-0.0748620646
3581,0.0447856966,-0.1196477595,-0.0748620629
3582,0.0447548234,-0.1196168846,-0.0748620612
3583,0.0447283449,-0.1195904043,-0.0748620593
3584,0.0447062902,-0.1195683476,-0.0748620574
3585,0.0446886895,-0.1195507449,-0.0748620554
3586,0.0446755746,-0.1195376280,-0.0748620534
3587,0.0446669785,-0.1195290297,-0.0748620512
3588,0.0446629355,-0.1195249845,-0.0748620489
3589,0.0446634813,-0.1195255279,-0.0748620466
3590,0.0446686531,-0.1195306973,-0.0748620441
3591,0.0446784894,-0.1195405310,-0.0748620416
3592,0.0446930302,-0.1195550692,-0.0748620389
3593,0.0447123171,-0.1195743533,-0.0748620362
3594,0.0447363932,-0.1195984265,-0.0748620333
3595,0.0447653031,-0.1196273335,-0.0748620304
3596,0.0447990931,-0.1196611204,-0.0748620273
3597,0.0448378112,-0.1196998353,-0.0748620241
3598,0.0448815069,-0.1197435277,-0.0748620208
3599,0.0449302318,-0.1197922491,-0.0748620174
3600,0.0449840388,-0.1198460527,-0.0748620138
3601,0.0450429831,-0.1199049933,-0.0748620101
3602,0.0451071216,-0.1199691279,-0.0748620063
3603,0.0451765130,-0.1200385154,-0.0748620024
3604,0.0452512181,-0.1201132165,-0.0748619983
3605,0.0453312999,-0.1201932940,-0.0748619941
3606,0.0454168231,-0.1202788129,-0.0748619898
3607,0.0455078550,-0.1203698403,-0.0748619853
3608,0.0456044648,-0.1204664454,-0.0748619806
3609,0.0457067242,-0.1205687000,-0.0748619758
3610,0.0458147070,-0.1206766778,-0.0748619708
3611,0.0459284896,-0.1207904552,-0.0748619657
3612,0.0460481508,-0.1209101112,-0.0748619603
3613,0.0461737721,-0.1210357269,-0.0748619548
3614,0.0463054374,-0.1211673866,-0.0748619492
3615,0.0464432336,-0.1213051768,-0.0748619433
3616,0.0465872500,-0.1214491873,-0.0748619372
3617,0.0467375793,-0.1215995103,-0.0748619310
3618,0.0468943168,-0.1217562413,-0.0748619245
3619,0.0470575609,-0.1219194788,-0.0748619178
3620,0.0472274134,-0.1220893244,-0.0748619109
3621,0.0474039792,-0.1222658830,-0.0748619038
3622,0.0475873666,-0.1224492630,-0.0748618964
3623,0.0477776874,-0.1226395762,-0.0748618888
3624,0.0479750570,-0.1228369379,-0.0748618809
3625,0.0481795946,-0.1230414674,-0.0748618728
3626,0.0483914231,-0.1232532875,-0.0748618644
3627,0.0486106695,-0.1234725252,-0.0748618557
3628,0.0488374649,-0.1236993117,-0.0748618468
3629,0.0490719448,-0.1239337823,-0.0748618375
3630,0.0493142488,-0.1241760768,-0.0748618279
3631,0.0495645214,-0.1244263394,-0.0748618181
3632,0.0498229115,-0.1246847194,-0.0748618078
3633,0.0500895733,-0.1249513705,-0.0748617973
3634,0.0503646657,-0.1252264520,-0.0748617863
3635,0.0506483531,-0.1255101281,-0.0748617750
3636,0.0509408052,-0.1258025685,-0.0748617634
3637,0.0512421975,-0.1261039488,-0.0748617513
3638,0.0515527113,-0.1264144501,-0.0748617388
3639,0.0518725340,-0.1267342599,-0.0748617259
3640,0.0522018594,-0.1270635718,-0.0748617125
3641,0.0525408876,-0.1274025862,-0.0748616986
3642,0.0528898258,-0.1277515102,-0.0748616843
3643,0.0532488883,-0.1281105578,-0.0748616695
3644,0.0536182964,-0.1284799506,-0.0748616542
3645,0.0539982795,-0.1288599178,-0.0748616383
3646,0.0543890747,-0.1292506965,-0.0748616218
3647,0.0547909273,-0.1296525321,-0.0748616048
3648,0.0552040915,-0.1300656787,-0.0748615872
3649,0.0556288303,-0.1304903991,-0.0748615689
3650,0.0560654159,-0.1309269658,-0.0748615499
3651,0.0565141304,-0.1313756606,-0.0748615303
3652,0.0569752660,-0.1318367759,-0.0748615099
3653,0.0574491254,-0.1323106142,-0.0748614888
3654,0.0579360223,-0.1327974892,-0.0748614669
3655,0.0584362820,-0.1332977262,-0.0748614442
3656,0.0589502416,-0.1338116622,-0.0748614206
3657,0.0594782508,-0.1343396470,-0.0748613961
3658,0.0600206723,-0.1348820431,-0.0748613707
3659,0.0605778825,-0.1354392268,-0.0748613443
3660,0.0611502718,-0.1360115887,-0.0748613169
3661,0.0617382458,-0.1365995343,-0.0748612885
3662,0.0623422254,-0.1372034843,-0.0748612589
3663,0.0629626479,-0.1378238760,-0.0748612281
3664,0.0635999676,-0.1384611637,-0.0748611961
3665,0.0642546565,-0.1391158194,-0.0748611629
3666,0.0649272054,-0.1397883337,-0.0748611283
3667,0.0656181246,-0.1404792169,-0.0748610923
3668,0.0663279449,-0.1411889997,-0.0748610548
3669,0.0670572185,-0.1419182342,-0.0748610157
3670,0.0678065202,-0.1426674952,-0.0748609751
3671,0.0685764482,-0.1434373809,-0.0748609327
3672,0.0693676260,-0.1442285145,-0.0748608885
3673,0.0701807026,-0.1450415450,-0.0748608424
3674,0.0710163546,-0.1458771490,-0.0748607944
3675,0.0718752876,-0.1467360318,-0.0748607443
3676,0.0727582370,-0.1476189290,-0.0748606919
3677,0.0736659704,-0.1485266077,-0.0748606373
3678,0.0745992887,-0.1494598690,-0.0748605802
3679,0.0755590283,-0.1504195489,-0.0748605206
3680,0.0765460624,-0.1514065206,-0.0748604582
3681,0.0775613037,-0.1524216967,-0.0748603930
3682,0.0786057062,-0.1534660310,-0.0748603248
3683,0.0796802674,-0.1545405209,-0.0748602534
3684,0.0807860310,-0.1556462096,-0.0748601787
3685,0.0819240891,-0.1567841895,-0.0748601003
3686,0.0830955855,-0.1579556038,-0.0748600182
3687,0.0843017181,-0.1591616503,-0.0748599322
3688,0.0855437426,-0.1604035845,-0.0748598419
3689,0.0868229753,-0.1616827224,-0.0748597471
3690,0.0881407972,-0.1630004448,-0.0748596476
3691,0.0894986576,-0.1643582007,-0.0748595431
3692,0.0908980785,-0.1657575118,-0.0748594333
3693,0.0923406587,-0.1671999764,-0.0748593177
3694,0.0938280787,-0.1686872749,-0.0748591962
3695,0.0953621060,-0.1702211742,-0.0748590682
3696,0.0969446004,-0.1718035339,-0.0748589335
3697,0.0985775200,-0.1734363114,-0.0748587914
3698,0.1002629275,-0.1751215691,-0.0748586416
3699,0.1020029971,-0.1768614807,-0.0748584836
3700,0.1038000220,-0.1786583388,-0.0748583167
3701,0.1056564222,-0.1805145627,-0.0748581405
3702,0.1075747531,-0.1824327072,-0.0748579541
3703,0.1095577150,-0.1844154720,-0.0748577570
3704,0.1116081630,-0.1864657114,-0.0748575484
3705,0.1137291181,-0.1885864455,-0.0748573274
3706,0.1159237787,-0.1907808719,-0.0748570932
3707,0.1181955337,-0.1930523785,-0.0748568448
3708,0.1205479763,-0.1954045574,-0.0748565811
3709,0.1229849193,-0.1978412202,-0.0748563010
3710,0.1255104110,-0.2003664142,-0.0748560032
3711,0.1281287540,-0.2029844404,-0.0748556863
3712,0.1308445241,-0.2056998731,-0.0748553490
3713,0.1336625917,-0.2085175812,-0.0748549895
3714,0.1365881456,-0.2114427516,-0.0748546060
3715,0.1396267177,-0.2144809144,-0.0748541967
3716,0.1427842118,-0.2176379712,-0.0748537593
3717,0.1460669338,-0.2209202255,-0.0748532916
3718,0.1494816254,-0.2243344163,-0.0748527909
3719,0.1530355010,-0.2278877555,-0.0748522545
3720,0.1567362888,-0.2315879678,-0.0748516790
3721,0.1605922753,-0.2354433365,-0.0748510612
3722,0.1646123551,-0.2394627523,-0.0748503972
3723,0.1688060857,-0.2436557684,-0.0748496827
3724,0.1731837481,-0.2480326611,-0.0748489131
3725,0.1777564139,-0.2526044969,-0.0748480831
3726,0.1825360202,-0.2573832071,-0.0748471869
3727,0.1875354525,-0.2623816707,-0.0748462182
3728,0.1927686372,-0.2676138069,-0.0748451696
3729,0.1982506447,-0.2730946779,-0.0748440333
3730,0.2039978045,-0.2788406045,-0.0748428001
3731,0.2100278345,-0.2848692944,-0.0748414600
3732,0.2163599854,-0.2911999870,-0.0748400016
3733,0.2230152032,-0.2978536155,-0.0748384123
3734,0.2300163121,-0.3048529898,-0.0748366777
3735,0.2373882202,-0.3122230017,-0.0748347815
3736,0.2451581527,-0.3199908582,-0.0748327055
3737,0.2533559147,-0.3281863436,-0.0748304288
3738,0.2620141903,-0.3368421183,-0.0748279279
3739,0.2711688814,-0.3459940573,-0.0748251759
3740,0.2808594937,-0.3556816360,-0.0748221423
3741,0.2911295772,-0.3659483693,-0.0748187920
3742,0.3020272296,-0.3768423148,-0.0748150852
3743,0.3136056719,-0.3884166479,-0.0748109760
3744,0.3259239099,-0.4007303216,-0.0748064117
3745,0.3390474941,-0.4138488258,-0.0748013317
3746,0.3530493947,-0.4278450611,-0.0747956664
3747,0.3680110116,-0.4428003467,-0.0747893351
3748,0.3840233408,-0.4588055856,-0.0747822448
3749,0.4011883242,-0.4759626121,-0.0747742879
3750,0.4196204135,-0.4943857535,-0.0747653400
3751,0.4394483820,-0.5142036392,-0.0747552571
3752,0.4608174257,-0.5355612987,-0.0747438731
3753,0.4838915959,-0.5586225921,-0.0747309962
3754,0.5088566137,-0.5835730202,-0.0747164066
3755,0.5359231126,-0.6106229660,-0.0746998534
3756,0.5653303570,-0.6400114103,-0.0746810534
3757,0.5973504676,-0.6720101594,-0.0746596919
3758,0.6322931603,-0.7069285882,-0.0746354279
3759,0.6705109476,-0.7451188548,-0.0746079072
3760,0.7124046484,-0.7869814379,-0.0745767895
3761,0.7584288719,-0.8329706711,-0.0745417991
3762,0.8090968172,-0.8835996349,-0.0745028177
3763,0.8649831789,-0.9394432248,-0.0744600459
3764,0.9267229969,-1.0011372832,-0.0744142862
3765,0.9950026574,-1.0693700870,-0.0743674296
3766,1.0705364647,-1.1448597560,-0.0743232913
3767,1.1540174359,-1.2283064794,-0.0742890434
3768,1.2460228555,-1.3203005151,-0.0742776596
3769,1.3468414031,-1.4211534645,-0.0743120614
3770,1.4561658839,-1.5305979339,-0.0744320500
3771,1.5725590903,-1.6472646443,-0.0747055540
3772,1.6925463098,-1.7677920713,-0.0752457615
3773,1.8091223809,-1.8853560141,-0.0762336332
3774,1.9094296705,-1.9873655524,-0.0779358819
3775,1.9715362424,-2.0522146709,-0.0806784285
3776,1.9611101879,-2.0457706895,-0.0846605016
3777,1.8314114221,-1.9207867472,-0.0893753251
3778,1.5355382150,-1.6280103751,-0.0924721602
3779,1.0649032851,-1.1539858236,-0.0890825385
3780,0.5128598170,-0.5884308911,-0.0755710740
3781,0.0998561543,-0.1591338081,-0.0592776539
3782,0.0537551732,-0.1108903116,-0.0571351383
3783,0.4029775414,-0.4747257089,-0.0717481674
3784,0.9469718181,-1.0339850841,-0.0870132660
3785,1.4476530922,-1.5401403725,-0.0924872803
3786,1.7828628413,-1.8731733619,-0.0903105206
3787,1.9448596819,-2.0305167675,-0.0856570856
3788,1.9766737340,-2.0581056698,-0.0814319359
3789,1.9267910877,-2.0052187624,-0.0784276747
3790,1.8324504789,-1.9089796280,-0.0765291491
3791,1.7180075573,-1.7934204995,-0.0754129422
3792,1.5979762997,-1.6727706725,-0.0747943728
3793,1.4803938730,-1.5548688140,-0.0744749410
3794,1.3693444683,-1.4436733388,-0.0743288705
3795,1.2666111043,-1.3408912573,-0.0742801529
3796,1.1726891230,-1.2469731829,-0.0742840599
3797,1.0873861814,-1.1617009230,-0.0743147416
3798,1.0101690037,-1.0845265115,-0.0743575078
3799,0.9403594649,-1.0147636538,-0.0744041889
3800,0.8772425111,-0.9516929056,-0.0744503945
3801,0.8201230997,-0.8946170051,-0.0744939054
3802,0.7683540058,-0.8428877410,-0.0745337352
3803,0.7213472472,-0.7959168299,-0.0745695827
3804,0.6785765311,-0.7531780458,-0.0746015147
3805,0.6395749967,-0.7142047790,-0.0746297823
3806,0.6039306957,-0.6785854132,-0.0746547176
3807,0.5712811863,-0.6459578607,-0.0746766744
3808,0.5413079918,-0.6160039901,-0.0746959983
3809,0.5137313153,-0.5884443254,-0.0747130101
3810,0.4883051942,-0.5630331943,-0.0747280001
3811,0.4648131632,-0.5395543893,-0.0747412261
3812,0.4430644290,-0.5178173433,-0.0747529143
3813,0.4228905285,-0.4976537908,-0.0747632623
3814,0.4041424262,-0.4789148677,-0.0747724415
3815,0.3866880037,-0.4614686042,-0.0747806005
3816,0.3704098912,-0.4451977587,-0.0747878675
3817,0.3552035963,-0.4299979500,-0.0747943537
3818,0.3409758902,-0.4157760452,-0.0748001550
3819,0.3276434149,-0.4024487694,-0.0748053545
3820,0.3151314790,-0.3899415032,-0.0748100242
3821,0.3033730163,-0.3781872427,-0.0748142265
3822,0.2923076834,-0.3671256990,-0.0748180156
3823,0.2818810768,-0.3567025156,-0.0748214388
3824,0.2720440510,-0.3468685882,-0.0748245372
3825,0.2627521258,-0.3375794726,-0.0748273469
3826,0.2539649679,-0.3287948671,-0.0748298992
3827,0.2456459383,-0.3204781600,-0.0748322217
3828,0.2377616944,-0.3125960333,-0.0748343388
3829,0.2302818422,-0.3051181140,-0.0748362718
3830,0.2231786290,-0.2980166685,-0.0748380395
3831,0.2164266729,-0.2912663314,-0.0748396585
3832,0.2100027239,-0.2848438675,-0.0748411436
3833,0.2038854527,-0.2787279606,-0.0748425079
3834,0.1980552627,-0.2728990256,-0.0748437629
3835,0.1924941237,-0.2673390427,-0.0748449190
3836,0.1871854236,-0.2620314090,-0.0748459854
3837,0.1821138362,-0.2569608065,-0.0748469703
3838,0.1772652030,-0.2521130841,-0.0748478812
3839,0.1726264278,-0.2474751523,-0.0748487245
3840,0.1681853820,-0.2430348883,-0.0748495064
3841,0.1639308195,-0.2387810515,-0.0748502319
3842,0.1598523007,-0.2347032068,-0.0748509061
3843,0.1559401231,-0.2307916562,-0.0748515332
3844,0.1521852599,-0.2270373770,-0.0748521170
3845,0.1485793039,-0.2234319651,-0.0748526612
3846,0.1451144165,-0.2199675854,-0.0748531690
3847,0.1417832821,-0.2166369253,-0.0748536432
3848,0.1385790666,-0.2134331530,-0.0748540864
3849,0.1354953794,-0.2103498806,-0.0748545012
3850,0.1325262393,-0.2073811289,-0.0748548896
3851,0.1296660429,-0.2045212966,-0.0748552537
3852,0.1269095364,-0.2017651317,-0.0748555952
3853,0.1242517895,-0.1991077054,-0.0748559159
3854,0.1216881714,-0.1965443887,-0.0748562172
3855,0.1192143296,-0.1940708302,-0.0748565006
3856,0.1168261692,-0.1916829365,-0.0748567673
3857,0.1145198354,-0.1893768539,-0.0748570184
3858,0.1122916963,-0.1871489515,-0.0748572551
3859,0.1101383276,-0.1849958060,-0.0748574784
3860,0.1080564983,-0.1829141874,-0.0748576891
3861,0.1060431581,-0.1809010461,-0.0748578881
3862,0.1040954247,-0.1789535008,-0.0748580761
3863,0.1022105733,-0.1770688273,-0.0748582540
3864,0.1003860262,-0.1752444484,-0.0748584223
3865,0.0986193431,-0.1734779247,-0.0748585816
3866,0.0969082126,-0.1717669451,-0.0748587325
3867,0.0952504440,-0.1701093197,-0.0748588756
3868,0.0936439599,-0.1685029713,-0.0748590113
3869,0.0920867891,-0.1669459292,-0.0748591401
3870,0.0905770600,-0.1654363224,-0.0748592624
3871,0.0891129950,-0.1639723736,-0.0748593786
3872,0.0876929047,-0.1625523936,-0.0748594890
3873,0.0863151824,-0.1611747763,-0.0748595940
3874,0.0849782999,-0.1598379937,-0.0748596939
3875,0.0836808024,-0.1585405913,-0.0748597889
3876,0.0824213047,-0.1572811842,-0.0748598795
3877,0.0811984871,-0.1560584528,-0.0748599657
3878,0.0800110916,-0.1548711396,-0.0748600479
3879,0.0788579190,-0.1537180453,-0.0748601263
3880,0.0777378249,-0.1525980260,-0.0748602011
3881,0.0766497175,-0.1515099899,-0.0748602724
3882,0.0755925542,-0.1504528948,-0.0748603405
3883,0.0745653395,-0.1494257450,-0.0748604056
3884,0.0735671219,-0.1484275896,-0.0748604677
3885,0.0725969922,-0.1474575193,-0.0748605271
3886,0.0716540811,-0.1465146650,-0.0748605839
3887,0.0707375571,-0.1455981952,-0.0748606381
3888,0.0698466245,-0.1447073145,-0.0748606901
3889,0.0689805219,-0.1438412617,-0.0748607398
3890,0.0681385205,-0.1429993078,-0.0748607873
3891,0.0673199220,-0.1421807548,-0.0748608328
3892,0.0665240577,-0.1413849342,-0.0748608765
3893,0.0657502869,-0.1406112051,-0.0748609182
3894,0.0649979954,-0.1398589536,-0.0748609583
3895,0.0642665944,-0.1391275910,-0.0748609966
3896,0.0635555194,-0.1384165528,-0.0748610334
3897,0.0628642289,-0.1377252975,-0.0748610686
3898,0.0621922034,-0.1370533058,-0.0748611024
3899,0.0615389444,-0.1364000792,-0.0748611349
3900,0.0609039736,-0.1357651396,-0.0748611660
3901,0.0602868320,-0.1351480278,-0.0748611958
3902,0.0596870786,-0.1345483031,-0.0748612244
3903,0.0591042903,-0.1339655423,-0.0748612519
3904,0.0585380608,-0.1333993391,-0.0748612783
3905,0.0579879996,-0.1328493032,-0.0748613036
3906,0.0574537320,-0.1323150599,-0.0748613279
3907,0.0569348978,-0.1317962491,-0.0748613513
3908,0.0564311513,-0.1312925249,-0.0748613737
3909,0.0559421600,-0.1308035552,-0.0748613952
3910,0.0554676049,-0.1303290207,-0.0748614158
3911,0.0550071791,-0.1298686148,-0.0748614356
3912,0.0545605883,-0.1294220429,-0.0748614546
3913,0.0541275493,-0.1289890222,-0.0748614729
3914,0.0537077902,-0.1285692807,-0.0748614904
3915,0.0533010501,-0.1281625573,-0.0748615072
3916,0.0529070781,-0.1277686015,-0.0748615234
3917,0.0525256335,-0.1273871723,-0.0748615388
3918,0.0521564849,-0.1270180276,-0.0748615427
3919,0.0517994106,-0.1266609675,-0.0748615570
3920,0.0514541975,-0.1263157681,-0.0748615706
3921,0.0511206413,-0.1259822249,-0.0748615837
3922,0.0507985459,-0.1256601421,-0.0748615962
3923,0.0504877235,-0.1253493317,-0.0748616082
3924,0.0501879940,-0.1250496136,-0.0748616197
3925,0.0498991847,-0.1247608153,-0.0748616306
3926,0.0496211304,-0.1244827715,-0.0748616411
3927,0.0493536730,-0.1242153242,-0.0748616512
3928,0.0490966613,-0.1239583220,-0.0748616607
3929,0.0488499506,-0.1237116204,-0.0748616698
3930,0.0486134029,-0.1234750815,-0.0748616785
3931,0.0483868865,-0.1232485733,-0.0748616868
3932,0.0481702756,-0.1230319703,-0.0748616947
3933,0.0479634507,-0.1228251529,-0.0748617022
3934,0.0477662979,-0.1226280072,-0.0748617093
3935,0.0475787091,-0.1224404251,-0.0748617160
3936,0.0474005817,-0.1222623040,-0.0748617223
3937,0.0472318185,-0.1220935468,-0.0748617283
3938,0.0470723275,-0.1219340614,-0.0748617339
3939,0.0469220222,-0.1217837614,-0.0748617392
3940,0.0467808207,-0.1216425648,-0.0748617442
3941,0.0466486465,-0.1215103952,-0.0748617488
3942,0.0465254277,-0.1213871807,-0.0748617531
3943,0.0464110972,-0.1212728543,-0.0748617570
3944,0.0463055929,-0.1211673536,-0.0748617607
3945,0.0462088569,-0.1210706210,-0.0748617640
3946,0.0461208362,-0.1209826033,-0.0748617671
3947,0.0460414821,-0.1209032520,-0.0748617698
3948,0.0459707505,-0.1208325227,-0.0748617722
3949,0.0459086014,-0.1207703758,-0.0748617744
3950,0.0458549995,-0.1207167758,-0.0748617762
3951,0.0458099135,-0.1206716914,-0.0748617778
3952,0.0457733166,-0.1206350957,-0.0748617791
3953,0.0457451859,-0.1206069660,-0.0748617801
3954,0.0457255031,-0.1205872839,-0.0748617808
3955,0.0457142537,-0.1205760349,-0.0748617812
3956,0.0457114275,-0.1205732089,-0.0748617813
3957,0.0457170186,-0.1205787998,-0.0748617812
3958,0.0457310250,-0.1205928058,-0.0748617808
3959,0.0457534489,-0.1206152289,-0.0748617801
3960,0.0457842966,-0.1206460757,-0.0748617791
3961,0.0458235787,-0.1206853565,-0.0748617778
3962,0.0458713097,-0.1207330860,-0.0748617762
3963,0.0459275085,-0.1207892829,-0.0748617744
3964,0.0459921980,-0.1208539703,-0.0748617723
3965,0.0460654054,-0.1209271753,-0.0748617699
3966,0.0461471621,-0.1210089293,-0.0748617671
3967,0.0462375038,-0.1210992679,-0.0748617641
3968,0.0463364705,-0.1211982313,-0.0748617608
3969,0.0464441065,-0.1213058637,-0.0748617572
3970,0.0465604606,-0.1214222139,-0.0748617533
3971,0.0466855860,-0.1215473351,-0.0748617491
3972,0.0468195405,-0.1216812850,-0.0748617445
3973,0.0469623864,-0.1218241261,-0.0748617397
3974,0.0471141907,-0.1219759252,-0.0748617345
3975,0.0472750252,-0.1221367542,-0.0748617290
3976,0.0474449664,-0.1223066895,-0.0748617231
3977,0.0476240959,-0.1224858128,-0.0748617169
3978,0.0478125000,-0.1226742104,-0.0748617103
3979,0.0480102705,-0.1228719740,-0.0748617034
3980,0.0482175042,-0.1230792004,-0.0748616961
3981,0.0484343033,-0.1232959918,-0.0748616885
3982,0.0486607754,-0.1235224559,-0.0748616804
3983,0.0488970339,-0.1237587059,-0.0748616720
3984,0.0491431976,-0.1240048608,-0.0748616631
3985,0.0493993916,-0.1242610455,-0.0748616539
3986,0.0496657468,-0.1245273910,-0.0748616442
3987,0.0499424003,-0.1248040343,-0.0748616340
3988,0.0502294957,-0.1250911191,-0.0748616234
3989,0.0505271832,-0.1253887955,-0.0748616123
3990,0.0508356196,-0.1256972204,-0.0748616008
3991,0.0511549688,-0.1260165576,-0.0748615887
3992,0.0514854020,-0.1263469782,-0.0748615762
3993,0.0518270976,-0.1266886606,-0.0748615631
3994,0.0521802418,-0.1270417912,-0.0748615494
3995,0.0525450287,-0.1274065638,-0.0748615352
3996,0.0529216605,-0.1277831809,-0.0748615204
3997,0.0533103481,-0.1281718531,-0.0748615050
3998,0.0537113110,-0.1285727999,-0.0748614889
3999,0.0541247777,-0.1289862499,-0.0748614722
